Kenmerk,Onderwerp,Toelichting
HRM,Gegevens over ongemaximeerd cumulatief pensioengevend jaarinkomen vinden in AFAS Profit.,"Probleembeschrijving: Voor ASR Loyalis moeten we het ongemaximeerd cumulatief pensioengevend jaarinkomen doorgeven over 2024. Waar haal ik deze gegevens uit AFAS Profit? Aanvullende details: - Kun je aangeven waar je precies tegenaan loopt bij het vinden van het ongemaximeerd cumulatief pensioengevend jaarinkomen in AFAS Profit? - Weet niet waar ik dit in het menu moet vinden in profit. - Kun je toelichten welke stappen je al hebt ondernomen om deze gegevens te vinden? - helpcentre gecheckt, geen meldingen gevonden hierover. - Kun je bevestigen of je toegang hebt tot de relevante module in AFAS Profit waar deze gegevens beschikbaar zouden moeten zijn? - Ja, voldoende toegang HRM deel"
HRM,UPA-aanlevering voor Loyalis toont geen statusveld en geeft foutmelding bij pensioenaangifte.,"Probleembeschrijving: Wij lopen tegen een vreemde situatie aan betreffende de UPA-aanlevering voor Loyalis. De inrichting is gedaan conform instructie en alles staat goed: instantie, instantie bij werkgever, communicatieprofiel, instantie bij medewerkers. Echter lijkt de activering ""Uniforme Pensioenaanlevering) (die wel staat aangevinkt) niet volledig te zijn. Ik leid dit af vanuit het feit dat de weergave van de aangiftecockpit niet het UPA statusveld toont. Er is wel een actieknop pensioenaangifte, maar dan verschijnt de foutmelding (zie details). In de bijlage screenshots van de inrichting en de activering. Hebben jullie dit eerder meegemaakt? Aanvullende details: - Kun je precies aangeven welke foutmelding verschijnt wanneer je de pensioenaangifte probeert te openen? - Kan de pensioenaangifte niet openen. De aangifteregel heeft de status pensioenaangifte 'Niet van toepassing'. De pensioenaangifte bevat geen verschillen ten opzichte van de voorgaande pensioenaangifte in dezelfde periode of de pensioenaangifte is niet (volledig) ingericht. ================================================================ Description.....: [MESSAGE]: Kan de pensioenaangifte niet openen. De aangifteregel heeft de status pensioenaangifte 'Niet van toepassing'. De pensioenaangifte bevat geen verschillen ten opzichte van de voorgaande pensioenaangifte in dezelfde periode of de pensioenaangifte is niet (volledig) ingericht. Type............: Afas.Profit.MessageException HResult.........: -2146233088 (0x80131500) Source..........: AfasHrPayroll TargetSite......: Void StartPension(Afas.Profit.Forms.RowAction, Afas.Profit.Forms.RowActionEventArgs) DeclaringType...: AfasHrPayroll.AfasHrTaxView, AfasHrPayroll ProductVersion..: 209.14008.46994160+20250120132022.R1.2b9474884b32b01917fd249ae82e46994d16aee0 ---------------- Action Id.......: Pensioenaangifte Action Form.....: AfasHrPayroll.AfasHrTaxView Action View.....: (Hr, 93FAFD1C40F615BAC92F53A1839FD23C) ================================================================ at void AfasHrPayroll.AfasHrTaxView.StartPension(RowAction parSender, RowActionEventArgs parEventArgs) in C:/Dev/profit-release/08/src/Human Resource/Projects/AfasHrPayroll/Class Modules/AfasHrTaxView.vb:line 411 at void System.Collections.Generic.List<T>.ForEach(Action<T> action) at void Afas.Profit.Forms.ActionBase.InternalExecute() in C:/Dev/profit-release/08/src/Anta/Projects/Cool Projects/Afas.Profit.Forms/FormDefinitions/ActionBase.cs:line 383 at void Afas.Profit.Forms.ActionBase.ForceExecute() in C:/Dev/profit-release/08/src/Anta/Projects/Cool Projects/Afas.Profit.Forms/FormDefinitions/ActionBase.cs:line 343 ================================================================ Version.........: 2.9.1400.8 EnvironmentId...: O89714AA UserId..........: 88183.dvschaik AppMode.........: 0 Time............: 07-04-2025 15:40:35.454 +02:00 Session.........: AFAS\88183.dvschaik on AFAS\XENAPPP29071$ UnitId..........: 1 MemberId........: 89714 MemberNumber....: 89714 - Kun je bevestigen of de UPA-statusvelden correct zijn geconfigureerd in de aangiftecockpit? - Nee, zie mijn tekst daar gaat het juist om. - Kun je aangeven of er wijzigingen zijn doorgevoerd in de configuratie sinds de laatste succesvolle werking? - Er is geen succesvolle verwerking geweest."
ERP,"[Btw-aangifte | communicatieprofiel] Versturen btw-aangifte via Taartenwinkel.nl mislukt, communicatielog blijft leeg. bericht staat op Communicatie met digipoort, maar moet CIS zijn","Probleembeschrijving: Goedemiddag, Bij Taartenwinkel.nl lukt het niet om de btw-aangifte via het systeem te versturen. Er wordt geen communicatie opgestart. Wanneer ik in het communicatielog kijk, dan blijft dit leeg, ondanks het feit dat alle instellingen aangepast en gecontroleerd zijn voor Taartenwinkel.nl. Taartenwinkel.nl is onlangs overgestapt van hun accountantsomgeving 63263 naar een eigen omgeving op een eigen licentie (33092). Op de ""oude"" omgeving werden de aangiftes correct verstuurd. Zouden jullie wellicht kunnen kijken wat er mis gaat? Voor mij heeft het er alle schijn van dat de verzending nog op de oude omgeving staat of iets dergelijks. Communicatieomgeving = huidige omgeving Communicatieprofiel CIS is gedeblokkeerd met status ""Actief, gekoppeld met AFAS Online Digipoort-service"" Communicatieprofiel OTP is geblokkeerd BTW-identificatienummer administratie is ingevuld Omzetbelastingnummer administratie is ingevuld Aangifte is definitief gemaakt en klaargezet voor verzending Administratie-eigenschappen zijn volledig ingevuld De aangifte in kwestie is aangemaakt, definitief gemaakt en klaargezet voor verzending voordat het digipoort certificaat was aangepast. Ik wilde Taartenwinkel.nl de aangifte laten verwijderen en opnieuw laten genereren om te kijken of het na de aanpassing beter gaat in een nieuwe aangifte, maar dat lukt uiteraard niet omdat de aangifte al definitief is. Alvast bedankt! Hartelijke groet, Isabella van Wely Van Wely Project Solutions Aanvullende details: - Kun je bevestigen of de communicatieomgeving correct is ingesteld voor de nieuwe licentie? - ja - Kun je aangeven of er foutmeldingen verschijnen bij het verzenden van de aangifte? - ja, er zijn geen foutmeldingen, communicatielog geeft code niveau ""I"" - bericht ID, deelnemer en informatie blijven leeg - Kun je controleren of de instellingen voor de Digipoort-service overeenkomen met de nieuwe omgeving? - Digipoort is volgens help instructies ingericht"
ERP,[Blokkade] Knop voor aanmaken BTW-aangifte in administratie 2 reageert niet.,"Probleembeschrijving: In administratie 2 is het aanmaken van een BTW aangifte niet meer mogelijk. De knop reageert niet. Andere administratie werken nog normaal. er zijn geen wijzigingen in de instellingen gedaan, zover bekend, Aanvullende details: - Kun je precies aangeven welke foutmelding of gedrag je ervaart wanneer je op de knop klikt? - geen foutmelding - Sinds wanneer speelt dit probleem in administratie 2? - 7-4-2025 - Hebben er ooit wijzigingen plaatsgevonden in administratie 2 die mogelijk invloed hebben gehad op de BTW-aangifte functie? - nee, herberekenen is al uitgevoerd."
ERP,[Connector KnSalesRelationOrg] Foutmelding door onjuiste postcode-indeling bij buitenlandse klanten met Nederlands btw-nummer.,Probleembeschrijving: Wij hebben klanten uit het buitenland die een nederlands btw nummer hebben. Hier krijgen wij foutmeldingen op omdat de postcode niet aan de vereiste indeling voldoet. Klopt want het is geen Nederlands adres maar wel een binnenlandse transactie. Hoe los ik het op dat deze melding niet constant terug komt ? Aanvullende details: - _Kun je precies aangeven welke foutmelding wordt weergegeven?_ - zie bestand - _Welke stappen doorloop je wanneer deze melding verschijnt?_ - ik verwijder de melding - _Heb je geprobeerd de postcode-indeling aan te passen of een alternatieve invoer te gebruiken?_ - adressen worden geimporteerd
ERP,"[Rapport] Aanmaning voor debiteur printen of mailen, geen printbestand verzonden aan printer. (AntaObject) The foreignkey does not exist in the database. FieldId=Definitiegroep, ForeignkeyId=KnMdA",Probleembeschrijving: Ik wil de aanmaning voor een debiteur printen en/of mailen. Er is echter een foutmelding die ik niet kan oplossen? Aanvullende details: - Waar loop je precies tegenaan? Kun je de foutmelding beschrijven? - Er wordt geen print bestand verzonden aan de printer - Welke stappen doorloop je? Kun je precies aangeven waar de foutmelding verschijnt? - Op het eind van het aanmaken van een aanmaning - Heeft het ooit gewerkt? - nee
ERP,[rapport I veld] Lege pagina's met alleen een datum in het verleden bij aanmaningen in Afas.,"Probleembeschrijving: Wij hebben in Afas aanmaningen klaar gezet. In Merlin en in Lincsafe (admin 1 en 6) en in beide zitten lege pagina's waar alleen een datum in het verleden op staat. 2 weken terug is dit voor het eerst voorgekomen. Nu zitten er een aantal lege paginas tussen, wij kunnen deze nu niet versturen aan de klanten. Kunnen jullie meekijken? Ik ben vandaag na 13:30 bereikbaar. Aanvullende details: - Waar loop je precies tegenaan? - zie bovenstaande omschrijving - Welke stappen doorloop je? Voeg hierboven een bijlage toe van het scherm waarin je je bevindt. - Aanmaningen genereren - Wat heb je zelf al geprobeerd om dit op te lossen? - ."
HRM,"[Onboarden / Woonplaats] Foutmelding bij onboarding: ""Voor land 'D' is de woonplaats 'Elten' niet bekend.""","Probleembeschrijving: Hi Femke, We krijgen de volgende foutmelding bij het doorsturen van een onboarding vanuit salesfore naar Afas: ""externalMessage"": ""Voor land 'D' is de woonplaats 'Elten' niet bekend."", Bij 'landen' bestaat D. En ik heb in test bij een bestaand iemand het adres gewijzigd naar het adres van deze medewerker en de plaats bestaat. Zie jij wat er fout gaat? Groetjes, Wouter Geen aanvullende vragen gesteld."
ERP,"[OHW methode] WIP-methode wijzigen voor projecten met geboekte facturen, foutmelding: journals op verkeerde GL.","Probleembeschrijving: Dear AFAS Helpdesk Team, I hope this message finds you well. Until February, we were manually creating projects in the project environment. However, we recently transitioned to creating projects automatically via API. During this transition, the configuration for the ""Work in Progress"" (WIP) method was set incorrectly. Our process requires selecting the ""No work in progress (0)"" method, as we book most sales invoices to the WIP account. Unfortunately, we later discovered that some projects were mistakenly created with the ""Result based on actual costing (NTF) (2)"" method. As a result, journal entries have been posted to incorrect general ledger accounts. We have already updated the API so that all new projects are now being created with the correct ""No work in progress (0)"" method. For the existing projects, we were able to manually adjust the WIP method where no invoices had yet been posted. However, for some projects where invoices have already been created, we are unable to change the WIP method back to ""No work in progress (0)"". Since project numbers are sensitive and play a critical role in our system, we kindly request your expertise to override this setting and change the WIP method from ""Result based on actual costing (NTF) (2)"" to ""No work in progress (0)"" for the affected projects. We have attached an Excel file listing the relevant project numbers along with supporting screenshots for your reference. ePO10051 ePO10125 ePO10328 ePO10576 ePO10579 ePO10593 ePO10601 ePO10602 ePO10615 ePO10630 ePO9212 Your assistance is essential to ensure the continuity of our daily operations. We would greatly appreciate your support in resolving this matter at your earliest convenience. Thank you very much in advance for your help. Kind Regards Mirold Finance Manager Aanvullende details: - Kun je precies aangeven welke foutmeldingen of beperkingen je tegenkomt bij het wijzigen van de WIP-methode voor projecten waar al facturen zijn geboekt? - Journals landed on the wrong GL - Zijn er specifieke stappen die je hebt geprobeerd om dit probleem op te lossen, en wat waren de resultaten? - Yes some are fixed but rest need AFAS help - Kun je bevestigen of dit probleem zich voordoet bij alle genoemde projectnummers of slechts bij een deel ervan? - only with some"
ERP,[Inkoopfactuur | Workflow] Facturen voor administratie 8 komen niet in de workflow bij kloppende verplichting.,"Probleembeschrijving: Factuur komt niet in de workflow bij kloppende verplichting voor specifieke administratie Tijdens het inboeken van facturen via E-factuur > boeken journaalpost krijgen we bij crediteuren met verplichtingen de melding: ""Voor crediteur [CREDITEURNAAM] zijn niet-afgehandelde verplichtingen aanwezig. Wil je deze nu afboeken?"" Als wij op ""ja"" drukken, dan kunnen wij de verplichtingen selecteren. Wat gaat er exact fout Afgelopen week hebben wij 29 facturen ingeboekt van crediteur Adyen, waarvan 14 facturen met een verplichting. In onze instellingen hebben wij ingericht dat als een factuur (met een foutmarge van 2% op het bedrag) overeenkomt met de verplichting, deze uitsluitend goedgekeurd hoeft te worden door de verantwoordelijke. Echter, in administratie 8 (Henri Willig Germany GmbH) zijn er facturen niet in de workflow gekomen. De factuur werden zonder beoordeling goedgekeurd voor betaling en dit is onwenselijk. Voor andere administraties is dit wel correct gegaan. Vraag Kan er bekeken worden wat er fout staat in de instellingen waardoor facturen voor administratie 8 bij een 100% kloppende verplichting niet in de workflow gaan? Het is wenselijk dat de beoordelaar wel de factuur ziet, zoals in andere administraties. Bijlage Bijgevoegd vindt u een lijst met facturen uit administratie 8 van crediteur Adyen. De oranje regels zijn op verplichting geboekt met de pop-up melding. De gele regels zijn tijdens het boeken journaalpost op de verplichting geboekt in het veld verplichting. Aanvullende details: - Zou je kunnen aangeven welke exacte workflow-instellingen er momenteel actief zijn voor administratie 8? - Zover wij kunnen zien is dit niet administratie gebonden. - Is er een specifieke manier waarop de vergelijkingen tussen verplichtingen en facturen zijn ingericht? - Er wordt gekeken naar verplichting status en dan gaat hij naar de stap verplichting - Zijn de workflows zoals gebruikt in administratie 8 vergelijkbaar met die van andere administraties qua instellingen? - Ja dat is dezelfde workflow. De e-factuur workflow"
HRM,[Journaalpost] Grootboekrekening Te betalen loonheffing komt niet overeen met wat er daadwerkelijk afgedragen wordt in de loonaangifte,"Probleembeschrijving: Nog reageren op call nummer 2334664 Aanvullende details: - Waar loop je precies tegenaan? - verschil LH aangifte en aansluiting journaalpost - Kun je meer details geven over call nummer 2334664, zoals de inhoud of het probleem dat besproken wordt? - Graag contact met Tristan Muijs die deze call had opgepakt. We waren nog bezig met uitzoeken, en ik wil daar nog op reageren."
HRM,[Wens] Afwijkende medewerkerscode kan niet aangepast worden via beoordelingspagina bij Onboarden,"Probleembeschrijving: In het oude proces van Medewerker indienst -15 stond het veld 'Afwijkende medewerkerscode' bij het beoordelen op zichtbaar en wijzigbaar. Hierdoor was het mogelijk om een 'afwijkende medewerkerscode' bij het beoordelen in te vullen. In het nieuwe onboardingsprofiel hebben we dezelfde instelling overgenomen in het beoordelingsprofiel. Het resultaat is dat het veld zichtbaar is, maar niet wijzigbaar (zie bijlagen). In een eerdere Profit versie zat een fout in de software omtrent dit veld. Dit was opgelost in Profit 5 (zie opgeleverde POA 430604 Onboarden - Afwijkende medewerkerscode - AFAS Help Center https://help.afas.nl/poa/poa_430604?query=medewerkerscode). Is misschien de werking nog steeds niet correct? We hebben al geprobeerd om het veld zowel in het aanmaak- als beoordelingsprofiel zichtbaar + wijzigbaar te maken. Maar dit heeft niet het gewenst effect. Work-around is om achteraf (als de medewerker geregistreerd is) de medewerkerscode te wijzigen via de actie in Profit. Maar we willen dit graag in de workflow oplossen zodat direct de juiste medewerkerscode wordt verspreid binnen de organisatie. Aanvullende details: - Kun je precies aangeven welke instellingen je hebt toegepast in het beoordelingsprofiel voor het veld 'Afwijkende medewerkerscode'? - In de context van de medewerker voor het beoordeel profiel bij een nieuwe medewerker staat dit veld op zowel ""Zichtbaar"" als ""Wijzigbaar"" - Sinds wanneer speelt dit probleem in de nieuwe onboardingsprofiel? - sinds we het live hebben gezet - Kun je bevestigen of de fout in Profit 5 (POA 430604) daadwerkelijk is opgelost in jouw omgeving? - Nee die is niet opgelost"
HRM,[Analyse] Analyse met een overzicht reserveringen vakantietoeslag,"Probleembeschrijving: Goedemorgen, ik wil heel graag een totaalp-overzicht hebben van het saldo vakantiereservering per 31-12-2024 gespecificeerd per medewerker, hoe kan ik dit overzicht krijgen. Ik heb al via de vakantietoeslag analyse geprobeerd, maar daar kom ik niet uit. Ook niet met behulp van de helptekst. Graag uw hulp. Danielle Veddes 0630410302 Geen aanvullende vragen gesteld."
ERP,"[Factuurnummers] Gaten in inkoopfactuurnummering / Ontbrekende inkoopfactuurnummers KF250006226, KF25000632 en KF250006258","Probleembeschrijving: Goedemorgen, In Profit hebben we een controle gedaan op de nummering van de inkoopfacturen. Wat we zien is dat er in maart drie facturen of factuurnummers ontbreken. Het betreft de volgende nummers: KF250006226, KF25000632 EN KF250006258. In de logging van Profit zie ik dat deze facturen niet verwijderd zijn. Vraag is wat er dan wel gebeurd is. Zouden jullie na kunnen kijken wat er terug te vinden is van deze drie inkoopfacturen/factuurnummers? Navraag bij Filelinx heeft geen resultaat opgeleverd. De correspondentie heb ik toegevoegd. Misschien kunnen jullie zien of er iets bijzonders is gebeurd, waardoor de factuurnummers ontbreken. Mijn inziens zijn de facturen niet verwijderd in Profit. Bij voorbaat dank. Mvg, Ronald Aanvullende details: - Kun je aangeven welke stappen je hebt doorlopen om de controle uit te voeren? - Vaststelling verschil nummering op basis van de financiële mutaties. Logdata: - omgeving, logboek en connector bekeken. Geen bijzonderheden. Logboek: logging op verwijderen dossieritem staat aan; vaststelling dat het factuurnummer niet heeft bestaan in Profit. - Kun je bevestigen of de ontbrekende factuurnummers ooit zijn aangemaakt in Profit? - Nee, zijn niet aangemaakt volgens mijn bevindingen. - Kun je toelichten of er specifieke wijzigingen zijn doorgevoerd in Profit of Filelinx die mogelijk invloed hebben gehad op de nummering? - Geen wijzigingen."
ERP,"[verzamelfactuur] Automatisch factureren in administratie 7 genereert geen factuur, geen journalisering.","Probleembeschrijving: Hallo, Gisteravond en zojuist heb ik 2 abonnementsfacturen proberen te versturen vanuit administratie 7, via: Uren/declaraties > Declaratie > Abonnementsfacturen > 4. Automatisch factureren Administratie 7 > Peildatum 07-04-2025 > factuurdatum 07-04-2025 Alle vinkjes aan Volgende> Abonnementen factureren de betreffende regel aangevinkt (Dietistenpraktijk Zwijndrecht > April > Bring Cargo B.V. / project DietZwijndrecht. Echter, is de regel niet zichtbaar in het het abonnementsfacturen overzicht. Het ziet er naaruit dat deze niet verstuurd is. Tevens is deze niet gejournaliseerd. Ik kan periode 4 nu niet opnieuw belasten, want zodra ik opnieuw de abonnementfacturen automatisch wil factureren, is deze periode niet langer beschikbaar. Ook is er geen openstaande post gecreeerd. In de wachtrij, staat alle als succesvol voltooid. Zie bijgaande screenshot. Aanvullende details: - Waar loop je precies tegenaan? - Na automatisch factureren, wordt er geen factuur gemaakt, verzonden en gejournaliseerd. - Wat is de gewenste situatie? - De factuur zou in het overzicht terecht moeten komen, verstuurd moeten worden aan de klant, een journaalpost zou gemaakt moeten worden en de factuur moet als openstaande post zichtbaar zijn. - Welke stappen doorloop je? Voeg hierboven een bijlage toe van het scherm waarin je je bevindt. - Uren/declaraties > Declaratie > Abonnementsfacturen > 4. Automatisch factureren Administratie 7 > Peildatum 07-04-2025 > factuurdatum 07-04-2025 Alle vinkjes aan"
ERP,"[e-factuur] Factuur is via e-factuur ingeboekt, maar niet zichtbaar voor betaling.","Probleembeschrijving: Onze financiele man is ziek en wij komen er niet helemaal uit. Wij hebben een openstaande factuur staat bij crediteur niet in openstaande posten ook niet in geblokkeerde facturen, nog te beoordelen facturen, overzicht lijst openstaande saldo crediteur. Komt niet te voorschijn bij betaalopdracht maar factuur is nog niet betaald. HOe krijg ik de factuur zichtbaar en kan ik hem betalen. Aanvullende details: - Kun je aangeven of de factuur in het systeem is ingevoerd en hoe dit precies is gedaan? - via e-factuur is de factuur ingeboekt - Is er een specifieke foutmelding of afwijking zichtbaar wanneer je probeert deze factuur te vinden? - geen foutmelding - Hebben jullie recent wijzigingen aangebracht aan de instellingen van het financiële systeem die mogelijk invloed kunnen hebben op zichtbaarheid van gegevens? - nee geen wijzigingen"
ERP,Import itemcode inkooprelatie,
ERP,Monitoren op contractverlenging workflow die te lang open staat,- Signaal bij nieuwe reactie - Statusmail - Signaal voor workflows die te lang open staan
ERP,Zoekweergave artikelen bij inkoopaanvraag,
ERP,Artikelgroepen onderhouden OCI-profiel,
ERP,Rapport inkooporder - itemcode inkooprelatie toevoegen,
HRM,[Loonaangifte] xml bestand loonaangifte,"Probleembeschrijving: Wij zitten met een verzekering bij Centraal Beheer. Elke maand lezen wij daar het XML bestand van de loonaangifte in. Op deze manier heeft de verzekering de juiste gegevens. In Afas kan ik geen XML bestand vinden van de loonaangifte. Aanvullende details: - Kun je precies aangeven waar je zoekt in AFAS voor het XML-bestand van de loonaangifte? - Bij de aangiftes, maar hier zie ik alleen betaalbestanden en overzichten. - Heb je eerder een XML-bestand van de loonaangifte uit AFAS kunnen verkrijgen? - Nee. tot januari 2025 werkt wij in Loket, hier kan ik wel elke maand een XML bestand downloaden. - Kun je aangeven welke stappen je hebt doorlopen om het bestand te vinden? - Gezocht bij de aangiftes en gezocht op HELP. Ik zie wel een bestand over een XML bestand, maar ik kom hier niet uit."
ERP,[Belafspraak 15-04 15:00] Afleveradres wordt niet automatisch overgenomen uit voorcalculatie bij bestelvoorstel.,"Probleembeschrijving: Helpartikel https://help.afas.nl/help/NL/SE/Purchs_Order_Prop_SuppToLoc.htm?query=direct%20leveren is niet correct. Hierin wordt gesteld dat het afleveradres dat gevuld is in de voorcalculatie wordt overgenomen bij het bestelvoorstel. De projectlocatie wordt echter overgenomen. Als ik de voorcalculatie niet aan een project koppel maar wel een afleveradres in de kop vul, dan blijft deze leeg. Het zou wenselijk zijn dat het afleveradres wordt overgenomen uit de kop van de voorcalculatie, echter gebeurt dit niet. Aanvullende details: - Wat is precies het verschil tussen de huidige situatie en de gewenste situatie? - In de huidige situatie moet in de inkooporder alsnog het afleveradres handmatig gevuld worden. Dit terwijl je op basis van het artikel verwacht dat dit automatisch gebeurd. - Kun je bevestigen of het probleem consistent optreedt, ongeacht de specifieke voorcalculatie? - Ja dit komt consistent naar voren - Heb je al geprobeerd om het afleveradres handmatig in te vullen na het genereren van het bestelvoorstel? - Ja, echter is dit weer een handmatige handeling welke je wilt elimineren."
ERP,"[Facturen | verzonden mail | mailserver] Facturen zijn niet ontvangen door klant sinds 2025, controleer mailserver.","Probleembeschrijving: Hi, Wij hebben een aantal facturen die door de klant niet is ontvangen. Wij hebben alles gecontroleerd en deze zouden eigenlijk verzonden en ontvangen moeten zijn bij de klant. Zouden jullie hier in de mailserver kunnen kijken of er toch iets fout is gegaan? Betreft: Newtone gestuurd naar crediteuren@newtone.nl V08250361 V08250362 V08250363 V08250364 V08250365 V08250366 V08250367 V08250370 V08250357 V08250358 V08250359 Aanvullende details: - Kun je aangeven sinds wanneer de klant deze facturen niet ontvangt? - Sinds 2025 ontvangt deze klant niet alle facturen. - Hebben jullie gecontroleerd of het e-mailadres crediteuren@newtone.nl correct is en actief gebruikt wordt door de ontvanger? - Ja deze is actief en alle andere mailing komt binnen. - Zijn er foutmeldingen ontvangen bij het verzenden van deze facturen via jullie systeem, zoals bounceberichten of andere indicaties dat ze niet zijn afgeleverd? - Geen foutmeldingen of bounce berichten."
ERP,Verschil tussen berekende gedeelte salarisverwerking en loonaangifte in Aansluiting financieel,Probleembeschrijving: Op het rapport aansluiting financieel blijf ik ieder maand verschil houden terwijl dat voorheen altijd goed ging. Aanvullende details: - Waar loop je precies tegenaan? - verschil in aansluiting - Sinds wanneer speelt dit? - al in 2024 alleen omdat dit overzicht cumulatief is kan ik niet precies zeggen welke maand. - Tot wanneer werkte het nog wel? Is er sindsdien iets gewijzigd/aangepast? Wat is er vanaf dat moment veranderd? - al in 2024 alleen omdat dit overzicht cumulatief is kan ik niet precies zeggen welke maand.
HRM,[Nacalculatie] Verlofsoorten inrichten (verlof naar nacalculatie),Probleembeschrijving: URGENT! Wij willen het verlof en verzuim 2025 in beeld dus we kijken in Projecten->Nacalculatie>Overzicht Nacalculatie en daar staat niet iedereens verlof bij. Ik kijk dan bijv. in de standaard weergave Nacalulatieo overzicht excl. autorisatie van AFAS. Rara hoe kan dat? Van sommige is feitelijk verlof geboekt maar het is hier niet terug te vinden. We hebben die info vandaag nodig dus ik hoor uw tip graag asap. Aanvullende details: - Welke specifieke medewerkers missen verlof in het overzicht? - Bij 66743.RBE en 66743.AMO - Is het verlof van deze medewerkers wel correct geboekt in het systeem? - ja - Heb je gecontroleerd of de standaard weergave 'Nacalculatie overzicht excl. autorisatie' de juiste filters bevat om alle verlofgegevens te tonen? - Ja er zijn geen filters
ERP,[Workflow] Delegeren en terughalen van inkoopfacturen,"Probleembeschrijving: Beste Dennis, Even een vraag...... Bij het beoordelen van een inkoopfactuur krijgen we ""ineens"" een actie ""terughalen"", zie bijlage Workflow - terughalen. Wat er precies door de gebruiker is gedaan, kan ik niet goed achterhalen. Maar als ik in het overzicht van de workflowhistorie kijk op insite zie ik dat de budgethouder een vraag heeft gesteld, zie bijlage image.png. Ik vermoed dat op dit moment dan de workflow doorgaat naar terughalen. Ik vermoed dat de vraag niet is aangekomen bij de besteller....... Als dit wel goed zou gaan, waar zouden wij dan de vraag kunnen zien of in ieder geval de communicatie tussen partijen in de gaten kunnen houden. gr. Ingrid Aanvullende details: - _Waar loop je precies tegenaan?_ - workflow loopt niet door - _Welke stappen doorloop je om dit te reproduceren? Voeg een bijlage toe van het scherm waarin je je bevindt._ - - _Wat is de gewenste situatie?_ -"
ERP,"[Transitorische post] Transitorische verdeling selecteert tussenrekening op basis van bedrag, niet grootboekrekening.","Probleembeschrijving: Als we in een boeking een regel transitorische willen verdelen. Dan bepaald het systeem op basis van de inrichting (inrichting bij Financieel / Beheer / Instellingen administratie, zie bijgevoegd bestand) op welke tussenrekening dit gedaan moet worden. Het systeem boekt vervolgens automatisch de verdeling op deze tussenrekening. Ik zou zeggen dat de tussenrekening (kosten / omzet) wordt bepaald op basis van de grootboekrekening die je transitorisch wilt verdelen. Hij blijkt echter te kijken naar de bedrag, dus afhankelijk of het een debet bedrag is of credit bedrag wordt de tussenrekening gekozen. Ik heb in onze testomgeving T86786AA een boeking gemaakt op GBR 5002. Bedrag van 500 debet en tegen geboekt op dezelfde GBR 500 credit (administratie 2 met journaalpostnummer 264094. GBR 5002 is gekoppeld in type rekening 'kosten' (zie bijgevoegd bestand). Ik zou dus verwachten dat zowel het debet bedrag, als het credit bedrag wordt verdeeld op de tussenrekening 'nog te nemen transitorische kosten'. Echter, omdat hij kijkt naar of het een debet of het een credit bedrag is, wordt het debet bedrag nu verdeeld via de tussenrekening 'nog te nemen transitorische kosten' en het credit bedrag wordt nu verdeeld via tussenrekening 'nog te nemen transitorische omzet'. Dat is best bijzonder, omdat we grootboekrekening 5002 werkelijke personeelskosten hiervoor gebruiken. Dit heeft niets met omzet te maken, dus kan ik ook niet volgen waarom de tussenrekening 'nog te nemen transitorische omzet 'wordt gebruikt. Aanvullende details: - Kun je aangeven wat precies de verwachte en gewenste werking is in dit geval? - Dat de juiste tussenrekening wordt gebruikt bij het transitorisch verdelen. - Sinds wanneer ervaar je dit gedrag in het systeem? - Vanaf het begin. - Zijn er recent wijzigingen geweest in de inrichting van de transitorische instellingen? - Nee."
HRM,[Roosterwijziging][Workflow] Geen actieknoppen beschikbaar,Probleembeschrijving: Er is een roosterwijziging ingediend door een leidinggevende. In onze workflow gaat personeelsadministratie het dan controleren en goedkeuren. Echter is alleen de knop aanpassen er en niet goedkeuren. Kan het zijn dat hier een bug zit? Het is namelijk een aantal dagen geleden nog goed gegaan. Aanvullende details: - _Waar loop je precies tegenaan?_ - Ik kan een taak niet doorzetten. - _Sinds wanneer speelt dit?_ - Vandaag - _Tot wanneer werkte het nog wel? Is er sindsdien iets gewijzigd/aangepast? Wat is er vanaf dat moment veranderd?_ - Een paar dagen geleden was alles nog goed. Die workflow is niet aangepast.
ERP,"[Projectboeking / Opbrengst] Projectboeking wordt alleen gemaakt voor kostenrekening, niet voor passiva rekening aan debetzijde, niet voor de omzetrekening aan creditzijde.","Probleembeschrijving: Bij het boekingen van de vrijval van projecten wordt enkel het projectnummer geboekt aan de debetzijde, maar niet aan de creditzijde. In de bijlage heb ik de boekingsinstructie opgenomen en een voorbeeld van een importbestand voor de testomgeving. Aanvullende details: - Kun je precies aangeven welke stappen je volgt bij het boeken van de vrijval van projecten? - zie instructie - Kun je aangeven welke resultaten je verwacht bij het boeken van de vrijval van projecten? - Het project ook geboekt wordt aan de creditzijde en niet enkel aan de debetzijde. - Kun je bevestigen of het probleem zich bij meerdere projecten voordoet? - Ja"
ERP,[Itemcode verkooprelatie | management en autorisatie tool] Tabbladen voor itemcode verkooprelatie zijn niet zichtbaar in autorisatie- en management tool.,"Probleembeschrijving: Ik zie in de autorisatie- én de management tool tabbladen niet terug welke in dit help artikel staan: https://help.afas.nl/help/NL/SE/Sales_Item_Custmr.htm?query=itemcode%20verkooprelatie Graag zou ik voor een verkooprelatie een itemcode aanmaken, maar ben al even aan het zoeken waar. Aanvullende details: - Kun je precies aangeven welke tabbladen je mist in de autorisatie- en management tool? - Ordermanagement / Verkoop / Itemcode verkooprelatie of naar Projecten / Item / Itemcode verkooprelatie of via de eigenschappen van de verkooprelatie, naar het tabblad Items of via de eigenschappen van het artikel, naar het tabblad Verkooprelaties. - Heb je gecontroleerd of je de juiste rechten hebt om deze tabbladen te zien? - Ja - Kun je beschrijven welke stappen je hebt gevolgd om bij de tabbladen te komen? - In de autorisatie tool en de management tool gezocht onder de verkooprelatie, item, project. Kan de tabbladen niet vinden."
HRM,"Weken 1 t/m 6 worden altijd getoond bij werkrooster onboarden, ook als het aantal weken kleiner is dan 6","Probleembeschrijving: Hoe kan ik week 3 t/m 6 verbergen in het rooster van het onboardingsprofiel? De cyclus wil ik eigenlijk ook alleen tonen wanneer er wisselende weken gekozen wordt. Dit is verwarrend. Kan je me op weghelpen? Als het Aanvullende details: - Welke stappen doorloop je precies om het rooster aan te passen? - Ik zit in het profiel - Wat is de gewenste situatie voor het tonen van de cyclus in relatie tot wisselende weken? - Weken 3 tm 6 doen we niet aan, die moet niet zichtbaar zijn. En cyclus moet alleen getoond worden als de medewerker wisselende weken gaat werken. - Kun je meer details geven over hoe week 3 t/m 6 momenteel worden weergegeven en waarom dit verwarrend is? - Zie printscreen, we gebruiken geen week 3tm6. Ik wil ze ook niet tonen."
ERP,"[Wens I Prijslijst I Alle I Weergave] Lijst maken met prijzen per artikel in AFas ordermanagement lukt niet, niet alle prijslijsten zichtbaar.","Probleembeschrijving: Goedemiddag, ik wil een lijst maken waarin ik alle prijzen per artikel naast elkaar heb staan. art.nr-omschrijving- verrekenprijs-verkoopprijs-prijs prijslijst 50-prijs prijslijst 100- prijs pr........... Het lukt mij echter niet deze lijst te maken, kunnen jullie me hiermee op weg helpen? Met vriendelijk groet, Claudia Aanvullende details: - Welke stappen doorloop je precies om de lijst te maken? - Ik heb een lijst van mijn voorganger die ik probeer aan te passen. - Welke software of module gebruik je hiervoor? - AFas ordermanagement - Wat gebeurt er precies wanneer je probeert de lijst te maken? - Ik wil graag kunnen selecteren/filteren bovenin het overzicht. Daar zou ik graag alle prijslijsten willen en artikelgroepen. Ik krijg echter niet alle prijslijsten/prijzen te zien en kan deze ook niet met een filter toevoegen."
HRM,[Transitievergoeding] Hoe voeg je op de juiste manier een transitievergoeding toe?,"Probleembeschrijving: Transitievergoeding toevoegen - lukt niet Hi, Ik heb vandaag geprobeerd om een transitievergoeding toe te voegen als een looncomponent, de looncomponent bestaat, maar wanneer ik heb invul wordt hij niet weergegeven in de pro forma loonstrook. Ook niet wanneer in de salarisverwerking doorvoer. Zie foto 1 & 2 Mijn tweede poging was om het via 'uit dienst melden werknemer' te proberen. De weergave functie is geblokkeerd.. Ik weet niet waarom ik deze wizzard niet kan gebruiken. Kan je me helpen met een oplossing om een transitievergoeding toe te voegen? We hebben het transitie bedrag al zelf uitgerekend Aanvullende details: - Kun je precies aangeven welke stappen je hebt doorlopen bij het toevoegen van de transitievergoeding als looncomponent? - Zie foto - Wat is het stamnummer van het looncomponent dat je hebt gebruikt? - 4155 > want wij hadden al een specifiek tarief die we willen geven als vergoeding - Kun je bevestigen of de looncomponent correct is geconfigureerd en gekoppeld aan de juiste CAO? - Ja juiste CAO 0000"
HRM,[Aanvullend geboorteverlof][Inrichting] Aanvullend geboorteverlof - uitkering wordt vanuit UWV aan medewerker uitbetaald,"Probleembeschrijving: In Afas voer ik het geboorteverlof (100% doorbetaling werkgever) en het aanvullend geboorteverlof in. Nu is het binnen ons bedrijf zo dat het aanvullend geboorteverlof door het UWV aan de medewerker wordt betaald. De vraag is of dat nu ook zo binnen Afas op die manier is ingeregeld? Het aanvullend geboorteverlof moet dan als onbetaald verlof worden gezien. Klopt dat ook? Gr. Linda Gardenier Aanvullende details: - Hoe is het aanvullend geboorteverlof momenteel in AFAS ingeregeld? - Geen idee - Kun je aangeven of er specifieke instellingen zijn toegepast voor het geboorteverlof en aanvullend geboorteverlof? - Geen idee - Wat is de gewenste situatie binnen AFAS voor het aanvullend geboorteverlof? - Als ik aanvullende geboorteverlof aanvraag bij het UWV, dan is het nu zo dat ik zorg dat de 70% doorbetaling rechtstreeks aan de medewerker wordt overgemaakt vanuit het UWV. De 70% wordt dus niet door werkgever doorbetaald."
HRM,Geen aantal uren zichtbaar in LC 26921 bij analyse KA_Medewerker journaalpost per kostenplaats 1.,Probleembeschrijving: Waarom zie ik geen aantal uren in LC 26921 bij het opvragen van een analyse terwijl ik het aantal wel ziet staan in het 3 vakkenscherm in het salarisverwerkingsplan bij dit looncomponent. Aanvullende details: - Kun je aangeven welke analyse je precies opvraagt? - KA_Medewerker journaalpost per LC per kostenplaats 1 - Kun je bevestigen of het stamnummer van het looncomponent 26921 correct is? - 26921 heeft geen stamnummer - Kun je aangeven of er specifieke filters of instellingen zijn toegepast in de analyse? - Er is alleen een filter op jaar om de gegevensverzameling niet te groot te maken.
ERP,[ABN ARMO] [API koppeling] Probleem bij ophalen bankafschriften en transactiecodes na uitbreiding bankkoppeling. Bankafschriftnummer wordt niet gevuld en transactiescodes werken niet.,"Probleembeschrijving: Bij het ophalen van de bankafschriften vandaag blijft hij laden, bij het (hard)uitloggen en weer inloggen lukt het uiteindelijk wel. en sinds vandaag wordt het bankafschrift nummer niet meer opgehaald (van het bankafschrift van gister) ook pakt hij de eerder gemaakte transactie codes bank niet meer Aanvullende details: - Sinds wanneer speelt dit probleem? - vandaag - Wat is er sinds gisteren veranderd in de omgeving of instellingen? - bankkoppeling is uitgebreid - Kun je een printscreen toevoegen van de bankintegratiechecklist? - nee"
HRM,[Sollicitanten] Geen autorisatie op sollicitant / vacature via selectie,"Probleembeschrijving: Probleem met selectie voor verantwoordelijke op vacature Bij het instellen van vacatures waarbij alle leidinggevenden als verantwoordelijke moeten worden aangemerkt, gebruiken we een selectiecriterium: alle medewerkers die niet op laag 9 zitten. De selectie is correct aangemaakt en de voorbeeldgegevensverzameling toont de juiste personen. De selectie is vervolgens gekoppeld aan de vacature, maar toch krijgen deze personen geen autorisatie. Wanneer ik een leidinggevende handmatig toevoeg als verantwoordelijke bij de vacature, werkt de autorisatie wél zoals verwacht. Dit suggereert dat de selectie op de vacature niet goed wordt verwerkt. Wat vergeet ik hier? We hebben ook actuele gegevens vernieuwd, actualiseren selectie, nachtje gewacht voor wat overnight magic, maar helaas niet het gewenste effect. Aanvullende details: - Kun je precies aangeven welke stappen je hebt doorlopen bij het koppelen van de selectie aan de vacature? - Selectie aangemaakt voor alle medewerkers niet op laag 9 – toont correct in voorbeeldgegevens. Selectie gekoppeld aan vacature, maar geen autorisatie bij betrokkenen. Handmatig toevoegen werkt wél, dus selectie lijkt niet goed verwerkt te worden. Actuele gegevens en selectie geactualiseerd. Nachtje gewacht voor eventuele verwerking. Informatie op help.afas.nl geraadpleegd, zonder oplossing. - Hebben alle betrokken medewerkers dezelfde autorisatie-instellingen in hun profiel, en zijn deze correct geconfigureerd voor dit proces? - Zijn allemaal managers - Is er een specifieke foutmelding of afwijkend gedrag zichtbaar wanneer de gekoppelde selectie niet werkt zoals verwacht? - Niet geautoriseerd melding op InSite wat te verwachten valt want de vacature is niet geautoriseerd."
HRM,"[Pensioenaangifte] Aangiften zijn onverwerkbaar door foutief aansluitnummer; melding: ""Er zijn geen gegevens gevonden voor deze werkgever/jaar/periode.""","1. Probleembeschrijving: 1. Voor gemeente Weert (werkgever ‘munttheater’) zijn de APG aangiften onverwerkbaar door een foutief aansluitnummer en leveranciersnummer. Het klopt dat deze nummers in eerste aanlevering foutief waren. Om die reden is er een correctieperiode aangemaakt en geaccordeerd om de juiste instellingen op te pikken. Dit wordt echter niet meegenomen in de controle van de regels; het oude aansluitnummer blijft aangeroepen. Kortom, de aangiften zijn afgekeurd. Herstellen met het correctie aansluitnummer is niet mogelijk. Aanvullende details: - _Kun je aangeven of het aansluitnummer en leveranciersnummer correct zijn aangepast in de instellingen van de werkgever?_ - ja - _Kun je bevestigen dat er gegevens beschikbaar zijn voor deze werkgever, jaar en periode die verwerkt moeten worden?_ - ja - _Heb je geprobeerd om een nieuwe aangifte aan te maken na het aanpassen van de instellingen, en zo ja, wat was het resultaat?_ - Melding Er zijn geen gegevens gevonden voor deze werkgever/jaar/periode."
HRM,[managementtool][vrije velden][zichtbaarheid in Profit] Velden in tabblad cursus zijn niet zichtbaar in Profit,"Probleembeschrijving: Velden in tabblad profit niet zichtbaar Onder dossieritem opleiding en ontwikkeling hebben wij een tab aangemaakt, genaamd cursus. Nu zijn de velden in Insite zichtbaar maar als je het dossieritem raadpleegd via profit is het tabje cursus wel beschikbaar, maar zijn de velden er niet terug te vinden. Terwijl dit wel is ingeregeld via de managementtool. Ook staat de autorisatie op onderhouden. Tabje is dus ook zichtbaar maar de velden niet. Weten jullie wat er mis gaat? Aanvullende details: - Kun je aangeven welke velden specifiek niet zichtbaar zijn in Profit? - Dossieritem opleiding en ontwikkeling en dan onder het tabje cursus - Zijn de velden correct gekoppeld aan het tabblad 'Cursus' in de managementtool? - Ja, zie afbeelding - Kun je bevestigen dat de autorisatie voor de betreffende gebruikers correct is ingesteld? - Ja, zie afbeelding"
HRM,[Weergave] Einddatum contract is niet leeg | wordt gevuld met waarde vorige contract,
HRM,[Weergave] Einddatum contract is niet leeg | wordt gevuld met waarde vorige contract,
ERP,"Hoe richt ik in dat een gebruiker via InSite niet via het reactie onderdeel een reactie kan toevoegen, maar dat dit altijd via de workflowactie moet?","Probleembeschrijving: In de workflow AFAS Beheertaak heb ik de reactie geven verplicht gemaakt op InSite bij de knop Afhandelen. Als ik nu klik op de knop afhandelen springt het scherm direct weg en is hij afgehandeld, zonder dat ik de verplichte reactie hoef in te vullen. Dit heb ik in andere workflows anders gezien; dan popt het scherm op voor het invoeren van een afhandeling. Nu ben ik dus verplicht om het 'wolkje' achter de tekst Afhandelen te klikken om de verplichte reactie te geven. Hoe kan dit? Ben ik iets vergeten in de inrichting of is dit een bug? Aanvullende details: - Kun je precies aangeven welke instellingen je hebt aangepast in de workflow AFAS Beheertaak om de reactie verplicht te maken? - Bij de Afhandelen knop heb ik aan de rechterzijde bij Opties, Reactie geven op Verplicht in InSite gezet. - Sinds wanneer speelt dit probleem en werkte het eerder zoals verwacht? - Heeft eerder in deze workflow nog niet zo gewerkt, dit was namelijk nog niet ingesteld en wilde ik nu dus instellen. - Heb je gecontroleerd of er specifieke verschillen zijn tussen deze workflow en andere workflows waar het wel correct werkt, bijvoorbeeld in configuratie of instellingen? - Wel gekeken, maar kreeg het zo snel niet gevonden."
ERP,"[Blokkeringen] Functie 'herb. cumulatieven' opent niet meer na administratie-update, alleen herbereken activa werkt.",Probleembeschrijving: elke maand na het bijwerken van de administratie kies ik voor de optie herb. cumulatieven om alles weer even te laten herrekenen. vooral voor de debiteuren is dit af en toe nodig. echter opent het systeem deze functies niet meer. alleen het herbereken activa. kunnen jullie helpen. Aanvullende details: - Waar loop je precies tegenaan? Kun je beschrijven wat er gebeurt als je de functie 'herb. cumulatieven' probeert te openen? - er gebeurd niks - Sinds wanneer speelt dit probleem? - paar maanden - Tot wanneer werkte deze functie nog wel? Is er sindsdien iets gewijzigd of aangepast? - januari denk. het liep toen een paar keer vast met herrekenen.
HRM,[Beoordelen Adreswijziging] Kan de waarde van de parameter niet opslaan; overlapt met een andere parameterwaarde,"Probleembeschrijving: We hebben een workflow adreswijziging. deze was automatisch goedkeuren, maar omdat de regeling is aangepast per 1-4-2025, gaat de workflow naar de psa en na goedkeuring wordt de adreswijziging doorgevoerd. Echter zien we nu na aanpassing workflow dat van de ongeveer 30-50 adreswijzigingen na live gang er 4 terug worden gezet bij de psa ter goedkeuring en de rest niet. Waarom is dat kunnen we de workflow aanpassen of moeten we altijd een nieuwe workflow maken en die aan het profiel koppelen? Aanvullende details: - Kun je precies aangeven welke stappen zijn doorlopen bij het aanpassen van de workflow? - laatste stap gewijzigd van automatisch goedkeuren naar goedkeuren taak salarisadministratie - Speelt dit probleem consistent bij dezelfde adreswijzigingen of is er een patroon te herkennen? - we dachten iets gevonden te hebben, bij het 2 keer indienen van een adreswijziging maar dat is niet bij alle 4 het geval - Wat is de exacte foutmelding die wordt weergegeven, inclusief alle details? - Kan de waarde van de parameter niet opslaan. De parameter waarde overlapt met een andere parameter waarde. Pas de begin- en/of einddatum aan."
ERP,[InSite | niet geautoriseerd | gegevensfilter | inkoopfactuur] Autorisatieprobleem bij toegang tot materieelbeheer in Afas Insite: geen toegang.,"Probleembeschrijving: Jullie consultant Thomas Huffermann heeft voor ons fleetmanagement ingericht in Afas Profit i.c.m. met Afas Insite. Nu loopt mijn collega Kasper Immink tegen een autorisatieprobleem aan. Als hij wil in het materieelbeheer in Afas Insite een type materieel (in dit geval onder Project Opleggers) wil bekijken krijgt hij de foutmelding dat hij geen toegang heeft tot dat deel van de website (zie bijlage). Kunnen jullie nagaan waarom hij geen toegang heeft. Aanvullende details: - Kun je aangeven of de autorisatie-instellingen recent zijn gewijzigd? - Nee - Welke rechten heeft Kasper Immink momenteel binnen het systeem? - Hij heeft op Insite toegang tot Fleetmanagement / Materieelbeheer - Kun je bevestigen of andere gebruikers hetzelfde probleem ervaren? - Ik niet, maar ik heb de beheerfunctie"
HRM,"HEIC-bestanden kunnen niet geopend worden; foutmelding: ""DE HEVC-videoextensie is vereist om dit bestand weer te geven.""",Probleembeschrijving: AFAS staat toe om HEIC bestanden toe te voegen bijv. in de draaiboektaken. Dit is een bestandsformaat dat gebruikt wordt voor iPhone-foto's. Wij kunnen dit niet openen en ik kan me voorstellen dat meerdere organisaties daar last van hebben. Er zijn natuurlijk veel sollicitanten die een iPhone hebben. Wij moeten de taken waarin deze bestanden staan afkeuren en aangeven dat wij het niet kunnen openen en ze het in een ander bestandsformaat aan moeten leveren. Dit vertraagt het proces enorm. Sollicitanten hebben überhaupt al moeite om alle draaiboektaken te verwerken en dan wordt het ook nog afgekeurd omdat wij dat bestandsformaat niet kunnen openen. Kunnen jullie hier iets in doen? Aanvullende details: - Kun je precies aangeven welke stappen je doorloopt wanneer je een HEIC-bestand probeert te openen? - Dubbelklikken op het bestand en als deze opent krijgen we een zwart scherm en mogen zelf ook niet iets installeren om het zelf wel te kunnen openen. - Kun je aangeven welke software je gebruikt om deze bestanden te openen? - Geen idee. - Kun je aangeven welke foutmelding je precies ontvangt? - DE HEVC-videoextensie is vereist om dit bestand weer te geven.
ERP,[Automatisch Factureren] Facturen met datum 31/03/2025 voor verlenging abonnementen in boekjaar 2024.,"Probleembeschrijving: Beste, Ons boekjaar loopt van 1/04/2024 tem 31/03/2025. Dus nieuw boekjaar is gestart op 1/04/2025. Ik wil nog een aantal abonnementen facturen in het vorig boekjaar op datum van 31/03/2025. Dus de abonnementfacturen moeten als factuurdatum 31/03/2025 hebben. Ik werk via abonnementen en dan automatisch factureren... Abonnement 13414 van klant 10970 Griffin moet met 1 maand verlengd worden. Period from 16/04/2025 - 16/05/2025. Abonnement 13371 van klant 10047 Cornisch moet met 1 maand verlengd worden. Period from 1/04/2025 - 1/05/2025 Aanvullende details: - Kun je specifiek aangeven welke data de facturen zouden moeten dekken? - de factuurdatum moet 31/03/2025 zijn - Is het gewenst om ook eventuele aflopende periodes van de abonnementen te verlengen, of slechts genoemde? - slechts genoemde - Klopt het dat deze facturering onder een andere periode binnen hetzelfde boekjaar valt? - ja moet nog vallen in boekjaar 2024 dat eindigt op 31/03/2025"
HRM,[Medewerker][Weergave] Telefoonnummer(s) medewerker(s) toevoegen aan weergave,"Probleembeschrijving: Goedemorgen, Ik wil graag een weergave maken waarin het zakelijke mobiele telefoonnummer van de medewerkers staat. Het lukt mij echter niet om het deze optie te vinden onder beschikbare velden. Het enige telefoonnummer wat ik kan toevoegen is telefoonnummer werk. Hoe kan ik het alsnog voor elkaar krijgen om dit nummer in een nieuwe weergave toe te voegen? Aanvullende details: - Kun je aangeven of het zakelijke mobiele telefoonnummer van de medewerkers is vastgelegd in een specifiek veld binnen AFAS Profit? - Onder contact/overige en dan mobiel werk - Welke stappen doorloop je precies bij het maken van de weergave, en kun je eventueel screenshots toevoegen om dit te verduidelijken? - Ik maak een nieuwe weergave onder beheer weergave ->nieuwe->gegevensverzameling"
HRM,[Aanvullende gegevens] De aanvullende gegevens kunnen niet worden geregistreerd. Het adres is niet volledig en de optie 'Adres aanmaken' staat aan.,"Probleembeschrijving: Foutmelding bij het onboarden, zie bijlage met uitleg en screenshots! Aanvullende details: - Kun je aangeven welke foutmelding je precies ontvangt? - Zie bijlage - Kun je beschrijven welke stappen je hebt doorlopen tot je de foutmelding kreeg? - Zie bijlage - Kun je aangeven of de foutmelding bij meerdere gebruikers voorkomt? - NVT"
HRM,[Verzuim] Gesimuleerde begindatum doorlopend verzuim,"Probleembeschrijving: Beste team, Hoewel AFAS de dagen herstel ertussenuit haalt en daardoor sommige data verschuiven, blijft het voor het UWV één doorlopende ziekteperiode. De eerste ziektedag voor het UWV blijft dus 12 april 2024, omdat het herstel korter was dan 28 dagen. Als AFAS met andere parameters werkt, dan zijn de taken voor HR niet betrouwbaar. Per 12 april naar 70% op haar ziekte- uren, op haargewerkte uren wordt ze natuurlijk 100% uitbetaald. De eerste dag van de eerste ziekmelding is 12-04-2024, maar zij is van 19-04-2024 t/m 25-04-2024 hersteld geweest (7 dagen). Afas telt die 7 dagen op bij de eerste ziektedag waardoor de datum van de ziektekorting ook 7 dagen opschuift. Is het mogelijk om een ander begindatum als standaard aan te houden binnen AFAS? Aanvullende details: - Kun je precies aangeven welke instellingen of parameters binnen AFAS Profit momenteel worden gebruikt voor het berekenen van de ziekteperiode? - Afas telt extra op bij de eerste ziektedag waardoor de datum van de ziektekorting ook een aantal dagen opschuift - Wat is de gewenste begindatum die als standaard moet worden gehanteerd in plaats van de huidige instelling? - Per eerste dag van verzuim - Zijn er specifieke richtlijnen vanuit UWV waar we rekening mee moeten houden bij deze aanpassing? - Nee"
ERP,[wens] Verkooporder overzicht toont niet of order volledig voorradig is.,"Probleembeschrijving: Hallo, Bestaat er een functieveld dat aangeeft of een verkooporder volledig voorradig is? Ik zou in het verkooporder overzicht willen zien of de order geleverd kan worden. Aanvullende details: - Kun je precies aangeven wat je bedoelt met 'volledig voorradig'? - Alle artikelen in de order moeten voldoende voorraad hebben. - Welke stappen heb je al geprobeerd om dit te vinden of in te stellen? - zoeken - Is het belangrijk dat dit veld automatisch wordt bijgewerkt op basis van voorraadwijzigingen? - Bij het herladen van de pagina wel ja."
ERP,Aanpassen van BTW-tariefgroep in een gejournaliseerde handmatige verkoopfactuur.,"Probleembeschrijving: Hoe kunnen wij de BTW-tariefgroep aanpassen in een handmatige verkoopfactuur? De factuur is reeds gejournaliseerd. Hebben jullie een tip hierover? Aanvullende details: - Kun je aangeven wat je precies bedoelt met het aanpassen van de BTW-tariefgroep? - BTW code - Wil je weten of dit mogelijk is na het journaliseren, of zoek je naar een alternatieve oplossing? - alternatieve oplossing - Heb je al geprobeerd om de factuur te corrigeren via een creditnota en een nieuwe factuur? - nee"
ERP,"Geen ontvangst van inloggegevens voor online cursus AFAS SB, graag opnieuw versturen.","Probleembeschrijving: Enkele maanden geleden opgegeven voor een online cursus, AFAS SB. Wil graag aan de cursus gaan starten, ik heb alleen nooit de 2e mail met inloggegevens ontvangen. Zouden jullie deze kunnen toesturen? Aanvullende details: - Kun je bevestigen of je de eerste bevestigingsmail hebt ontvangen? - De 1e wel, zie bijlage - Kun je aangeven op welk e-mailadres je je hebt ingeschreven? - administratie@flashelektro.nl - Kun je de schermafbeelding toevoegen of verduidelijken wat daarop te zien is? - gedaan"
HRM,Maximaal loon voor Premie WN Inhouding onder vlgnr 6 plaatsen?,"Probleembeschrijving: We hebben een Premie WN Inhouding gemaakt, maar we moeten rekening houden met het maximale loon waar deze premie over berekend mag worden. Klopt het dat ik dit maximumloon kan plaatsen onder vlgnr 6 maximum? Hoor graag uw reactie. Zie de bijlage voor de verduidelijking. Geen aanvullende vragen gesteld."
ERP,Afdeling invullen in samengevoegde boekingsregels is niet mogelijk.,Probleembeschrijving: Een collega (Johan Versteeg F&C) wil e.e.a. aanpassen in administratie 3 (KNVB Betaald Voetbal). In de factuur (VBV2400603) staat 2 regels waarvan er 1 aangepast moet gaan worden (zie bijlage 1) De ontbrekende afdeling wilde ik dus in de boekingsregel aanpassen maar dat kan niet meer. Zie boeking (bijlage 2). Reden dat dit niet kan is omdat bovenstaande 2 regels zijn samengevoegd. Vraag is dus concreet: hoe krijg ik nog een afdeling ingevuld? Aanvullende details: - Kun je precies aangeven welke afdeling je wilt invullen? - Dat kan een willekeurige afdeling zijn vanuit een tabel. In dit specifieke geval TUC - Wat gebeurt er als je probeert de afdeling in te vullen? Krijg je een foutmelding of blijft het veld niet beschikbaar? - Dat lukt niet. - Kun je beschrijven hoe de regels zijn samengevoegd en of dit handmatig is gebeurd of automatisch door het systeem? - Ik denk dat dit automatisch gebeurd.
ERP,"Verzoek om factuur voor ontvangen bedrag van €2812,95 zonder koppeling.","Probleembeschrijving: Goedemiddag, Wij hebben op 25 maart een bedrag van €2812,95 ontvangen, echter kan ik hier nergens een factuur over vinden, zouden jullie mij die kunnen sturen zodat ik hem goed kan verwerken in mijn boekhouding. Marlie Aanvullende details: - Kun je aangeven van welke bankrekening het bedrag is ontvangen? - NL11 RABO 0380 1325 75 - Kun je het bankrekeningnummer van de afzender van het bedrag delen? - NL92 RABO 0142 2941 01 - Kun je aangeven of je al hebt gezocht in je administratie of het bedrag aan een specifieke klant of factuur is gekoppeld? - Ja"
HRM,[ABP] Foutmelding: The supplier with IdLcr x is not authorized to submit 1 or more time periods (start date x) in this message for this employer with payroll tax number x The message has not been processed.,"Probleembeschrijving: Communicatiefout pensioenfonds ABP The supplier with IdLcr (8000907) is not authorized to submit 1 or more time periods (start date 2025-02-01) in this message for this employer with payroll tax number (818766773L01). The message has not been processed. In maart geeft het ABP aan, geen gegevens te hebben ontvangen van onze sub administratie Aandacht +, de aanlevering van Vario hebben zij wel ontvangen en zien wij bovenstaande foutmelding , terwijl er niks is veranderd aan het communicatieprofiel ""AGP Algemene Pensioengroep"" . Aanvullende details: - _Kun je bevestigen of de foutmelding specifiek optreedt bij de subadministratie Aandacht+ of bij beide subadministraties?_ - alleen bij subadministratie Aandacht+ - _Kun je aangeven of de foutmelding consistent optreedt bij elke poging tot aanlevering?_ - Ja, door TWK geven alle periodes nu dezelfde melding zie afb - _Kun je bevestigen of de aanlevering voor de subadministratie Aandacht+ eerder wel succesvol was?_ - Ja al jaren goed tot/met februari"
HRM,[Loonaangifte][Signaal] Foutcodes L1812 en L1813 door ontbrekende bijtelling privégebruik auto voor werknemer 102803.,"Probleembeschrijving: Wij hebben een brief ontvangen van de belastingdienst met de foutcode L1812 en foutcode L1813 voor werknemer 102803. Wat is er fout gegaan bij de medewerker? Aanvullende details: - Kun je precies aangeven wat er in de brief van de Belastingdienst staat over de foutcodes L1812 en L1813? - L1812 Er is een Code reden geen bijtelling privégebruik auto aangeleverd, terwijl de Waarde privegebruik auto groter dan 0 is. L1813 Er is een Code reden geen bijtelling privégebruik auto aangeleverd, terwijl het saldo privegebruik auto groter dan 0 is. - Wat is het stamnummer van het looncomponent dat hierbij betrokken is? - 100.007.007 - Kun je aangeven welke stappen je hebt doorlopen om dit te onderzoeken? - De berekening op de strook ziet er goed uit. Ik heb in de help gekeken onder Auto van de Zaak."
ERP,Controle op toevoegen van encrypted document in contractmodule voor ondertekening.,"Probleembeschrijving: Hoi Dennis, Is het mogelijke een controle in te bouwen dat het toevoegen van een encrypted document in de contractmodule niet is toegestaan. Nu komt dat pas bij het ondertekenen naar voren. Groetjes Franca Aanvullende details: - Kun je precies uitleggen wat je bedoelt met 'encrypted document'? - . - Welke foutmelding of situatie ontstaat er precies bij het ondertekenen? - . - Wat is de gewenste situatie als een encrypted document wordt toegevoegd? - ."
ERP,[Project | OHW | Factuurtermijnen][Optimalisatieproject] Factureren van termijnen na afsluiten project met OHW niet mogelijk.,"Probleembeschrijving: Te factureren termijnen waarbij het project met OHW al is afgesloten Aanvullende details: - Kun je precies aangeven wat je probeert te doen en welke stappen je volgt? - We hebben het project opnieuw proberen open te zetten, maar als je dat doet dan krijgen we een melding dat dit niet mag omdat het OHW al is afgesloten. - Sinds wanneer speelt dit probleem? - sinds het begin - Wat is de gewenste situatie die je wilt bereiken? - Graag de regels te factureren termijnen verwijderen. Of de gehele factuurtermijn verwijderen."
HRM,Vrij tabblad op sollicitant niet zichtbaar op InSite,Label voor sortering
ERP,"Aanvraag blijft openstaan na keuze ""klaarzetten voor genereren inkooporder"".","Probleembeschrijving: Incidentnummer: 2341569 Beste Dennis, Heden wederom een aanvraag via de OCI naar Sligor klaargezet. De aanvraag is door het goedkeuringsproces heen gehaald, kwam natuurlijk weer bij de bestelling terug om de order daadwerkelijk te kunnen plaatsen. Zie bijlage OCI - bestelling plaatsen in de workflow zijn nu twee keuzes beschikbaar, er is gekozen voor de optie ""klaarzetten voor genereren inkooporder"". Hierna blijft de aanvraag openstaan. Na deze keuze staat de taak weer bij de besteller en kan deze alleen op ""gelezen"" klikken. In profit blijkt dat het nog steeds een aanvraag is. Hebben we nu voor de verkeerde keuze gekozen of zijn de instellingen nog niet juist. Daarnaast zouden we in deze workflow nog graag iets aanpassen. Na de beoordeling door FA gaat de aanvraag terug naar de besteller en deze dient de aanvraag nog goed te keuren (handmatige goedkeuring), zie bijlage, daarna komt de aanvraag bij de budgethouder ter goedkeuring. Beide stappen zouden hier uit kunnen worden gehaald, is dit mogelijk? Dan is deze op dezelfde wijze ingesteld als de tegel van de bakker / slager en groenteboer. Ik ben benieuwd...... gr. Ingrid Aanvullende details: - Kun je precies aangeven welke instellingen in de workflow mogelijk niet juist zijn? - - - Welke stappen doorloop je om dit probleem te reproduceren, en kun je deze beschrijven of een bijlage toevoegen van het scherm waarin je je bevindt? - - - Is er eerder gewerkt met deze workflow zonder problemen, en zo ja, wat is er sindsdien veranderd? - -"
ERP,[Financieel][Debetnota] Debetnota aanmaken op geboekte aankoopfactuur voor betwisting met advocaat.,Probleembeschrijving: Graag wens ik een debetnota aan te maken op een geboekte aankoopfactuur. Dit handelt over een betwisting met advocaat. Het dient dus te gaan om een debetnota en geen gewoon factuur. Dank u om hier spoedig een antwoord op te ontvangen! Aanvullende details: - Kun je aangeven welke specifieke stappen je al hebt geprobeerd bij het aanmaken van de debetnota? - Telefonische support AFas - In welke module van de software werk je op dit moment? -  - Zijn er specifieke foutmeldingen of obstakels die je tegenkomt? - Neen
ERP,[BTW Code] Factuur aanmaken zonder BTW leidt tot melding: vereiste BTW code niet ingericht.,"Probleembeschrijving: Er moet een factuur worden aangemaakt aan een van de bedrijven waar we de administratie voor voeren We hebben kosten voorgeschoten waarop geen btw is berekend, we belasten de kosten ook door zonder BTW. Bij het aanmaken van de factuur krijgen we de melding dat de vereiste BTW code niet is ingericht . Bij controle van de aanwezige BTW codes zie ik een BTW code staan die voldoet aan de BTW die volgens Afas aangemaakt moet worden. Geen aanvullende vragen gesteld."
ERP,Eindstand bedrijfsgebouwen/-terreinen komt niet overeen met geconsolideerde eindstand balans.,"Probleembeschrijving: Het totaal van de eindstand bedrijfsgebouwen/-terreinen bij vennootschap(pen) is niet gelijk aan de eindstand op de balans (geconsolideerd). Is dit juist? (Scherm 'Fiscale vermogensopstelling: activa', onderdeel 'Materiële vaste activa') Kunt u contact met mij opnemen? want ik was meer dan 20 minute bezig met het opschrijven van het incident. Ik heb daar alle in details aangegeven. Maar toen ik op volgende klikte verscheen een melding dat er een onafgeronde incident is en of ik toch door wilde gaan. Ik klikte op doorgaan. Helaas is alles wat wat ik opgeschreven heb verdwenen. Ik wil mij incident daarom mondeling uitleggen. Aanvullende details: - Kun je aangeven welke gegevens je precies hebt ingevoerd in het scherm 'Fiscale vermogensopstelling: activa' en welke verschillen je hebt geconstateerd? - Ik kan daar niks invullen of wijzigen. dat is de probleem. - Kun je bevestigen of je de gegevens in de administratie hebt gecontroleerd en of er afwijkingen zijn geconstateerd? - Ik heb alles goed gecontroleerd - Kun je aangeven of er recent wijzigingen zijn doorgevoerd in de administratie of instellingen die mogelijk invloed hebben op deze situatie? - Ik heb niks gewijzigd."
HRM,[Formatieverdeling] Gebruikersgroep wordt niet correct gekoppeld aan functie Teamleider personeelsadministratie (2130).,"Probleembeschrijving: We hebben een gebruikersgroep aan een functie gekoppeld, maar de persoon die in die functie zit, krijgt niet de rol toebedeeld. Bij andere functies werkt dit wel goed. De functie staat niet geblokkeerd. Het gaat om de functie Teamleider personeelsadministratie (2130) bij werkgever Zorg van de Zaak (001). En de groep die we wilden koppelen is CAS_Personeelsadministratie (PA). Enig idee wat de oorzaak hiervan kan zijn? We hebben dit nog niet in de live-omgeving gebouwd, maar wel in testomgeving GA. Aanvullende details: - Kun je aangeven welke stappen je hebt doorlopen om de gebruikersgroep aan de functie te koppelen? - Naar de werkgever gaan, functie opzoeken, gebruikersgroep koppelen. Naar autorisatietool gaan en kiezen voor Automatisch vullen groep. - Is er een foutmelding of afwijkend gedrag zichtbaar bij het toekennen van de rol? - nee - Speelt dit probleem alleen in testomgeving GA, of ook in andere omgevingen? - Ook in andere omgevingen."
HRM,"[Niet geautoriseerd] Autorisatiefout bij openen dossieritem -107 E-mail signaal, ondanks juiste instellingen.","Probleembeschrijving: Autorisatie pagina E-mail signaal, type dossieritem - 107 Wij maken gebruik van een signaal om documenten te mailen naar medewerkers. De mail wordt automatisch opgeslagen in het medewerkersdossier. Dit gebeurt via type dossieritem -107 E-mail signaal. Medewerkers, leidinggevende en HR krijgen een autorisatie-foutmelding als ze het dossieritem op Insite willen openen. Dit terwijl de autorisatie wel goed lijkt te staan. Zie ook bijgaande printscreens. Ik heb alles nagelopen, maar ik kom er niet uit. Wat doe ik verkeerd of zie ik over het hoofd? Aanvullende details: - Kun je precies aangeven welke autorisaties zijn ingesteld voor het type dossieritem -107? - Functionaliteit E-mail signaal raadplegen, gekoppeld aan de rol Medewerker (Profit) - Speelt dit probleem bij alle medewerkers, leidinggevenden en HR-gebruikers of slechts bij een specifieke groep? - Alle medewerkers, leidinggevenden en HR-gebruikers - Kun je bevestigen of er recent wijzigingen zijn doorgevoerd in de autorisatie-instellingen of in de configuratie van het signaal? - Recent geen wijzigingen"
ERP,Inlezen van CAMT .053 bestanden met overlap in mutaties vanaf 01-10-2024.,"Probleembeschrijving: “Wij proberen de bank in te lezen met CAMT .053 bestanden. Echter zit er een verschil in met twee mutaties overlap. Geprobeerd de bestanden aan te passen, maar dan wordt het een ongeldig bestand… Graag de volgende bestanden vanaf 01-10-2024 inlezen.” Aanvullende details: - Kun je precies uitleggen waar de overlap in mutaties zit? - in bovenstaande periode - Speelt dit probleem bij het inlezen van alle bestanden of slechts een specifiek bestand? - alle - Heb je gecontroleerd of er wijzigingen zijn geweest in de CAMT .053 specificatie of instellingen binnen AFAS sinds 01-10-2024? - ja"
HRM,"Fout bij versturen Arbo meldingen: alleen gewijzigde melding verzonden, niet nieuw.","Probleembeschrijving: Bij het versturen van Arbo digitaal meldingen ontstaat er een fout bij de Arbodienst als de verzuimmelding en hersteld melding op dezelfde dag wordt gedaan. In het digitale bericht vanuit AFAS wordt er dan alleen een gewijzigd melding verstuurd (inclusief vinkje hersteld), maar niet het bericht nieuw. Hierdoor kan de Arbodienst (ArboUnie in ons geval) het bericht niet verwerken en dient deze handmatig toegevoegd te worden. Aanvullende details: - Kun je aangeven welke stappen je precies doorloopt bij het versturen van de meldingen? - De meldingen worden automatisch die de geplande taak 2x per dag opgestart. Hierbij vindt geen handmatige actie plaats. - Sinds wanneer speelt dit probleem? - Sinds augustus 2024 (livegang ArboUnie) - Is er iets gewijzigd in de instellingen of processen sinds het moment dat het nog wel werkte? - Nee, heeft nooit gewerkt"
HRM,[Profit BI]Overzicht van gebruikte dashboards in Profit BI voor Omgevingsdienst Zuidoost-Brabant.,"Probleembeschrijving: Goedemiddag ! Deze week heb ik een mail ontvangen dat Profit BI (Qlik) stopt per 1 december 2025. In deze mail staat dat de Omgevingsdienst Zuidoost-Brabant gebruikt maakt van één of meerdere dashboards in Profit BI. Zouden jullie kunnen aangeven welke dasboards wij gebruik maken? Groetjes Sanne Aanvullende details: - Kun je aangeven of je specifieke dashboards in gedachten hebt waarvan je wilt weten of ze in gebruik zijn? - Graag wil ik een overzicht van de dashboards die wij gebruiken. Ik weet niet goed over welke dashboards hier gesproken wordt. - Heb je toegang tot een overzicht van de dashboards die jullie momenteel gebruiken in Profit BI? - Ik ben Functioneel Beheerder, dus heb overal toegang tot. - Kun je bevestigen of er een lijst beschikbaar is van de dashboards die jullie hebben ingericht? - Ik ben later in dienst gekomen, de inrichting is gedaan door de medewerker voor mij. Kunnen jullie mij hier mee verder helpen?"
HRM,[Profiel] [Instuurder] [Zichtbaar] Velden in het beoordeelprofiel Onboarden zijn niet consistent zichtbaar tijdens het proces.,"Probleembeschrijving: Velden in het beoordeelprofiel Onboarden afwisselend wel en niet zichtbaar Ik heb in een Onboarden aanmaakprofiel 2 velden een voorkeurswaarde gegeven en deze velden daarom verborgen op de aanmaakpagina. Het gaat om het standaard veld 'Functie' en om een vrij veld. Wanneer ik de Onboarden workflow instuur en op de 'Beoordelen onboarden-pagina' kom, zijn deze 2 velden ook daar niet zichtbaar. Dit is vreemd, omdat ik beide velden in het beoordeelprofiel wél zichtbaar heb gemaakt. Hoe komt dit? Vervolgens gaat de sollicitant de aanvullende gegevens invullen op OutSite. Wanneer deze gegevens in InSite gecontroleerd worden en vervolgens worden geregistreerd, dan zijn de 2 eerder genoemde velden vanaf dat moment wél zichtbaar op de 'Beoordelen onboarden-pagina'! Maar, als aan het einde van het proces het Onboarden wordt geregistreerd in Profit, zijn deze 2 velden vanaf dat moment wederom niet meer zichtbaar op de 'Beoordelen onboarden-pagina'. Wat is hier de oorzaak van en hoe los ik dit op zonder de velden ook bij het aanmaken te moeten tonen? Op de aanmaakpagina wil ik niets tonen dat daar niet relevant is, om de invoer zo simpel, eenvoudig en overzichtelijk mogelijk te houden. Dit lijkt overigens te gebeuren met meerdere gegevens. Ook met de gegevens rondom het identiteitsbewijs en persoonsvelden, zoals geboortedatum, geboorteplaats, etc. Aanvullende details: - Waar loop je precies tegenaan in het proces? Kun je meer details geven over de instellingen van het beoordeelprofiel en de velden? - Zie omschrijving hierboven. Velden verborgen op de aanmaakpagina en dat gaat goed. Velden op zichtbaar gezet in het beoordeelprofiel, maar dat werkt niet door. - Sinds wanneer speelt dit probleem? Is er recent iets aangepast in de workflow of de profielinstellingen? - Sinds we Onboarden hebben ingericht. - Welke stappen doorloop je precies om dit gedrag te reproduceren? Kun je een beschrijving geven van de exacte configuratie? - Ik doorloop het hele Onboarden proces voor het profiel LIO (leraar in opleiding). Ik zie dan op welke momenten de velden niet zichtbaar zijn, wel zichtbaar worden en wederom niet zichtbaar zijn."
ERP,[Btw-tariefgroep] Foutmelding bij importeren verkoopfactuur: Subquery returned more than 1 value. Veld VaRc,"Probleembeschrijving: Beste, Ik krijg de onderstaande foutmelding tijdens maken van een verkoopfactuur via een importdefinitie. Aanvullende details: - Kun je precies aangeven welke stappen je doorloopt bij het maken van de verkoopfactuur via de importdefinitie? - ordermanagement - import verkoop - verkoopfactuur - Sinds wanneer speelt dit probleem en werkte deze functionaliteit eerder zonder problemen? - vandaag - Is er iets gewijzigd in de template of instellingen sinds het moment dat het nog wel werkte? - nee"
ERP,[FLEX] [prijsafspraak op plaatsing] Inkoopprijs is onterecht nul bij nacalculatie per regel voor kostensoorten.,"Probleembeschrijving: Bij het boeken van een nacalculatie via nacalculatie per regel (zonder permissieschema), wordt de inkoopprijs op de regel onterecht nul. Alle vinkjes en instellingen die aan moeten staan, staan aan: - Inkopen op itemset - Inkopen op klantovereenkomst - Soort plaatsing is Inkopen Voor normale uren/ander soort uren gaat het wel goed. Het gaat alleen om kostensoorten. Aanvullende details: - _Kun je aangeven of dit probleem zich voordoet bij specifieke kostensoorten?_ - Bij alle kostensoorten op de inkoop plaatsingen. - _Sinds wanneer speelt dit probleem precies?_ - Sinds implementatie. - _Heb je gecontroleerd of er recent wijzigingen zijn doorgevoerd in de instellingen of processen die hiermee te maken hebben?_ - Nee, niet van toepassing."
ERP,"[RBI | foutmelding | 403 Forbidden] Foutmelding bij 'Communicatieservice verzenden en ontvangen': HTTP 403 Forbidden, Invalid certificate.","Probleembeschrijving: Er zijn één of meerdere fouten opgetreden bij het uitvoeren van de taak 'Communicatieservice verzenden en ontvangen'. ResponseContent: { ""httpCode"":""403"", ""httpMessage"":""Forbidden"", ""moreInformation"":""Invalid certificate"" }) Aanvullende details: - Kun je bevestigen of het certificaat recent is gewijzigd of verlopen? - Geen idee welk certificaat - Heb je gecontroleerd of het juiste certificaat is geïnstalleerd en gekoppeld aan de bankkoppeling? - ?? - Kun je een schermafbeelding of meer details delen van de foutmelding, zoals weergegeven in de bijlage? - Zie bijlage"
ERP,[Wachtrij] Foutmelding in wachtrij bij taak Journaliseren: Batchservice is gestopt,"Probleembeschrijving: Goedemorgen, We hebben een foutmelding ontvangen in wachtrij financieel. Deze fout kent de melding: batchservice is gestopt. Deze is alleen ontstaan op 12-04-2025, de batch draait blijkbaar sinds 13-04-2025 weer ""gewoon"". Nu vragen wij ons af of dit verder nog gevolgen heeft en/of hier nog actie voor benodigd is vanuit ons? Met vriendelijke groet, Chloë Dupuij Aanvullende details: - Kun je precies aangeven welke batchservice is gestopt? - Batchservice van de batch taak: journaliseren - Zijn er specifieke processen of transacties die hierdoor niet zijn uitgevoerd? - Onbekend. - Heb je al gecontroleerd of er gegevens ontbreken of fouten zijn ontstaan door de onderbreking? - Wel proberen te achterhalen via de wachtrij, maar nog niks kunnen constateren."
ERP,[SSCC] Keuze uit meerdere SSCC labels bij afdrukken via dropdown-menu.,"Probleembeschrijving: Wij willen bij het afdrukken van een SSCC label de keuze uit meerdere soorten SSCC labels hebben, daar verschillende klanten een verschillend SSCC label hebben, nu kan ik alleen via Ordermanagement/Beheer/instellingen\ordermanagement een ander SSCC label voor een rapport kiezen. Het zou makkelijk zijn als dit kan via SSCC label. Andere optie zou zijn om het via Algemeen/inrichting/Integratie-instellingen/Verkooprelatieprofiel. Aanvullende details: - Kun je precies aangeven welke stappen je doorloopt om het SSCC-label te selecteren? - Beheer/instellingen/Ordermanagement/Rapport SSCC-label (gebruiker moet hier rechten hebben!!! - Wat is de gewenste situatie? Wil je een dropdown-menu of een andere manier om labels te kiezen? - Dropdown menu - Speelt dit probleem bij meerdere gebruikers of alleen bij jou? - Bij meerdere gebruikers"
ERP,[Servicemanagement vervolg] Terugkoppeling over uren bouwplaatsmedewerker in tijdspaarfonds via Afas.,"Probleembeschrijving: Goedemorgen, Ik zou nog een terugkoppeling krijgen van Tom Lameir over de uren die een bouwplaatsmedewerker in de tijdspaarfonds wil leggen. Hoe we dit in Afas kunnen regelen. Hij had dit doorgezet op 01-04-2025, Heb tot op heden niets meer vernomen. Ik hoor graag van hem. Met vriendelijke groet, Monique van Vugt 06-22794763 Aanvullende details: - Kun je precies aangeven wat je verwacht van de terugkoppeling? - meekijken in Afas en dit goed zetten voor ons, zoals afgesproken - Kun je toelichten wat je precies wilt regelen in AFAS met betrekking tot de tijdspaarfonds? - vakantie uren - Is er al eerder contact geweest over dit onderwerp? - ja"
HRM,Waarom ontstaan er automatisch jaaroverschrijdende correctie aangiftes?,Hoe kan er een correctieaangifte LB klaarstaan zonder dat er in de salarisverwerkingscockpit een run staat?
ERP,[Activering ontvangsten journaliseren] Activering 'Ontvangsten journaliseren' aanvragen in testomgeving T65441AA.,"Probleembeschrijving: Beste, Wij zijn op dit moment bezig met het inrichten van inkooporders en verplichtingen. In dit kader zouden wij graag in de TEST omgeving T65441AA de volgende activering willen laten uitvoeren: Ontvangsten journaliseren. Volgens de AFAS Help omgeving kan deze activering alleen door AFAS zelf worden uitgevoerd. Wij zien deze optie ook niet terug in de lijst met beschikbare activeringen binnen de omgeving. Belangrijk is dat de activering uitsluitend in de testomgeving wordt doorgevoerd, zodat wij dit eerst kunnen testen en beoordelen of het werkt zoals gewenst. Kunnen jullie ons laten weten wanneer deze activering is uitgevoerd? Geen aanvullende vragen gesteld."
ERP,"[btw-code] Foutmelding bij aanmaken verkooporder voor verkooprelatie D05921 en samenstelling S12443: ""BTW plicht moet op 'Verkopen binnen EU (3)' staan.""","Probleembeschrijving: Foutmelding bij aanmaken verkooporder. Betreft verkooprelatie (D05921) en de samenstelling (S12443). Meerdere instellingen geprobeerd om de verkooporder erin te krijgen. Als goed is (volgens mij collega's bij financiën) moet de BTW plicht staan op 'Verkopen binnen EU (3)? Bij Verkopen standaard krijgen we de verkooporder er wel in. Met vriendelijke groet, Ronald Ducaneaux Aanvullende details: - Kun je precies aangeven welke foutmelding er wordt weergegeven? - Zie bijlagen - Welke stappen doorloop je om de verkooporder aan te maken? - Meedere aanpassingen gemaakt in de samenstelling, btw plicht, btw code. Indien we de btw plicht 'Verkopen binnen EU' komt iedere keer de foutmelding terug. - Speelt dit probleem bij meerdere gebruikers of alleen bij jou? - Bij de afdeling die deze verkooporders opvoeren en ook bij functioneel beheer."
ERP,[workflow op basis van signaal] workflow Workflow instellen voor kredietlimietoverschrijding en orderblokkering.,"Probleembeschrijving: Workflow wanneer kredietlimiet wordt overschreden en het order wordt geblokkeerd. Is dit een mogelijkheid? Of zoek ik bij het verkeerde iets. Aanvullende details: - Kun je precies uitleggen wat je wilt bereiken met de workflow? - Een signaal aan te maken voor debiteurenbeheer - Welke stappen wil je dat de workflow uitvoert wanneer een kredietlimiet wordt overschreden? - Accorderen, ja of nee - Heb je al geprobeerd iets in te stellen, en zo ja, waar loop je dan tegenaan? - Workflow, maar werkt alleen met dossieritems?"
HRM,"[Sluitingstabel] Verwijderen van feestdag 5 mei voor 1 werkgever in de omgeving, hoe doe ik dit?","Probleembeschrijving: 5 mei is als een feestdag geboekt in AFAS. Echter voor 1 van onze bedrijven (Tempo Trommels & Rollen) geldt deze feestdag niet. We willen de dag tegenboeken. Dit lukt ons niet omdat de feestdag niet in Profit staat in de stamkaart van de medewerker om tegen te boeken. De feestdag is wel zichtbaar in de pocket app voor de medewerker en brengt verwarring. Hoe kunnen we dit alsnog tegenboeken, zodat de medewerkers van Tempo niet meer zien dat ze vrij zijn op 5 mei? Alvast bedankt. Aanvullende details: - Kun je aangeven welke stappen je hebt doorlopen om de feestdag tegen te boeken? - Stamkaart medewerker in profit feestdag proberen te zoeken (verlofdag op 5 mei) om tegen te boeken. Deze staat er echter niet in. - Kun je bevestigen of de feestdag specifiek voor Tempo Trommels & Rollen is ingesteld of voor alle bedrijven? - 5 mei is ingesteld voor alle bedrijven als feestdag. Echter we hebben 1 uitzondering ""Tempo"" welke conform CAO geen feestdag heeft op 5 mei. Dit willen we voor Tempo corrigeren. - Kun je aangeven of de feestdag is ingesteld via de CAO of via een andere methode? - Andere methode. Voor alle bedrijven ingesteld door Jan."
ERP,[vrij bestandsveld InSite] Extra veld toevoegen aan InSite pagina voor verkoopactie met naam projectcoördinator.,Probleembeschrijving: waar kan ik op een insite pagina verkoopactie een extra veld toevoegen Aanvullende details: - Kun je precies aangeven wat je bedoelt met 'verkoopactie'? Is dit een specifieke functionaliteit binnen InSite? - is standaard onderdeel van profit dossier verkoopactie - Op welke pagina binnen InSite wil je het extra veld toevoegen? - in de pagina waar alle gegevens van de verkoopactie staan - Wat is het doel van het extra veld? Hoe moet dit veld functioneren? - extra veld met de naam van de projectcoordinator
ERP,Vrij veld aanmaken op verbijzonderingscode,"Probleembeschrijving: Dag Dennis, We willen een aantal verbijzonderingscodes in Afas Financieel samenvoegen er blijven er dus een aantal bestaan en een groter aantal komt te vervallen. Is het mogelijk om een vrij veld toe te voegen bij de ""oude"" verbijzonderingscodes die vervallen, waarin een verwijzing naar de nieuwe code. Hierdoor blijft de oude kostenplaatsstructuur wel zichtbaar in de historie, maar is wel in Profit fin. de verwijzing vastgelegd. Dan hoeven we niet met vertaaltabellen te werken in excel ten behoeve van de BI tool. met vriendelijke groeten, Beppie Aanvullende details: - Kun je precies aangeven welke verbijzonderingscodes je wilt samenvoegen en welke komen te vervallen? - Veel, opschoning door afd .control - Wil je toelichten hoe je de verwijzing naar de nieuwe code wilt vastleggen in het vrije veld? - d.m.v. de overgebleven code vast te leggen (5-cijferig) - Kun je aangeven of je al een specifiek vrij veld hebt geconfigureerd of dat dit nog moet worden aangemaakt? - dit moet nog worden aangemaakt"
HRM,[Sollicitatie][Onboarden] Sollicitatie wordt niet automatisch afgehandeld bij registreren Onboarden,"Probleembeschrijving: Na het afronden van de onboardings workflow (-170 / Prisma - Onboarden) wordt de sollicitatie (-44 / Sollicitatie Recruitee) niet automatisch afgesloten. In -170 hebben we ingesteld dat na het ondertekenen door de sollicitant de taak Registreren onboarden automatisch wordt afgehandeld, omdat dit anders vertraging oplevert als de personeelsadministratie de ondertekening in de gaten moet houden en dan nog handmatig op deze knop moet klikken. Maar daardoor is de laatste gebruiker de sollicitant en wordt -44 niet meer automatisch afgesloten. In -44 hebben we geprobeerd een conditie in te stellen om de workflow automatisch te laten sluiten als de onboarding is afgerond. Maar hierop komt de foutmelding zoals in bijlage 2. Gevolg is dat deze taak alsnog handmatig door de personeelsadministratie moet worden afgerond. Kan dit op een andere manier ingericht worden? Aanvullende details: - Welke bijlagen zijn precies relevant voor dit incident? Kun je deze nogmaals meesturen als ze ontbreken of niet leesbaar zijn? - Zowel bijlage 1 als 2 - Welke foutmelding krijg je precies bij actie 'Workflow sluiten, onboarden is afgerond'? Kun je een tekstuele beschrijving toevoegen? - Bij actie 'Workflow sluiten, onboarden is afgerond' moet het veld 'Naar vervolgtaak als' de waarde 'Na kiezen actie' hebben. - Hoe is de conditie ingesteld in -44 om de workflow automatisch te laten sluiten? Kun je een exacte weergave van de instellingen en stappen sturen? - Vervolgtaak: <Einde workflow> Naar vervolgtaak als: Conditioneel (via geplande taak) Conditie: Medewerker is indienst gemeld"
ERP,"[Levering I Debiteur I Zichtbaar I Niet] Debiteur heeft geen vervoerder zichtbaar in tab Facturering, mogelijk verborgen.","Probleembeschrijving: Een debiteur uit het verleden heeft nog een vaste waarde op een verkeerder Vervoerder zitten. Via https://help.afas.nl/help/NL/SE/Sales_Setup_Custmr_Carr.htm heb ik gezocht waar vervoerder bij de Debiteur gekoppeld is, dat moet tab Facturering zijn. Deze staat bij ons niet meer tussen Facturering. Kan het zijn dat deze verborgen is? Aanvullende details: - Kun je aangeven op welk moment of bij welke actie de foutmelding precies verschijnt? - 14-04 - Kun je bevestigen dat je de stappen in de handleiding hebt gevolgd? - https://help.afas.nl/help/NL/SE/Sales_Setup_Custmr_Carr - Zou je kunnen verduidelijken of het veld mogelijk ooit zichtbaar was en nu niet meer? Zo ja, wat is er sindsdien veranderd in de omgeving? - Weet ik niet"
HRM,[Looncomponent] [journalisering] Jaarurenmodel afrekening 2024-2025 mist looncomponent voor uitbetaling.,Probleembeschrijving: Jaarurenmodel afrekening periode 2024-2025 welk looncomponent? Mis de inrichting Aanvullende details: - Kun je precies aangeven wat je mist in de inrichting? - Het looncomponent om uit te betalen - Wat is de gewenste situatie voor het jaarurenmodel afrekening? - Aparte loonrun en specificatie looncomponent - Heb je een specifieke berekening of werking die verwacht wordt op basis van CAO-tekst of documentatie? - JaarUrenModel afrekening
ERP,[PCC] Activeren van PCC in testomgeving voor Mollie koppeling lukt niet.,"Probleembeschrijving: Hi goedemiddag, zoals besproken met AFAS wil ik de mollie koppeling gaan testen in onze testomgeving. Die is klaar om de koppeling met mollie te maken, maar als ik wil gaan activeren dan heb ik PCC nodig. Die heb ik maar die is gekoppeld aan onze werkelijke administratie. hoe krijg ik de pcc ook actief in de testomgeving? ik vind geen artikelen op de help van AFAS ik hoor graag hoe ik dit actief krijg, zodat ik de koppeling met Mollie kan leggen en kan gaan testen. vast hartelijk dank, groet van Anja update na het lezen van de artikelen:https://help.afas.nl/vraagantwoord/NL/SE/100029.htm#:~:text=Site,Deblokkeer%20dan%20ook%20de%20volgende%20app%20connectoren%20AOL%20Acces%20Tokens%20en%20AOL%20Refresh%20Tokens ik heb nu de insite test gemaakt en die is volledig gepubliceerd. maar als ik wil openen dan moet pcc verbonden zijn, geen idee wat er nu nog moet gebeuren want ik heb alle instellingen van blokade gehaald cf het bijgevoegde artikel van jullie helpdesk Aanvullende details: - Kun je precies aangeven welke foutmelding je ontvangt? - ik had heel issue ingeschoten maar verbinding met jullie werkt steeds niet, - Heb je de PCC al geprobeerd opnieuw te koppelen aan de testomgeving? - ik had heel issue ingeschoten maar verbinding met jullie werkt steeds niet, - Zijn er specifieke stappen die je hebt gevolgd om de testomgeving in te richten? - ik had heel issue ingeschoten maar verbinding met jullie werkt steeds niet,"
HRM,[Sollicitaties verwijderen] Verwijderen van interne sollicitaties van afgewezen kandidaten zonder de gehele sollicitant te verwijderen.,"Probleembeschrijving: Hoi Femke, Conform de AVG verwijder ik volgens de weergave datum geplande verwijdering structureel de sollicitanten. Echter verwijderde ik sollicitanten die ook medewerker waren niet omdat ik dan ook belangijke gegevens verwijder die we willen bewaren (sollicitatie brief, aangeleverde aanvullende gegevens. Die worden namelijk niet in het personeelsdossiers opgenomen. Nu loop ik aan tegen het feit dat er interne sollicitanten zijn, die niet aangenomen zijn. Deze verwijder ik niet maar dat is niet volgens AVG. Ik kan op Help alles vinden over het verwijderen van sollicitanten en dat werkt ook maar wij verwijderen geen sollicitanten die al medewerker zijn of geworden zijn ivm aangeleverde gegevens oa sollicitatiebrief. Nu loop ik daar tegen een probleem op: interne kandidaten die afgewezen zijn willen natuurlijk niet dat hun afwijzingen zichtbaar blijven en dat is nu wel het geval. Ik wil dan ook deze sollicitaties verwijderen. Ik heb aan de weergave Overzicht geplande datum verwijderen de status van de sollicitatie gevoegd en zie nu welke medewerkers afgewezen sollicitaties hebben. Hoe kan ik deze nu het best verwijderen. Ik bedoel dan de sollicitaties waarop ze afgewezen zijn dus niet de hele sollicitant. Aan de sollicitaties hangen dossieritems (bevestiging ontvangst en soms uitnodiging sollicitatiegesprek) waardoor ik dan ook deze dossieritems moet verwijderen. Is er een handige manier om dit te doen of is ons systeem van verwijderen gewoon niet goed en moet ik ook interne kandidaten verwijderen (met als risico dat ik ook de gegevens verwijder van de sollicitatie waarop ze wel zijn aangenomen). Heb jij een idee? Aanvullende details: - Kun je precies aangeven welke stappen je al hebt geprobeerd om interne sollicitaties te verwijderen zonder de gehele sollicitant te verwijderen? - De standaard manier namelijk verwijderen dossieritems en dan bij de sollicitant met de hand de sollicitatie verwijderen - Welke specifieke status of criteria gebruik je om interne kandidaten met afgewezen sollicitaties te identificeren? - status sollicitatie en medewerker ja of nee - Zijn er specifieke dossieritems die je wilt behouden, en kun je aangeven hoe deze gekoppeld zijn aan de sollicitaties? - Bij aangenomen kandidaten willen we de sollicitatiegegevens bewaren te weten brief, motivatie en aangeleverde gegevens. Van de afgewezen kandidaten mag dit uiteraard allemaal verwijderd worden. Ik bedoel dan dat de sollicitatie verwijderd mag worden."
HRM,[Onboarden] Document indienst niet te koppelen in de workflow,"Probleembeschrijving: Onboarden en contract Hoi Ik wil graag onze oude arbeidsovereenkomst gebruiken als document bij onboarden. Echter: in de workflow kan ik dit document niet koppelen. Er komen maar 3 documenten naar voren (allemaal nieuwe profit documenten). Ook als ik een kopie maak van ons oude contract, lijk ik hier geen document van te kunnen maken wat ik kan koppelen in de workflow. Doe ik iets fout, of hebben jullie een oplossing? Groetjes arjan Aanvullende details: - Kun je precies aangeven welke stappen je doorloopt om het document te koppelen in de workflow? - Ik ga naar de workflow, bijlage en probeer het document te selecteren - Heb je gecontroleerd of het oude contract als een beschikbaar type document is ingesteld binnen Profit? - ja en het is niet beschikbar, maar hoe krijg ik het gemakkelijk beschikbaar, of moet ik het dan helemaal opnieuw in gaan stellen - Is er iets gewijzigd aan de instellingen van documenten sinds dit probleem zich voordoet? - nee"
HRM,"[Wens][Pocket] Verzoek om vrij veld toe te voegen aan AFAS Insite, Wie is Wie voor medewerkers.","Probleembeschrijving: Er is een verzoek binnen gekomen of het mogelijk is om een vrij veld toe te voegen aan AFAS, Wie is Wie. Hierin kunnen medewerkers dan zelf aangeven wat hun werk is en waar zij verantwoordelijk voor zijn. Aanvullende details: - Kun je aangeven in welke module of welk proces je dit vrije veld wilt toevoegen? - Insite, Wie is Wie - Wil je dat dit veld alleen zichtbaar is voor medewerkers of ook voor beheerders? - voor medewerkers - Moet dit veld gekoppeld worden aan een specifieke entiteit of een bestaand proces? - Wie is Wie"
ERP,"[boekings-programma kan niet worden gestart] Geen balie/directiefactuur aanmaken, foutmelding: ""Boekingsprogramma kan niet worden gestart.""","Probleembeschrijving: Een collega van mij kan geen balie/directiefactuur aanmaken. Als zij dat wil doen krijgt zij bijgevoegde melding. Terwijl de rechten goed lijken te staan. Waar ligt dit aan en hoe kan ik dit verhelpen? Aanvullende details: - Kun je precies aangeven welke melding er wordt weergegeven op de bijgevoegde schermafbeelding? - Boekingsprogramma kan niet worden gestrat - Heeft deze collega ooit eerder een balie/directiefactuur kunnen aanmaken, of is dit een nieuw probleem? - Dit is een nieuw probleem - Zijn er recent wijzigingen aangebracht in de rechteninstellingen van deze gebruiker? - Ik heb de rechten om een balie factuur aan te maken aangezet"
ERP,[Loginanalyse] Informatie ophalen over de laatste inlogmomenten van gebruikers in AFAS.,"Probleembeschrijving: Ik zou graag willen achterhalen wat de laatste keer is dat onze gebruikers hebben ingelogd. Echter vind ik hier geen gegevensverzameling van terug. Hoe kan ik deze gegevens ophalen? Aanvullende details: - Kun je aangeven welke module of functionaliteit je gebruikt om gebruikersgegevens te beheren? - Algemeen - Heb je al geprobeerd specifieke rapportages of logbestanden te raadplegen binnen AFAS? - Ja niets gevonden - Is er een specifieke periode waarvoor je deze informatie wilt opvragen? - Nee, niet perse"
ERP,[Contractbeheer] [Verkoop] Geen contractenmodule voor de verkoopkant binnen Finance,"Probleembeschrijving: Goedemorgen, De contractenmodule binnen Finance is gericht op Inkoop. Volgens mij is er geen contractenmodule voor de verkoopkant, klopt dit en is daar een reden voor? Groet, Talha Aanvullende details: - Kun je precies aangeven wat je zoekt in een contractenmodule voor de verkoopkant? - Het zelfde als de inkoopkant, maar dan voor de verkoopkant. - Heb je specifieke functionaliteiten in gedachten die je mist? - nvt - Is er een specifieke situatie of probleem waar je tegenaan loopt door het ontbreken van deze module? - nvt"
ERP,Omlijning afbeelding in rapport blijft staan ook al wordt deze verwijderd. Het lijkt erop dat de settings niet worden opgeslagen.,Afbeelding blijft grijze omlijning houden terwijl deze is verwijderd. Settings worden niet opgeslagen.
HRM,"Foutmelding bij herindienst melding: ""De ingevulde waarde voor het veld 'werkgever' bestaat niet.""","Probleembeschrijving: Goedemorgen, We blijven tegen een probleem aanlopen bij het beoordelen van de workflow bij een herindienst melding. Zie hieronder voor de foutmelding. De werkgever die geselecteerd is, is de juiste werkgever. Helaas lost het probleem niet op als we via ""aanpassen"" opnieuw de werkgever te selecteren. In de help vind je helaas ook geen oplossing. De medewerker is vandaag gestart, dus graag zsm een oplossing. Met vriendelijke groet, Netty Eijkemans Aanvullende details: - Waar loop je precies tegenaan? Kun je meer details geven over de foutmelding en de stappen die je hebt doorlopen? - De ingevulde waarde voor het veld ""werkgever"" bestaat niet. Gebruik het zoekvenster om een waarde te selecteren. - Welke stappen doorloop je precies in de workflow? Kun je een beschrijving geven of een schermafbeelding toevoegen van het scherm waarin je je bevindt? - Stap beoordelen onboarden - Heeft het ooit gewerkt? Zo ja, tot wanneer werkte het nog wel? Is er sindsdien iets gewijzigd of aangepast? - Bij alle andere indienstmeldingen hebben we geen problemen."
HRM,[Wettelijk verlof][Langer geldig] Instellen van wettelijk verlof voor langdurig zieke werknemer zonder vervaldatum.,Probleembeschrijving: Medewerker die langdurig ziek is heeft nog wettelijk verlof 2024 dat normaal gesproken 30-06-2025 vervalt. De cao schrijft voor dat dit verlof NIET mag vervallen en een afwijkende vervaltermijn krijgt van 5 jaar. Hoe kunnen we dit voor een individuele medewerker aanpassen? Aanvullende details: - Wat is de naam of het stamnummer van het verlofcomponent dat je wilt aanpassen? - wettelijk verlof 2024 - Kun je aangeven welke stappen je al hebt geprobeerd om de vervaltermijn aan te passen? - helptekst gezocht - Is er een specifieke berekening of documentatie vanuit de CAO Metalektro die deze afwijkende vervaltermijn van 5 jaar onderbouwt? - nee
HRM,[Declaratie] Favoriete dienstreis krijgt de verkeerde al opgeslagen datum mee.,"Probleembeschrijving: Bij het declareren van een dienstreis maken wij gebruik van de functionaliteit 'Favoriete reis'. Als deze echter gekozen wordt neemt hij ook de datum van de declaratie mee die is opgeslagen bij de favoriete reis. Dit is uiteraard niet wenselijk. Kunnen we dit veld op de een of andere manier leeg laten, dan wel niet opslaan bij de favoriete reis. ? We maken uiteraard wel gebruik van het meegeleverde signaal op dubbele declaraties. Aanvullende details: - Kun je aangeven welke stappen je doorloopt bij het gebruik van 'Favoriete reis'? - kiezen van een opgeslagen reis - Sinds wanneer speelt dit probleem? - Sinds invoering favoriete reis - Wat is de gewenste situatie bij het gebruik van 'Favoriete reis'? - dat de datum van declaratie niet wordt opgeslagen bij de favoriete reis, danwel leeg wordt gelaten na het kiezen van een favoriete reis."
HRM,[Soort medewerker] Kan je nieuwe waarde toevoegen aan de tabel Soort medewerker?,"Probleembeschrijving: Ik wil een nieuw soort medewerker aanmaken, waar kan dit in Profit? Geen aanvullende vragen gesteld."
ERP,"[BTW Aangifte l Onderdrukken] Aangifte Btw/icp maart definitief, niet verzenden en handmatig indienen.","Probleembeschrijving: Goedemiddag, Ik heb mijn laatste Btw/icp aangifte maart op definitief gezet en klaargezet voor verzending, maar ik wil deze aangifte niet verzenden en eigenlijk onderdrukken. Kan ik dit nog doen en hoe? Groetjes, Wendy Eekhout. Aanvullende details: - Kun je aangeven of de aangifte al daadwerkelijk verzonden is naar de Belastingdienst? - nee niet verzonden naar de belastingdienst - Wat is precies het gewenste resultaat dat je wilt bereiken met deze aangifte, bijvoorbeeld annuleren of aanpassen? - Niet via profit verzenden, maar een handmatige aangifte doen. - Heb je geprobeerd om de status van de aangifte te wijzigen in AFAS en lukt dit niet? - Ja en niet gelukt"
ERP,"[pakbon | artikelinstellingen project doorbelasten] Factuur genereert niet alle regels van pakbonnen, twee regels ontbreken.","Probleembeschrijving: Goedemorgen, 4 pakbonnen heb ik gereed gemeld om 1 factuur te maken. Betreft pakbon 25030698, 125030702, 125030824 en 125030825. Via genereren factuur, had ik één factuur gemaakt. Blijkt dat niet alle regels uit de pakbonnen zijn overgenomen op de factuur. Omdat de factuur V01250572 niet verwijderd kon worden, heb ik een regel toegevoegd in de factuur. Gr. Ruban Aanvullende details: - Kun je precies aangeven welke regels niet zijn overgenomen op de factuur? - twee regels zijn niet overgenomen - Zijn er specifieke instellingen in de pakbonnen die mogelijk invloed hebben op het factureren, zoals 'niet factureren'? - 'niet factureren' was uitgezet in de layout - Heb je gecontroleerd of de pakbonnen correct zijn ingesteld voor facturatie? - niks veranderd"
ERP,[projectprofiel] Gebruik van twee verschillende factuurlayouts binnen één administratie op basis van project.,"Probleembeschrijving: Wij willen graag binnen 1 administratie gebruik maken van 2 verschillende soorten briefpapieren (factuurlayouts). Is dit mogelijk? Aanvullende details: - Kun je aangeven of de verschillende briefpapieren al zijn aangemaakt in het systeem? - Nee, dit heb ik nog niet kunnen doen - Welke criteria wil je gebruiken om te bepalen welk briefpapier wordt toegepast? Bijvoorbeeld op basis van klantgroep, project of een andere factor. - Op basis van project - Heb je specifieke stappen geprobeerd om dit in te stellen binnen AFAS? - gezocht binnen de adminsitratie en projecten"
HRM,Proefberekening vanaf juni 2025 geeft te hoge premie zonder franchise.,"Probleembeschrijving: Als wij een proefberekening doen vanaf Juni 2025 dan komt de premie op te hoog uit. Hij lijkt de Franchise niet meer mee te rekenen. De looncomponenten hebben allemaal geen einddatum of iets wat duid dat die vanaf Juni niet mee berekend hoeft te worden. Aanvullende details: - Kun je aangeven welke stappen je precies doorloopt om de proefberekening te maken? - Proefberekening starten vanuit Insite, datum kiezen voor juni en dan op berekenen drukken. - Kun je de berekening zoals Profit deze nu maakt toevoegen, samen met de berekening zoals je deze verwacht? - Zie screenshot, wij verwachten een lage premie getal - Is er iets gewijzigd in de instellingen van het looncomponent of de franchise vanaf juni 2025? - Niet dat wij weten"
ERP,Ontvangstboeken uitschakelen voor inkooporderregels in InSite.,"Probleembeschrijving: Voor (medische) techniek heb ik op InSite, in het bestelportaal, een overzicht met inkooporderregels zichtbaar gemaakt (evenals OK al had), maar als zij de order openen kunnen ze orderregels binnenboeken. Kun je het onvangstboeken uitschakelen? Lukt mij en Raymon niet. Aanvullende details: - Kun je precies aangeven welke stappen je hebt genomen om het ontvangstboeken uit te schakelen? - Heb hier geen stappen voor genomen omdat ik niet weet waar te zoeken. - Speelt dit probleem bij alle gebruikers of alleen bij specifieke personen? - Alle gebruikers die toegang hebben tot deze overzichten (dus OK, Techniek en Medische Techniek) - Wat is de gewenste situatie na het uitschakelen van ontvangstboeken, en hoe moet dit zich gedragen in InSite? - Er is minder risico dat iemand per abuis iets binnenboekt"
ERP,[vrij veld] Toevoegen van tekstveld voor uitgebreide artikelomschrijving in ordermanagement.,"Probleembeschrijving: Tekstvelden en omschrijvingen artikelen: Ordermanagement - Item - artikel: in tabblad ""Algemeen"" onder kopje Algemeen kun je een artikelomschrijving + extra omschrijving in kwijt. Is er een tekstveld beschikbaar in de artikelen of kunnen jullie die aanmaken? Dit tekstveld willen wij vullen met een uitgebreide artikelomschrijving die gekoppeld gaat worden via WooCommerce/Improvit met onze website. De extra omschrijving van een artikel is overigens ook niet zichtbaar op pakbonnen en facturen; heeft dit met de lay-out te maken? Mocht u nog meer informatie wensen, hoor ik dat graag. Alvast bedankt. Met vriendelijke groeten, Sewer Supply BV Helen Dorrestein Aanvullende details: - Kun je precies aangeven of je een nieuw tekstveld wilt toevoegen of een bestaand veld wilt aanpassen? - Het bestaande veld kunnen wij niet vinden. Dan graag een nieuw tekstveld toevoegen aan artikelen - Is het gewenst dat de extra omschrijving zichtbaar wordt op pakbonnen en facturen? - Indien mogelijk is het wenselijk dat de extra omschrijving op pakbonnen en facturen zichtbaar wordt. - Kun je bevestigen of de lay-out van de pakbonnen en facturen al eerder is aangepast? - ja, is al eerder aangepast"
ERP,[Import | fin mutatie] Foutmelding bij financiële conversie: 'Object variable or With block variable not set' bij inlezen mutaties dagboek 15.,Probleembeschrijving: Wij zijn bezig met een financiële conversie en krijgen de foutmelding ‘Object variable or With block variable not set’ bij het inlezen van mutaties op dagboek 15 (betalingen onderweg). Het volgende is gecontroleerd: Het volgende Help artikel: https://help.afas.nl/meldingen/NL/SE/97505.htm Bankrekening is gekoppeld aan dagboek en grootboekrekening Het dagboek is gekoppeld aan een teller Het dagboek is niet geblokkeerd De periodes staan open De crediteuren en grootboekrekeningen zijn aangemaakt Dezelfde boeking kan wel handmatig succesvol worden gemaakt Het bijgesloten CSV-bestand wordt ingelezen en de bijgesloten importdefinitie wordt gebruikt. Ook het foutenrapport kan worden geraadpleegd. Kunnen jullie achterhalen wat hier misgaat? Geen aanvullende vragen gesteld.
HRM,"[Pensioenaangifte] Foutmelding: unexpected response received after calling LOY upa service"".","Probleembeschrijving: ik wil de loonaangifte versturen van april, echter krijg ik een foutmelding dat de voorgaande aangifte van maart niet goed is verzonden waardoor april niet kan worden verzonden. ik ben naar communicatiebericht gegaan in afas om deze opnieuw te kunnen versturen maar dan krijg ik de foutmelding ''unexpected response received after calling LOY upa service'' hoe kan ik dit oplossen zodat ik de aangifte van april alsnog kan verzenden? Aanvullende details: - Kun je aangeven of de foutmelding bij de aangifte van maart specifiek aangeeft wat er mis is gegaan? - nee er staat alleen dat het verzenden mislukt is - Welke stappen heb je precies doorlopen om de aangifte van maart opnieuw te versturen? - naar communicatiebericht gegaan om het opnieuw geprobeerd te verzenden - Heb je al geprobeerd om de communicatie met de LOY upa service te controleren of te herstellen? - ik weet niet hoe dit moet"
HRM,[Profiel] Functiewijziging toont oude en nieuwe opmerking gelijktijdig bij beoordelen.,"Probleembeschrijving: Goedemiddag, In de bijlage heb ik een voorbeeld van een functiewijziging, waarbij de opmerking van “Samen sterker 2025” wordt vervangen door “stopzetten tijdelijke......”, maar dit is heel verwarrend. De tekst van “Samen sterker 2025” blijft namelijk ook inzichtelijk. In Profit is dit niet het geval, daar wordt de nieuwe opmerking overschreven door de oude. Kan dit opgelost worden? Ben benieuwd. Gr. Margot Crul Aanvullende details: - Kun je precies aangeven in welk scherm of proces deze functiewijziging plaatsvindt? - In dit geval bij beoordelen functiewijziging. - Welke stappen doorloop je om dit probleem te reproduceren? - ? - Is het gedrag dat je beschrijft consistent bij alle functiewijzigingen of alleen bij specifieke gevallen? - bij allemaal"
ERP,[e-factuur UBL] Verwerken van UBL-factuur mislukt door onbekende crediteur; geen aanpassingen mogelijk.,"Probleembeschrijving: Bij het boeken van een UBL factuur in E-facturen staat bij de status dat het een onbekende crediteur is. Maar bij het openen van de factuurregels kan ik de kop en andere gegevens niet aanpassen. Wat doe ik hierin verkeerd? Tot nu toe hebben we alleen PDF gehad en via wijzigen journaalpost verwerkt. Maar dit is een UBL dus die wil ik ook graag via de verwerkingsregels verwerken. Ook in de regels zelf kan ik niets aanpassen. Aanvullende details: - Kun je bevestigen of de crediteur in het systeem is aangemaakt en correct gekoppeld? - Crediteur staat in het systeem - Welke stappen doorloop je precies bij het verwerken van deze UBL-factuur? - 1. verwerken factuurregels en dan vervolgens de regels openen - Is dit probleem specifiek voor één factuur, of speelt dit ook bij andere UBL-facturen? - Weet ik niet, dit is de enige UBL factuur die ik heb"
HRM,Loonheffingsverklaring (-169) wordt niet overgenomen in Belastingdienst instantiegegevens.,"Probleembeschrijving: Gegevens van Loonheffingsverklaring (-169) worden niet overgenomen in de instantiegegevens Belastingdienst na de actieknop Registreren medewerker van de Onboarden workflow. Wij hebben deze taak ingericht als onderdeel van het Draaiboek Sollicitant en zien in een aantal gevallen dat de keuze voor loonheffingskorting Ja/Nee niet overgenomen wordt bij de instantiegegevens. Het veld blijft leeg, terwijl het een verplicht veld is. We zijn hier achter gekomen doordat er een melding komt bij de salarisverwerking. De oplossing is dan de gehele regel bij de instantie Belastingdienst te verwijderen en weer opnieuw toe te voegen. Alleen het vullen van het verplichte veld Loonheffingskorting toepassen lost de foutmelding in de salarisverwerking niet op. Zijn jullie hier mee bekend? Het is lastig te reproduceren, want we hebben iedereen nu reeds handmatig gecorrigeerd en we zien dat het ook vaak goed gaat. Wellicht hebben andere klanten hier ook melding van gemaakt en is er een oplossing voorhanden. Aanvullende details: - Kun je aangeven welke versie van de software jullie gebruiken? - Profit 5 - Zijn er specifieke stappen of situaties waarin dit probleem vaker voorkomt, zoals bij bepaalde sollicitanten of instellingen in het draaiboek? - Dat weten we niet, het lijkt willekeurig. - Hebben jullie al gecontroleerd op eventuele updates die dit probleem kunnen oplossen? - Er zijn geen updates naar mijn weten."
ERP,[Import Export] Aanpassen weergave datum projectbegroting van 01-01-2023 naar 01-01-2025.,Probleembeschrijving: Weergave datum Projectbegroting details lopend datum 01-01-2023 terwijl het begroting 2025 betreft. Hoe kunnen we deze datum aanpassen naar 01-01-2025? Waarschijnlijk is dit ontstaan tijdens het importeren van de voorcalculatie per project-itemcode. Mogelijk is peildatum niet aangepast of is hetzelfde offertenummer uit voorgaande jaren gebruikt. Zie bijlagen. Aanvullende details: - Welke stappen heb je precies doorlopen tijdens het importeren van de voorcalculatie per project-itemcode? - De gebruikelijke stappen. Bij offertenummer wel een nummer gebruikt wat ook in eerdere jaren is gebruikt. Kan mogelijk de verklaring zijn van de foute weergave. - Wat zie je precies in de bijlage waaruit blijkt dat de datum verkeerd is? - Het moet 01-01-2025 zijn. - Wat is de gewenste situatie na het aanpassen van de datum? - 1e bijlage moet overal 01-01-2025 komen te staan.
ERP,"[E-factuur] Foutmelding bij inboeken XML inkoopfactuur: ""Aantal maal prijs wijkt af van regelbedrag""","Probleembeschrijving: Bij het inboeken van een xml van een inkoopfactuur krijgt de factuur de status Fout in regel Als je de factuur dan opent zie je in de regels de melding: ""Aantal maal prijs wijkt af van regelbedrag"" Het helpartikel ""Aantal maal prijs wijkt af van regelbedrag"" heeft geen oplossing gegeven. We maken geen gebruik van ontvangsten in AFAS. En als ik naar de XML (zie bijlage) kijk en daar de velden Base Quantity en Price Amount met elkaar vermenigvuldig kom ik gewoon op het regelbedrag uit. Wat gaat er fout in deze xml? De leverancier heeft ook geen oplossing. Aanvullende details: - Waar loop je precies tegenaan? Kun je meer details geven over de foutmelding? - Foutmelding bij inlezen xml-factuur - Welke stappen doorloop je wanneer deze foutmelding verschijnt? - inboeken factuur - Speelt dit probleem bij meerdere gebruikers of alleen bij jou? - alle gebruikers die facturen boeken"
HRM,"[Insite] Invulformulier op OutSite verzendt geen e-mail na indienen, berichtsjabloon niet aangeboden.","Probleembeschrijving: Invulformulier door sitebezoeker OutSite wordt niet meer per e-mail verstuurd naar ons? Ik heb een tweetal invulformulieren op onze OutSite staan, welke zijn gekoppeld aan een workflow. Elke keer dat het invulformulier wordt ingestuurd en de bijbehorende workflow wordt ingestuurd, zou er een berichtsjabloon verzonden moeten worden naar een autorisatiegroep. Wij komen er nu bij toeval achter dat dit op 7 november 2024 voor het laatst is gebeurd. Tussen 7 november en vandaag zijn er nog 11 formulieren ingevuld op OutSite, waar nooit een berichtsjabloon voor is verstuurd. De workflow is wel gewoon ingestuurd en ook conditioneel afgerond, maar de e-mail die verzonden zou moeten worden, staat niet in de weergave berichthistorie. Het is dus ook niet zo dat deze wel is verzonden, maar de status 'Fout bij verzending' heeft gekregen. Het berichtsjabloon is gewoon nooit 'aangeboden' voor verzending. Er is volgens mij niets gewijzigd aan de invulformulieren, instellingen van het dossieritem, inrichting van de workflow, etc. en ik heb zojuist ook alles nagelopen, maar ik snap niet waarom het berichtsjabloon niet verstuurd wordt. Kunnen jullie dit duiden? Is hier iets over bekend, wellicht sinds Profit 4? Aanvullende details: - Waar loop je precies tegenaan met de verbinding tussen het invulformulier en de verzendworkflow? - De workflow wordt wel opgestart, maar het berichtsjabloon wordt niet aangeboden voor verzending. - Op welke datum zijn de formulieren voor het laatst correct verwerkt? - 7-11-2024. - Welke stappen doorloop je precies als je de instellingen van het invulformulier en de workflow controleert? - Ik check of er niets geblokkeerd staat, of de groep waarnaar gemaild zou moeten worden nog steeds de juiste personen bevat, of de workflow nog steeds goed staat ingesteld onder het tabblad 'Bericht', zoals 'verzenden als dossieritem in deze taak komt', 'Aan', 'Berichtsjabloon', etc."
ERP,[Rest-koppeling | connector | internal 500 server error] Foutmelding bij het oproepen van de connectoren: Server error: Rest services geven nu 500 melding bij alleen token als plain tekst als authorization header,"Probleembeschrijving: Een Rest-koppeling tussen excel en AFAS werkt niet meer. We krijgen de bijgevoegde foutmelding. Dit is erg belangrijk voor onze productieafdelingen en bedrijfsbureau. Kunnen jullie helpen om dit op te lossen? Uit de foutmelding maak ik op dat het om deze get connectoren gaat (denk ik) In het omgevingslogboek zie ik geen waarschuwingen of foutmeldingen die hier, mijn inziens, mee te maken kunnen hebben. Aanvullende details: - Kun je precies aangeven welke foutmelding je ontvangt? - zie bijlage - Welke stappen doorloop je in Excel om de koppeling te gebruiken? - Er zijn rapporten die het bedrijfsbureau dagelijks draait. - Sinds wanneer werkt de koppeling niet meer? - Vanochtend."
HRM,[Payroll Auditor] Parttimer met overuren terwijl de medewerker fulltimer is,"Probleembeschrijving: Goedemiddag, Bij 1 medewerker die werkt geeft de payroll auditor steeds de foutmelding dat het een parttimer is met overuren. Echter weet ik niet waar de auditor vandaan haalt dat het een parttimer is gezien het rooster op 100% staat. Bij de rest van de medewerkers krijg ik ook niet deze melding. Weten jullie waar dit door kan komen? Aanvullende details: - Waar loop je precies tegenaan? Kun je meer details geven over de foutmelding die verschijnt in de payroll auditor, zoals een exacte tekst of code? - Deze medewerker is parttimer en er worden overuren verloond. - Bij welke medewerker speelt dit probleem specifiek (naam of ID)? - 0135 - Mahammadi, R. (Ramazan) - Welke stappen doorloop je om deze melding te krijgen en kun je aangeven waar het rooster op 100% staat ingesteld? Voeg eventueel screenshots toe. - screenshot toegevoegd"
HRM,[Wet verbetering poortwachter] Geen signalen voor periodieke evaluatie bij medewerker met verzuimtype Z.,"Probleembeschrijving: Medewerker 300490 is al ziek sinds 16-09-2024. Dit is ook de gesim datum doorlopend verzuim waarop de wet verbetering poortwachter signalen afgaan. Type verzuim is Z. Er gaan bij deze medewerker echter geen signalen af voor de periodieke evaluatie. Heb een een kopie van de signalen gemaakt en een voorbeeld gedraaid van de gegevensverzameling, maar medewerker komt niet naar voren. Ik begrijp niet waarom. Kunnen jullie mij helpen? Alvats bedankt Aanvullende details: - Kun je precies aangeven welke signalen je verwacht te zien en welke signalen je hebt ingesteld? - de signalenvoor de periodieke evaluatie (week 10,16 en 22) - Kun je een kopie van de signalen en de gegevensverzameling toevoegen? - Betreft AFAS signalen - Is er een specifieke CAO of regeling van toepassing op deze medewerker? - nee"
ERP,[Wens] [powerBI] Aanpassen van de variabelenaam in de PowerBI URL voor project ID.,"Probleembeschrijving: We willen graag per project (dus op de pagina van een project) een externe link opnemen, waarin de project id als variabele wordt meegegeven. Dat kan, maar de variabele moet eigenlijk een andere naam krijgen in de URL. Het gaat in dit geval over PowerBI, maar raakt in mijn ogen niet per se de nieuwe koppelingsmogelijkheden. Is het mogelijk de naam van de variabele net anders mee te geven dan hoe dat nu standaard gebeurt? Request zoals die nu in Profit gedaan wordt: https://app.powerbi.com/reportEmbed?reportId=0f86a2c0-c108-42db-8cb1-de3949aa9616&autoAuth=true&ctid=dd7bc3ee-243b-4d20-a6d0-0e1ced7ae699&dataurl=https%3a%2f%2f96672.afasinsite.nl%2fintegrationdata&tokenurl=https%3a%2f%2f96672.afasinsite.nl%2fintegrationtoken&code=013608454d8e47b9a686129d43e5b2f5&publickey=44573764e6bf4b99b9d687e7f28c0932&sessionid=2f917182e5ae8d181be477bed9dbc5f0&referrer=%2fproject-prs%2flicentie&PrId=0 Request zoals wij hem graag zouden willen: https://app.powerbi.com/reportEmbed?reportId=0f86a2c0-c108-42db-8cb1-de3949aa9616&autoAuth=true&ctid=dd7bc3ee-243b-4d20-a6d0-0e1ced7ae699&dataurl=https%3a%2f%2f96672.afasinsite.nl%2fintegrationdata&tokenurl=https%3a%2f%2f96672.afasinsite.nl%2fintegrationtoken&code=013608454d8e47b9a686129d43e5b2f5&publickey=44573764e6bf4b99b9d687e7f28c0932&sessionid=2f917182e5ae8d181be477bed9dbc5f0&filter=project-prs/PrId%20eq%20%270%27 Aanvullende details: - Kun je precies aangeven hoe en waar de variabele naam aangepast moet worden? - In de aanroep URL (zie omschrijving) - Welke stappen heb je al geprobeerd om dit te realiseren? - Help gelezen - Is er een specifieke foutmelding of onverwacht gedrag dat optreedt bij het aanpassen van de URL? - Nee. Het is nu niet mogelijk."
HRM,"Foutmelding bij workflow onboarden: 'Verantwoordelijke' bestaat niet, selecteer waarde.","Probleembeschrijving: Bij de workflow onboarden zit een stap van PSA na genereren AO ter ondertekening leidinggevende. Hier is de verantwoordelijke gekozen, zoals ook in de indienst workflow staat. Bij het afhandelen van de workflow krijgt PSA een foutmelding wanneer deze stap bereikt wordt. Deze vraag is ook neergelegd bij Tom Lamair, echter heb ik de opdracht om de workflow voor morgen werkend te hebben. Is het mogelijk om hierin vandaag nog ondersteuning te krijgen? In de bijlage zitten de afbeeldingen met foutmelding. We gebruiken het oude gedeelte van sollicitant aanmaken - Vacature koppelen - Aanvullende gegevens opvragen. Daarna wordt de nieuwe workflow gestart. Aanvullende details: - Kun je precies aangeven welke foutmelding er wordt weergegeven? - De ingevulde waarde voor 'Verantwoordelijke' bestaat niet. Gebruik het zoekvenster om een waarde te selecteren - Welke stappen doorloop je in de workflow tot aan de foutmelding? - genereren van een AO - doorzetten ter ondertekening - Kun je bevestigen of de verantwoordelijke correct is ingesteld in de workflow? - nee, dit is precies de vraag die ik heb"
ERP,[SSCC] [Tekst] SSCC labels tonen opmerkingenveld als barcode in plaats van tekst,"Probleembeschrijving: Goedemiddag, We hebben een probleem met de SSCC labels, de THT datum die daarop komt te staan klopt niet helemaal met de pakbonnen. Als er op een pakbon om datum/tijd van 23:00 staat dan gaat die daarop +4 dagen THT berekenen. Dit willen we niet omdat we dan effectief maar 3 dagen THT hebben. De oplossing die we hadden bedacht is om in het pakbon het veld ""Opmerking"" te vullen met de THT datum zodat we die op het SSCC label kunnen tonen. Probleem is dat ik die wel kan toevoegen in het rapport bij het gegevensverzameling alleen deze komt eruit als een barcode (zie screenshots). Hoe kan ik ervoor zorgen dat we dat opmerkingen veld als tekst zichtbaar krijgen op het rapport? Graag met prioriteit omdat we morgen deze labels moeten printen. Groetjes, Mick. Aanvullende details: - Kun je bevestigen of het opmerkingenveld correct gevuld wordt in de gegevensverzameling? - Ja klopt - Kun je uitleggen hoe het veld momenteel als barcode wordt weergegeven? - Als ik hem toevoeg aan het rapport dan zie ik dus een barcode - Welke stappen heb je al geprobeerd om dit probleem op te lossen? - Ik heb geprobeerd meerdere velden toe te voegen en om instellingen op het veld zelf in het rapport aan te passen. Deze stappen bieden geen aanpassingen helaas."
HRM,Verzamelloonstaat per persoon per periode genereren in AFAS.,"Probleembeschrijving: Goedemiddag, Ik wil graag een verzamelloonstaat van 1 persoon waar elke periode op vermeld wordt. Ik kan uit AFAS alleen een verzamelloonstaat voor 1 periode krijgen of een een bedrag cumulatief tot die periode. Aanvullende details: - Kun je aangeven welke stappen je precies volgt om de verzamelloonstaat te genereren? - De cumulatieve verzamelloonstaat is conform de richtlijnen uit het handboek loonheffingen. Ga naar: HRM / Payroll / Salarisverwerkingscockpit, selecteer de juiste periode/ klik op actie 5. Output / Verzamelloonstaat / selecteer het rapport Verzamelloonstaat cumulatief (Profit). - Wat is de gewenste weergave van de gegevens in deze loonstaat, bijvoorbeeld per periode of cumulatief? - per periode - Heb je al geprobeerd een andere rapportageoptie binnen AFAS te gebruiken die mogelijk aan jouw wensen voldoet? - ja al heel veel"
ERP,"[E-factuur] Dubbelklikken op UBL-documenten opent e-facturen verwerken, niet PDF-eigenschappen.","Probleembeschrijving: Goedemiddag, Een klant van ons werkt met e-facturen en scan en herken. Nu sturen leveranciers bij de PDF documenten ook UBL documenten. In profit komen ze dan terecht als UBL, het nadeel, de klant die kan niet meer dubbel klikken zoals hij gewend is als ze als PDF binnen komen om de eigenschappen te openen. Waarom kan dit niet als het binnenkomt als UBL terwijl de PDF er ook achter hangt? Wij horen het graag. Alvast bedankt. Aanvullende details: - Kun je precies aangeven wat er gebeurt wanneer de klant dubbelklikt op een UBL-document? - Dan opent het scherm e-facturen verwerken i.p.v. het scherm waar je de PDF ziet en de gegevens kan selecteren. - Sinds wanneer speelt dit probleem en werkte het eerder wel zoals gewenst? - Sinds de klant met scan en herken werkt, ongeveer 2 weken. - Welke stappen doorloopt de klant om bij deze situatie te komen? - Bij het dubbelklikken op een regel in de weergave e facturen verwerken."
HRM,"Verlofprioritering per CAO instellen, maar wordt toegepast in alle cao's","Probleembeschrijving: Per CAO een aparte verlofregeling instellen. Onze CAO WSW Sociale Werkvoorziening, geldt de regeling dat zowel Wettelijke als Bovenwettelijke verlofuren 5 jaren geldig zijn. We willen voor deze CAO de verlofrechten inrichten, dat deze eerst de ""oudste"" verlofsaldo's opneemt en niet eerst de wettelijke verlofuren en pas naar de bovenwettelijke verlofuren op gaat nemen. Nu heb ik dat in de testomgeving ingericht (zie bijlage), en alleen voor die specifieke werkgever aangezet, maar dan gaat deze ook over alle CAO's dit overschrijven. Aanvullende details: - Kun je bevestigen of je de bijlage hebt toegevoegd? Deze lijkt niet bij de melding te zitten. - ja - Kun je precies aangeven welke instellingen je hebt aangepast in de testomgeving? - zie bijlage - Kun je aangeven of je de instellingen hebt toegepast op de CAO of op de werkgever? - CAO per werkgever"
HRM,[Autorisatierol] Persoonlijke rol of tijdelijke rol medewerker importeren of via connector updaten,"Probleembeschrijving: Op medewerkersniveau kan je een persoonlijke rol toekennen via tabblad Autorisatierol. kan ook via InSite via het dossieritem -126 Medewerker persoonlijke rol (Profit). Is het ook mogelijk om deze rollen te importeren of via een updateconnector eenmalig toe te kennen? Wij willen de persoonlijke rollen gebruiken voor de fiatering rollen die we in het procuratieschema hebben opgenomen. Nu werken we nog met groepen gebaseerd op een selectie. We willen de financiële key users dit laten onderhouden, alleen moeten we initieel de huidige situatie inrichten. We hebben alleen nogal veel kostenplaatsen en dus veel persoonlijke rollen. Ben dus op zoek naar een manier om de persoonlijke rollen in te lezen. Aanvullende details: - Kun je aangeven of je specifiek zoekt naar informatie voor een import via XML, Excel of handmatige input? - Via Excel - Zijn er specifieke richtlijnen die de persoonlijke rollen moeten volgen binnen jullie configuratie? - nee - Hebben jullie geprobeerd om gegevens te exporteren en formatteerbaar te maken voor herimport, bijvoorbeeld via AFAS Profit zelf? - ik kan geen importdefinitie vinden hiervoor"
HRM,"Ouderverlofaanvragen zijn niet zichtbaar voor teamleads, controleer workflows.",Probleembeschrijving: Er gaat iets niet goed met de ouderverlofaanvragen: de teamleads zien ze niet meer verschijnen. Kunt u kijken of er iets in de workvlows is veranderd? Aanvullende details: - Waar loop je precies tegenaan? Kun je meer details geven over wat de teamleads niet zien en waar ze dit normaal zouden moeten zien? - zie boven - Sinds wanneer speelt dit probleem? - sinds een paar eken - Tot wanneer werkte het nog wel? Is er sindsdien iets gewijzigd/aangepast in de workflows of instellingen? - dat kan ik niet meer goed achterhalen. maar ze zagen de aanvragen altijd wel.
HRM,[Draaiboek sollicitant] Is het vanaf Profit 6 mogelijk om vrije dossieritems te gebruiken vanuit draaiboek sollicitant?,"Probleembeschrijving: Ik heb begrepen van mijn collega's, die gisteren aanwezig waren bij de bootcamp Onboarden, dat er vanaf profit 6 gebruik gemaakt kan worden van vrije dossieritems bij de draaiboeken vanuit sollicitant. De trainer heeft dit tijdens de bootcamp bekend gemaakt. Zouden jullie dit willen bevestigen? Want dit heeft flinke impact op de wijze waarop wij de draaiboeken inrichten. Als de keuze is gemaakt om wel vrije dossieritems toe te staan bij draaiboeken dan horen wij dat graag. En als dat zo is, zou er dan een patch in profit 5 beschikbaar kunnen komen waarmee dit wordt geregeld? Want we willen graag het hele onboarden proces doortesten in profit 5 voordat we overgaan naar profit 6. Om te voorkomen dat we het risico lopen dat de inrichting in profit 6 op het allerlaatste moment binnen korte tijd door ons ingericht dient te worden. Aanvullende details: - Kun je bevestigen of dit een vraag is over functionaliteit in Profit 6? - ja - Wil je weten of vrije dossieritems beschikbaar zijn in draaiboeken voor sollicitanten vanaf Profit 6? - ja - Vraag je specifiek naar de mogelijkheid van een patch voor Profit 5 om deze functionaliteit te testen? - ja"
HRM,[Wachtrij] Loonstrook via wachtrij automatisch verstrekken geeft fout | The operation has timed out.,"Probleembeschrijving: Afdrukken van de loonstroken is een geautomatiseerd proces, met enig regelmaat gaat dit proces mis. De foutinformatie bevat technische informatie. Kunnen jullie deze uitleggen, zodat we dit kunnen voorkomen? Uiteindelijk hebben de stroken handmatig alsnog verstuurd, het is echter prettig als hier geen omkijken naar is. Aanvullende details: - Waar loop je precies tegenaan bij het afdrukken van de loonstroken? - Dat deze niet worden verstuurd - Sinds wanneer speelt dit probleem? - Zie bijlage - Tot wanneer werkte het afdrukken van de loonstroken nog wel? Is er sindsdien iets gewijzigd? - Elke periode worden bij 6 werkgevers de stroken automatisch verstuurd. Incidenteel gaat het mis, zie screenshot"
ERP,[Foutmelding] Foutmelding bij financiële mutaties in inkoopboeking: kan niet verder met Profit.  Cannot call Arrange on a UIElement with infinite size.,"Probleembeschrijving: Ik krijg een foutmelding, deze kan ik niet wegklikken en daardoor kan ik ook niet verder profit gebruiken. Aanvullende details: - Kun je aangeven in welke module of scherm van Profit deze foutmelding verschijnt? - Bij financiele mutaties (inkoopboeking) - Sinds wanneer ervaar je dit probleem, en werkte het daarvoor zonder problemen? - Sinds 20 minuten geleden, daarvoor kon ik wel inkoop nakijken en aanpassen - Heb je al geprobeerd om de applicatie opnieuw op te starten of een andere browser/machine te gebruiken? - Ja, maar wanneer ik de applicatie weer open, krijg ik meteen de foutmelding"
ERP,"Aanpassen van periodetabel van ""4 weken Financieel"" naar ""Maand Financieel"" niet mogelijk.","Probleembeschrijving: In de omgeving 97729AA administratie Green Teams Europe Group B.V. is door de inrichter onder de instellingen van de administratie - Balans - Periodetabel financieel ""4 weken Financieel"" geselecteerd. Dit moet de periodetabel Maand financieel zijn. Is dit op enig manier aan te passen? Aanvullende details: - Kun je bevestigen of er al transacties zijn geboekt in de administratie met de huidige periodetabel? - Er zijn al mutaties geweest - Heb je geprobeerd om via 'Instellingen' > 'Administratie-instellingen' dit aan te passen, en wat gebeurde er toen precies? - Staat als niet aan te passen - Is het mogelijk dat we toegang krijgen tot een schermafbeelding van waar deze instelling zichtbaar is (indien niet inbegrepen)? - Is toegevoegd"
ERP,"Pakbon kan niet vrijgegeven worden na gereedmelding, hoe dit op te lossen?","Probleembeschrijving: als een pakbon is gereedgemeld kan ik deze met geen mogelijkheid meer vrijgeven. hoe kan dit opgelost worden? kan dit via een vink op pakbon niveau? of op regelniveau toevoegen dat je dit terug kunt draaien of vrij geven? Aanvullende details: - Kun je precies aangeven welke stappen je doorloopt voordat de pakbon gereed wordt gemeld? - het gereedmelden lukt, dat is geen probleem. - Sinds wanneer ervaar je dit probleem? - vanaf het begin van het gebruilk - Heeft het eerder gewerkt en is er sindsdien iets veranderd in de instellingen of processen? - nee niet eerder gewerkt."
ERP,"Fout bij verzenden van BTW-aangifte, geen specifieke foutmelding gegeven.","Probleembeschrijving: BTW aangifte klaargezet. Bij het verzenden is er een foutmelding. Hoe zorg ik ervoor dat de aangifte alsnog ingezonden kan worden. Aanvullende details: - Kun je precies aangeven wat de foutmelding inhoudt? - Fout bij verzenden is de enigste melding - Sinds wanneer ervaar je dit probleem? - Sinds vandaag, Alleen bij administratie 82. Bij een andere administratie de aangifte die later is gemaakt word gewoon verzonden. - Heb je gecontroleerd of de instellingen voor de BTW-aangifte correct zijn? - Ja. zie ook info hierboven."
HRM,"[Contractverlening] Aanpassen van fte per dag bij medewerker niet mogelijk, velden zijn uitgegrijsd | Standaard rooster","Probleembeschrijving: Goedemorgen, Bij het verlengen van een contract via Insite lukt het bij één medewerker niet om de fte per dag aan te passen. Deze velden zijn uitgegrijsd alsof ze niet aanpasbaar zijn. In de context zijn ze wel ingesteld als aanpasbaar en bij andere medewerkers kan het wel. Wat kan ik hieraan doen? Met vriendelijke groet, Loes de Waele Aanvullende details: - Bij welke medewerker speelt dit probleem precies? - Naomi Jacobs 100590 - Kun je bevestigen of er specifieke instellingen of afwijkingen zijn bij deze medewerker die anders zijn dan bij anderen? - Volgens mij niet. Het enige verschil is dat zij van fulltime naar parttime gaat. - Heb je al geprobeerd de contextinstellingen opnieuw te controleren of aan te passen? - Ja, maar die staan (volgens mij) correct ingericht."
HRM,[Vervoermiddel] Kilometerstand uitvragen geeft foutmelding: De einddatum van het leasecontract mag niet kleiner zijn dan de einddatum van het vervoermiddel contract bij medewerker X,"Probleembeschrijving: Ik wil de kilometerstanden uitvragen via HRM - Mobiliteit - Vervoermiddel - Acties - Kilometerstand uitvragen. Bij 2 medewerkers krijg ik de melding De einddatum van het leasecontract mag niet kleiner zijn dan de einddatum van het vervoermiddel contract bij medewerker X. Dit is bij Bernard de Boer en Jarno ten Broek. Echter is m.i. die datum gelijk, zie toegevoegde afbeeldingen. Dus ik weet niet waarom deze foutmelding nou komt. Aanvullende details: - Kun je bevestigen of de einddatums van zowel het leasecontract als het vervoermiddel contract exact gelijk zijn in de database? - Ja m.i. wel. - Heb je gecontroleerd of er geen spaties, onzichtbare tekens of tijdstippen bij deze datums staan die een verschil kunnen veroorzaken? - Sure - Zijn er nog andere medewerkers waarbij dit probleem speelt, naast Bernard en Jarno? - Nee"
ERP,[Digipoort] Geen VIA-gegevens ophalen bij het openen van IB 2024.,Probleembeschrijving: Ik kan geen VIA gegevens ophalen. Aanvullende details: - Kun je aangeven of de foutmelding consistent optreedt bij alle pogingen om VIA-gegevens op te halen? - ja - Heb je gecontroleerd of er wijzigingen zijn geweest in de instellingen van Digipoort of AFAS Software sinds het probleem begon? - nee - Kun je precies beschrijven welke stappen je volgt voordat de foutmelding verschijnt? - Ik open de IB 2024 bij de klant. Daarna open ik de optie 'VIA ophalen'.
ERP,"[icp-aangifte | verzenden mislukt] Foutmelding bij versturen ICP-aangifte: ""Het is - met de huidige verzendstatus - niet toegestaan de aangifte te verwijderen.""","Probleembeschrijving: Mijn collega Manon Belfroid krijgt een foutmelding bij het versturen van de btw/ICP aangifte van Stal Romano in omgeving Verbeek & Partners. De BTW-aangifte is wel verzonden, maar de ICP-aangifte niet. Deze kan ook niet meer verwijderd worden, omdat de BTW-aangifte wel verstuurd is. Aanvullende details: - Wat is de exacte foutmelding die Manon Belfroid ontvangt bij het versturen van de ICP-aangifte? - Het is - met de huidige verzendstatus - niet toegestaan de aangifte te verwijderen, om te voorkomen dat deze aangifte na verwijderen nogmaals wordt ingezonden. Een aangifte voor een periode mag maximaal één keer verzonden worden naar de Belastingdienst. Correcties in een voorgaande aangifteperiode boven de €1.000 worden automatisch opgenomen in een suppletie aangifte en correcties onder de € 1.000 gaan automatisch mee in de aangifte van de volgende periode. ================================================================ Description.....: [MESSAGE]: Het is - met de huidige verzendstatus - niet toegestaan de aangifte te verwijderen, om te voorkomen dat deze aangifte na verwijderen nogmaals wordt ingezonden. Een aangifte voor een periode mag maximaal één keer verzonden worden naar de Belastingdienst. Correcties in een voorgaande aangifteperiode boven de €1.000 worden automatisch opgenomen in een suppletie aangifte en correcties onder de € 1.000 gaan automatisch mee in de aangifte van de volgende periode. Type............: Afas.Profit.MessageException HResult.........: -2146233088 (0x80131500) Source..........: AfasFiMain TargetSite......: Void DeleteLastHandler(System.String) DeclaringType...: AfasFiMain.AfasFiVatIctFile, AfasFiMain ProductVersion..: 209.14008.48649966+20241205130542.r1.1f97c36b48cdd5e30bdc8a434864cd9ad9c6cbb6 ---------------- Action Id.......: mcDeleteLast Action Form.....: AfasFiMain.AfasFiVatIctFile Action View.....: (Fi, Vif01) ================================================================ at void AfasFiMain.AfasFiVatIctFile.DeleteLastHandler(string parActionId) in C:/Dev/profit-release/08/src/Financial/Projects/AfasFiMain/Class Modules/AfasFiVatIctFile.vb:line 1118 at void AfasFiMain.AfasFiVatIctFile.OnViewAction(ViewAction parSender, ViewActionEventArgs parEventArgs) in C:/Dev/profit-release/08/src/Financial/Projects/AfasFiMain/Class Modules/AfasFiVatIctFile.vb:line 357 at void Afas.Profit.Forms.ActionBase.InternalExecute() in C:/Dev/profit-release/08/src/Anta/Projects/Cool Projects/Afas.Profit.Forms/FormDefinitions/ActionBase.cs:line 375 at void Afas.Profit.Forms.ActionBase.ForceExecute() in C:/Dev/profit-release/08/src/Anta/Projects/Cool Projects/Afas.Profit.Forms/FormDefinitions/ActionBase.cs:line 343 ================================================================ Version.........: 2.9.1400.8 EnvironmentId...: O61361AB UserId..........: 61361.Jolanda.v.Mook AppMode.........: 0 Time............: 17-04-2025 14:15:54.791 +02:00 Session.........: AFAS\61361.Jolanda.v.Mook on AFAS\XENAPPP13070$ UnitId..........: 385 MemberId........: 61361 MemberNumber....: 61361 - Kun je bevestigen of de foutmelding in de bijlage overeenkomt met de foutmelding die je in de omschrijving hebt genoemd? - Ja - Welke stappen heeft Manon Belfroid precies doorlopen bij het versturen van de ICP-aangifte? - Definitief stellen, klaarzetten, verzenden/ontvangen"
ERP,XBRL is ongeldig bij indienen IB-aangifte 2024 door taxonomie regels.,"Probleembeschrijving: Ik heb een probleem ondervonden bij het indienen van een IB-aangifte vanuit AFAS in MKW Online. De aangifte verscheen niet in de portal en gaf een foutmelding. Zie bijlage ""Deze XBRL is ongeldig"" Dit probleem werd tijdelijk opgelost door een spatie toe te voegen achter een dubbele waarde, maar dit is geen structurele oplossing. De dubbele waarde betreft bedragen die gesplitst zijn door een huwelijk, wat fiscaal correct is, maar niet door de validatie komt vanwege taxonomie regels. Zie bijlage: ""Inkomen uit aanmerkelijk belang"" Pinkweb heeft aangegeven dat het aanpassen van de taxonomie niet eenvoudig is en waarschijnlijk door AFAS moet worden aangepakt. Valt dit op te lossen of is dit niet mogelijk? Aanvullende details: - Kun je precies aangeven welke foutmelding er wordt weergegeven bij het indienen van de aangifte? - XBRL is ongeldig - Over welk fiscaal jaar gaat deze aangifte? - IB aangifte 2024 - Kun je bevestigen of dit probleem speelt bij meerdere aangiften of cliënten, of slechts bij één specifieke situatie? - taxonomie aanpassing"
ERP,[Client IB | Partner | Accountancyportal] Toegang tot accountancyportal voor parteraangifte.,"Probleembeschrijving: We lopen vast en hopen dat jullie ons kunnen helpen. Het gaat om de aangiften IB 2024 van de heer B.H. Ten Haken en mevrouw M. Ten Haken - Linsen. Alleen van mevrouw hebben we een e-mailadres. We hebben voor beiden een aangifte klaargezet via het klantportaal, met de bedoeling dat beide aangiften via haar portaal worden aangeboden en door haar geaccordeerd kunnen worden, omdat we van meneer geen e-mailadres hebben. In Profit heb ik mevrouw bij meneer als bestaand contactpersoon toegevoegd onder het onderdeel ""Contacten"". Als ik echter op ‘Portal toegang’ klik en wil inloggen, krijg ik de volgende foutmelding: “Controleer in alle omgevingen (incl. ‘…’) of er een gebruiker actief is met dit e-mailadres. Ga naar help.afas.nl en zoek op de melding voor meer informatie.” Mijn vraag is: -Is het mogelijk om beide aangiften via hetzelfde portaal (van mevrouw) aan te bieden voor accordering? -Wat moet ik aanpassen om dit goed werkend te krijgen? -Bij taak staat de status nu op 'klant', dus voor ons lijkt alles weg te zijn. Had ik ergens kunnen controleren dat dit niet goed ging of dat de aangifte dus niet zichtbaar is bij mevrouw? Alvast bedankt voor jullie hulp! Aanvullende details: - Kun je precies aangeven welke stappen je hebt doorlopen om mevrouw als contactpersoon bij meneer toe te voegen? - Aangifte is al verzonden, maar alleen die van mevrouw is zichtbaar in haar portaal. Bij meneer hebben we wel mevrouw haar profiel toegevoegd in profit. maar portal toegang vinkje staat uit, want email mag niet dubbel ingevoerd worden. - Heb je gecontroleerd of het e-mailadres van mevrouw al in gebruik is in een andere omgeving? - Ja die word gebruik bij mevrouw zelf - Kun je bevestigen of de foutmelding optreedt bij het instellen van de portal toegang of bij het accorderen van de aangiften? - nvt"
HRM,Aanpassen van 5 mei als nationale feestdag in de cao instellingen.,"Probleembeschrijving: In onze cao is 5 mei geen nationale feestdag, ook niet een keer in de 5 jaar. Echter staat dit wel bij de GGI nu. Hoe kan ik dit aanpassen? Aanvullende details: - Kun je aangeven waar je precies ziet dat 5 mei als nationale feestdag staat ingesteld? - Dit staat bij de afas app op niet beschikbaar. - Kun je een screenshot of een beschrijving van de instellingen van de feestdagen in de CAO toevoegen? - j - Heb je al geprobeerd de feestdaginstellingen in de CAO aan te passen? - ja"
HRM,Foutmelding bij openen beoordeelpagina onboard (-170): The given key 'Z30' was not present in the dictionary.,"Probleembeschrijving: Foutmelding bij openen beoordeelpagina onboard (-170). Ik kan geen beoordeelpagina meer benaderen van de onboarden workflows. Ik krijg dan een foutmelding: The given key 'Z30' was not present in the dictionary. Ik heb in diverse browsers getest en in een incognito browser, maar dat levert ook geen resultaat op. Aanvullende details: - Waar loop je precies tegenaan bij het openen van de beoordeelpagina? - Ik krijg direct bij het openen een foutmelding met: Er is iets misgegaan tijdens het weergeven van deze pagina. Laad de pagina opnieuw of ga naar een andere pagina om door te gaan. - Sinds wanneer speelt deze foutmelding? - Sinds 17-04-2025 - Tot wanneer werkte het nog wel en is er sindsdien iets gewijzigd in de workflows of instellingen? - werkte voor 17-04-2025 nog wel"
ERP,Afgekeurde contracten zijn niet zichtbaar voor alle inkopers in 'Alle afgekeurde contracten in de workflow'.,"Probleembeschrijving: Hoi Dennis, Nog een vraag in het verlengde van incident 2329674 die reeds is afgesloten. Een afgekeurd contract is niet zichtbaar in de weergave 'Te beoordelen contracten' omdat deze niet meer ter beoordeling staat tot deze opnieuw word ingestuurd, begrijpelijk. Waarom wordt deze ook niet voor iedereen zichtbaar in de weergave 'Alle afgekeurde contracten in de workflow'? Als voorbeeld heb ik in de TO testomgeving contract C2025-024 afgekeurd, deze is enkel voor de instuurder en Functioneel beheer zichtbaar, maar niet voor de overige inkopers. De pagina is wel toegevoegd en geautoriseerd aan de functionaliteit 'INK: Strategisch/tactisch inkoper' waar alle inkopers inzitten. Wat mis ik? Aanvullende details: - Kun je bevestigen of de autorisatie voor de functionaliteit 'INK: Strategisch/tactisch inkoper' correct is ingesteld voor alle inkopers? - ja - Kun je aangeven of dit gedrag consistent is voor alle afgekeurde contracten of alleen voor contract C2025-024? - Dit geldt voor alle afgekeurde contracten - Kun je toelichten welke stappen je hebt doorlopen om dit te testen? - Autorisatie en voorbeeld weergave gecontroleerd op pagina, functionaliteit, pagina onderdelen, autorisatie en in de autorisatie tool."
ERP,ING bankkoppeling voor SB ondernemen,N.a.v. het gesprek over de klacht. Klant wil graag de ING koppeling gebruiken voor SB ondernemen.
ERP,Instellen verzamelmethode 'verplichting per inkooporderregel' in profiel en boekingslay-out.,"Probleembeschrijving: Hoi Dennis, We hebben de nieuwe inrichting van verplichtingen vanuit order vs confrontatie ontvangst getest en lopen tegen het volgende aan. Vanuit het inkooprelatieprofiel kunnen we de verzamelmethode verplichting per inkooporderregel of artikelgroep instellen. Kunnen we deze optie ook vanuit het profiel en/of de boekingslay-out instellen? Ik zie enkel de optie verplichting aanmaken in de context van de inkoopaanvraag en niet op regel niveau. Hierdoor wordt er één verplichtingsregel aangemaakt in AFAS, en bij de verwerking van in Scansys krijg je dan ook één regel waarop je de factuur kunt verwerken. Voorbeeld: Projectaanvraag OR25-03799 bestaat uit 2 orderregels die zijn aangemaakt via wf inkoopaanvraag project. Instelling hierbij was verplichting aanmaken in inkooprelatieprofiel uit gevinkt en in de context van het Profiel 'Aanmaken inkoopaanvraag project' aangevinkt. In AFAS is op basis hiervan direct verpl.nr 196.302 aangemaakt. Nu zien we dat AFAS er één regel van maakt en niet per orderregel. Het veld verplicht wordt niet meer gevuld met de omschrijving zoals in de aanvraag is meegegeven, waardoor we geen zicht meer hebben welke orderregel en bijbehorende verplichting nu is afgehandeld. Dit beeld wordt in Scansys doorgezet waardoor daar het zicht op wat besteld en gefactureerd wordt ook volledig is verdwenen. Hopelijk is er een mogelijkheid om de verzamelmethode 'verplichting per inkooporderregel' op het profiel in te stellen. Groetjes Franca Aanvullende details: - Kun je precies aangeven welke stappen je hebt doorlopen om dit te testen? - Inrichting volgens best practice afas ingesteld in doorlopen in de testomgeving - Speelt dit probleem bij meerdere projecten of alleen bij OR25-03799? - Nee, dit geldt voor alle orders met de aangegeven instelling - Wat is de gewenste situatie die je probeert te bereiken met de verzamelmethode? - Dat de verzamelmethode 'verplichting per inkooporderregel' in de context op een gewenst profiel kan worden ingesteld."
HRM,Foutmelding bij genereren signaal: Inserted value does not meet the length requirements for field 'Zakelijk mailadres' (U72F43447955140DD8A56A870CAE6A50C). Max length = 30,"Probleembeschrijving: Goedemiddag, Goedemiddag, Het signaal dat 6 maanden voor aflopen van het leasecontract gegenereerd wordt, werkt niet. Floor Wassenaar heeft 1 gedeelte van het probleem opgelost, maar het lukt haar niet om (in de tijd) het gehele probleem op te lossen. Zie mail in de bijlage. Het proefsignaal wordt gegenereerd, maar komt niet in het dossier van de medewerker terecht. Kunnen wij hier op korte termijn bij geholpen worden? Alvast bedankt, groeten, Simone van den Hurk Aanvullende details: - Waar loop je precies tegenaan met het signaal dat niet in het dossier terechtkomt? - Dat we leasecontracten niet tijdig verlengen indien nodig. - Sinds wanneer speelt dit probleem? - Sinds een paar weken? - Wat is er precies gewijzigd door Floor Wassenaar en wat is nog niet opgelost? - Zie email."
HRM,[Bijlage] [Overzicht] Diploma in InSite openen lukt niet; regel met bijlage is niet klikbaar.,"Probleembeschrijving: Goedemiddag! We maken nu bij onboarden gebruik van de draaiboek taak: aanmaken opleidingen, voorheen deed we dit anders. De medewerker ziet de registratie van opleiding in InSite, maar je kan de regel niet open klikken, waarin de bijlage zit. hoe kan ik diploma openen in inSite die als opleiding is toegevoegd? want dit willen we natuurlijk wel voor de medewerker. Aanvullende details: - Waar loop je precies tegenaan? Kun je meer details geven over wat er gebeurt als je probeert de diploma te openen in InSite? - Je kan de regel niet openen - Welke stappen doorloop je om de diploma te openen? Kun je een beschrijving geven van het proces? - Er op klikken - Sinds wanneer speelt dit probleem? - Altijd al, maar voorheen registreede we de diploma via een vrij type dossier item"
ERP,[back-up | terugzetten] Herstel van verwijderde financiële mutaties en terugzetten back-up vóór 18-04-2025.,"Probleembeschrijving: Ik heb mutaties verwijderd in financiële mutaties die niet verwijderd hadden moeten worden. Ik heb jullie hulp nodig om een back-up terug te zetten en de werkzaamheden die ik verricht heb van 18-04-2025 te herstellen. Aanvullende details: - Kun je precies aangeven welke mutaties zijn verwijderd? - alles met datum gewijzigd en dan ""2025"" - Heb je een back-up beschikbaar van de gegevens vóór 18-04-2025? - Nee, die hebben jullie als het goed is. - Zijn er specifieke financiële periodes of transacties die hersteld moeten worden? - Alles"
ERP,Verliesverrekening Bellagio Beheermaatschappij NV in aangifte 2023 Kokobel BV ontbreekt.,"Probleembeschrijving: Kokobel BV is per 1-1-2023 gefuseerd met Bellagio Beheermaatschappij NV. Bellagio was verdwijnende vennootschap. Bellagio heeft over 2022 fiscaal te verrekenen verliezen van € 1.422.006. Kokobel zelf heeft over 2022 fiscaal te verrekenen verliezen van € 1.475.802. Ik heb twee regels aangemaakt voor de te verrekenen verliezen van 2022 met de bedragen hierboven per vennootschap, maar alleen het bedrag voor Kokobel zelf wordt meegenomen in de telling. Het maakt hierbij niet uit of ik in de regel voor Bellagio bij vennootschap niets kies en handmatig de RSIN van Bellagio invul of dat ik bij vennootschap Kokobel BV kies: Zie 2 bijlagen. De vraag is: Hoe krijg ik de te verrekenen verlies over 2022 voor Bellagio in de aangifte 2023 van Kokobel verwerkt? Aanvullende details: - Kun je bevestigen of de fusie correct is verwerkt in de software, inclusief de overdracht van fiscale gegevens? - Wat bedoel je precies met deze vraag? Als ik in Helpcenter zoek, krijg ik helemaal niets over fusies. - Kun je aangeven welke stappen je hebt doorlopen om de verliezen van Bellagio in te voeren? - Zie hierboven bij Beschrijving. - Kun je de diagnose van de aangifte 2023 delen, zodat we de verwerking kunnen controleren? - zie bij diagnose"
ERP,"Foutmelding bij maken van GetConnector met logtabel voor inkooporder. "" Cannot find getconnector fields.""","Probleembeschrijving: Hi AFAS, Ik krijg bij het maken van een GetConnector op basis van de gegevensverzameling 'Logtabel voor inkooporder (rapport)' de onderstaande foutmelding. Dit krijg ik in meerdere omgevingen. Andere logtabellen lijken ook niet te werken. Weten jullie hoe dit kan? Hoor graag. Met vriendelijke groet, Kay Moekotte Aanvullende details: - _Kun je precies aangeven welke stappen je doorloopt bij het maken van de GetConnector?_ - Klikken op nieuw en dan gegevensverzameling. - _Sinds wanneer speelt dit probleem?_ - Sinds vandaag - _Hebben de logtabellen ooit gewerkt in deze omgevingen?_ - Niet dat ik weet."
HRM,[Proforma] Hogere premie bij proefberekening pensioen,Probleembeschrijving: Pensioenpremie wordt niet goed berekend vanaf 1/6 Bij proforma berekening in juni wijzigt van de premie OP van 373.1 naar 1012.94 (WN 103770) en de AP premie van 4.01 naar 20.06 als ik voor mijzelf een proforma berekening maak voor juni zie ik ook de pensioenpremie fors stijgen Aanvullende details: - Wat is de gewenste situatie voor de pensioenpremie vanaf 1 juni? - ongewijzigd - Kun je de berekening zoals Profit deze nu maakt en zoals je deze verwacht toevoegen? - zie bijlage voor de salarisberekening van april en juni - Zijn er wijzigingen doorgevoerd in de CAO of pensioenregeling die invloed hebben op de berekening vanaf 1 juni? - nee
ERP,Hoe zie ik waar een inkoopfacturenworkflow is blijven hangen,
HRM,Instellen van LC 1034 voor uitbetaling waarde vakantieuren werkt niet zoals verwacht.,"Probleembeschrijving: Goedemorgen, wij hebben een uurloner waarbij naast de vakantietoeslag ook de waarde van de vakantieuren direct moet worden uitbetaald. Ik heb dit proberen activeren op medewerkerniveau in de loonverwerking op LC 1034. zie bijlage Er gebeurt echter niets. Het betreft M. Verdoorn. Aanvullende details: - Kun je precies aangeven wat je hebt ingesteld op medewerkerniveau voor LC 1034? - 100.002.016 berekenen ja nee - ingesteld op Ja - Kun je bevestigen of LC 1034 een eigen looncomponent is of een standaardcomponent? - standaard - Kun je aangeven wat je precies verwacht dat er gebeurt? - uitbetaling waarde vakantieuren"
ERP,Aanpassen afschrijvingsvoorwaarden voor meerdere hardware-activa met verschillende aanschafperiodes.,"Probleembeschrijving: Wij hebben op 01-01-2025 2 nieuwe BV's toegevoegd. Daarin wordt sommige hardware ook overgenomen. Een voorbeeld daarvan is hardware aangeschaft bij yellow arrow BV voor E. Slager (aangeschaft en geactiveerd op 21-12-2023). Nu heb ik het actief verkocht op 01-01-2025 aan yellowDATA en de factuur opgesteld voor de boekwaarde incl. btw en gestuurd. Nu wil je hem activeren bij yellowDATA maar de afschrijvingsvoorwaarde voor hardware is 5 jaar. Kan ik ergens dit aanpassen zodat ik de boekwaarde en dan ook nog de resterende afschrijvingsperiode zelf kan beslissen en invullen? En dan voor meedere hardware. een stuk of 5 maar dan is het niet handig om meerdere activagroepen te maken hiervoor. Kan ik dit ergens aanpassen? Scheelt een hele hoop correcties. Ik hoor het graag. Mvg, Marjie Schuur Aanvullende details: - Kun je aangeven in welk scherm of welke module je dit probeert aan te passen? - x - Heb je al geprobeerd de afschrijvingsvoorwaarden aan te passen in de instellingen van de activa-module? - Ja maar het gaat om meerdere actieven met verschillende aanschafperiodes in het verleden. - Is er een specifieke foutmelding of beperking waar je tegenaan loopt bij het invoeren van de nieuwe afschrijvingsperiode? - x"
HRM,Afstand woon-werk wordt niet automatisch bijgewerkt in looncomponent bij onboarden.,"Probleembeschrijving: Bij onboarden wordt de afstand woon-werk niet bijgewerkt in het looncomponent, dit moet PA handmatig doen. Aanvullende details: - Kun je precies aangeven welke stappen je doorloopt tijdens het onboarden? - Als de onboarden taak definitief is, ontvangt PA nog een taak om woon-werk te controleren in Profit bij looncomponent. Daar staat niks en het moet handmatig toegevoegd worden door PA. Dit lijkt me niet de bedoeling. - Wat is het stamnummer van looncomponent 900? - 100.008.016 - Is er een specifieke medewerker waarbij dit probleem speelt, of gebeurt dit bij alle nieuwe medewerkers? - Bij alle nieuwe medewerkers."
ERP,Foutmelding bij indienen BTW: 'Neem contact op met support' veroorzaakt door correcties.,"Probleembeschrijving: insturen BTW lukt niet en krijgen de foutmelding neem contact op met support Aanvullende details: - Kun je aangeven welke stappen je precies doorloopt voordat de foutmelding verschijnt? - Hi, bij het indienen van de BTW van TBTM via SB krijg ik een melding dat er € 1.389,04 aan correcties open staat. Als ik klik op ‘suppleties toevoegen’ krijg ik de melding ‘Er zijn perioden met een onjuiste statusvolgorde’ (zie bijlage) Hoe kan de BTW alsnog ingediend worden? Alvast bedankt. - Heb je gecontroleerd of er signalen in de administratie staan die mogelijk verband houden met deze foutmelding? - ja - Kun je bevestigen of er recent wijzigingen zijn aangebracht in de BTW-instellingen of periodes? - nee"
HRM,[PCC] POCI-instellingen opslaan. Lokale schijf niet zichtbaar,"Probleembeschrijving: Vorige week is mijn computer (door onze systeembeheerder Patrick Lariccia) gewijzigd van een Active directory Attema naar een nieuwe Active directory (moederbedrijf Kaiser). Het windows profiel is dus opnieuw aangemaakt. Hierdoor zijn de instellingen in de PCC verdwenen. Toen ik (gebruiker: Jannie van de Graaf) vandaag AFAS voor het eerst opstartte na bovenstaande situatie, werd er aangegeven dat CITRIX niet geinstalleerd stond en werk ik in de web-versie van Citrix. Ik heb vandaag een Analyse HRM (bezettingslijstje) gedraaid, maar de PCC doet het niet meer. Ik zie dit bestand nog wel in ” mijn bestanden“ staan, maar ik kan het verder niet lokaal opslaan en bewerken. Ik heb mijn systeembeheerder om hulp gevraagd. Hij heeft geprobeerd om de instellingen weer terug te krijgen in de PCC, maar we krijgen het POCI bestand niet lokaal op de c-schijf. Hoe moeten we dit oplossen? Aanvullende details: - Kun je precies aangeven welke foutmelding er verschijnt bij het gebruik van de PCC? - geen foutmelding - Hebben jullie al gecontroleerd of Citrix correct is geïnstalleerd en geconfigureerd op jouw nieuwe profiel? - ja, dat staat correct - Is er een specifieke reden waarom het POCI-bestand niet lokaal kan worden opgeslagen, zoals rechten of instellingen? - niet dat we weten"
ERP,[Blokkering] XML-generatie voor administratie 99 geannuleerd; aangifte opent niet meer.,"Probleembeschrijving: Beste Voor administratie 99 (Melis Mgmt) wou ik zonet de XML genereren maar heb dit proces geannuleerd. Als ik nu die aangifte gewoon wil openen dan lukt dit niet, deze gaat niet meer open ... ik krijg ook geen foutmelding of zo... Die van administratie 1 (Melicts) gaat wel gewoon open. Kunnen jullie bekijken aub, dit is redelijk dringend aangezien de BTW ingediend moet worden? Alvast bedankt. Aanvullende details: - Kun je precies aangeven welke stappen je hebt doorlopen voordat je het proces annuleerde? - Gewoon op de knop Annuleren geklikt - Speelt dit probleem bij meerdere gebruikers of alleen bij jou? - / - Kun je een schermafbeelding toevoegen van het scherm waar het probleem zich voordoet? - Als ik op Financieel/Btw/icp/Btw/icp-aangifte klik"
ERP,[Export I Weergave I Verkoop I Dagboek] Exporteren van verkoopjournaalregels naar Excel vanuit financiële mutaties.,"Probleembeschrijving: Dag AFAS, Kan ik ergens een overzicht van alle verkoopjournaalregels exporteren naar Excel? De klant wilt namelijk kunnen controleren op omschrijving van verkoopjournaalregel welk bedrag er bijvoorbeeld voor een bepaalde omschrijving is gevraagd. Vanuit de financiële mutaties zie je alleen op hoofdlijnen de verkoopfacturen, maar niet specifiek de verkoopjournaalregels welke in die factuur zitten. Groetjes Stan Aanvullende details: - Kun je aangeven welke module of functionaliteit je momenteel gebruikt om de financiële mutaties te bekijken? - de module financiële mutaties - Heb je al geprobeerd een rapport of export in te stellen in de module waar je de verkoopjournaalregels beheert? - ja heb ik geprobeerd - Kun je aangeven of je specifieke filters of criteria wilt toepassen bij het exporteren? - nee niet specifiek"
ERP,[Geldigheidscombinaties] Uitsluiten van ongewenste urensoorten bij uren schrijven op project.,Probleembeschrijving: Uitsluiten van urensoorten op project. Op het verlof en verzuim project kan uit verschillende urensoorten gekozen worden. DIt is ongewenst omdat 150% en 200% niet van toepassing zijn. Hoe kunnen we die verbergen bij het uren schrijven? Een voorkeur is reeds ingesteld voor NF (Feestdag) echter dat sluit niet de ongewenste urensoorten uit. Aanvullende details: - Welke stappen heb je precies doorlopen om de urensoorten te configureren? - Voorkeur ingesteld. Help pagina doorgenomen. - Kun je aangeven hoe de voorkeur voor NF (Feestdag) is ingesteld? - Op normale uren (1) - Kun je precies beschrijven hoe de urensoorten momenteel worden weergegeven en welke stappen leiden tot deze weergave? - Urenschrijven
ERP,[btw-code | btw-tariefgroep] Kan geen concept aanmaken dat vrijgesteld is van BTW; bestaande concepten zijn gewijzigd naar vrijgesteld.,"Probleembeschrijving: Kan geen (concept/uren) concept aanmaken wat vrijgesteld is van BTW. Er is een vrijgestelde BTW code aanwezig. BTW plicht van het bestaande concept gewijzigd via acties naar vrijgesteld. Aanvullende details: - Kun je aangeven welke stappen je precies doorloopt bij het aanmaken van het concept? - BTW plicht vrijgesteld ingesteld bij debiteur. Bestaand concept btw - Is de vrijgestelde BTW-code correct ingesteld in de administratie? - Ja, nagelopen met artikel KB - Kun je een schermafbeelding toevoegen van de foutmelding en het scherm waarin je je bevindt? - Ja"
ERP,"[Projecten | termijnfactuur] Foutieve btw-berekening bij factuurtermijnen, inclusief en exclusief bedragen kloppen niet.","Probleembeschrijving: De bedragen van mijn project in- en exclusief btw kloppen niet meer. De aanneemsom is 376.961 inclusief btw, maar in de factuurtermijnen bedenkt het systeem dat daar nog een keer btw op moet. En bij de 1e termijn doet ie dat niet, maar wel bij de overige termijnen. Aanvullende details: - Waar loop je precies tegenaan? Kun je uitleggen wat er gebeurt bij de factuurtermijnen? - foutieve btw berekening - Sinds wanneer speelt dit probleem? - recent, enkele weken? - Wat is er sinds het moment dat het werkte veranderd in de instellingen of configuratie? - niks"
HRM,"[Vrije tabel] 'Reden einde Arbeidsovereenkomst' niet zichtbaar, verplicht veld foutmelding.","Probleembeschrijving: Beste AFAS, In het uitdienst profiel zit het veld 'Reden einde arb. overeenk.' wat gekoppeld is aan vrije tabel: Reden einde Arbeidsovereenkomst. Als ik zoek in de vrije tabellen kan in de tabel 'Reden einde Arbeidsovereenkomst.' niet vinden. Klopt dit en is dit een tabel die door jullie wordt onderhouden? Want ik zocht naar een mogelijkheid om dit veld ook op de medewerkerskaart in Profit te kunnen aanpassen maar ik weet nu niet vanuit welke context in het veld zichtbaar kan maken. Ik had ook al geprobeerd om het veld uit te zetten en een eigen veld van te maken omdat ik de vrije tabel niet kon vinden, maar dan volgt een foutmelding in het uitdienst proces dat dit veld verplicht ingevuld moet worden. Aanvullende details: - Kun je bevestigen of de vrije tabel 'Reden einde Arbeidsovereenkomst' daadwerkelijk niet zichtbaar is in jouw omgeving? - Dat kan ik bevestigingen, wat wel vreemd is - Heb je gecontroleerd of er specifieke rechten of instellingen zijn die toegang tot deze vrije tabel beperken? - Ja, maar die zijn er niet want ik heb APL rechten - Welke foutmelding krijg je precies wanneer je probeert het veld uit te zetten en een eigen veld te maken? - Ik krijg dan de foutmelding dat het veld 'Reden einde arb. overeenk' een verplicht veld is."
ERP,[Koppeling | Woomerce] Verwerken van ZV-artikelen in AFAS en tonen als 'op voorraad' in WOO. Artikelen zonder voorraad moeten voorraad hebben vanuit koppeling. Is dit in te richten?,"Probleembeschrijving: Ter attentie van Jasper Oud als navolging van icident 2346180. Zoals besproken haalt WOO (onze verkoopwebsite) middels een koppeling de artikelen en beschikbare voorraad uit AFAS uit het veld ""beschikbare voorraad"", Echter hebben wij van onze artikelen twee optie's. Optie met voorraad en zonder voorraad. De zonder voorraad artikelen zijn de ZV artikelen. Dit zijn in AFAS geen voorraadproducenten maar deze zouden we graag in WOO dus wel altijd willen tonen met op Voorraad. Is dit in AFAS goed is in te richten? Aanvullende details: - Kun je precies aangeven hoe de ZV-artikelen momenteel worden verwerkt in AFAS? - Inkoopfactuur en verkoopfactuur - Wat is de gewenste situatie voor het tonen van deze artikelen op WOO? Moeten ze altijd als 'op voorraad' worden weergegeven, ongeacht hun status in AFAS? - Klopt aangezien deze direct geleverd worden bij de leverancier en niet via de vooraad lopen - Zijn er specifieke instellingen of velden binnen AFAS die al gebruikt worden om onderscheid te maken tussen voorraad en niet-voorraadartikelen (zoals ZV)? - We maken onderscheid door artikelgroepen."
ERP,"[vrij veld] Contactpersoon op factuur blijft zichtbaar, ondanks pogingen tot verwijdering.",Probleembeschrijving: Ik heb een contactpersoon die op de facturen staat die eruit moet. Maar ik kan die contactpersoon nergens vinden. Toen dacht ik dat ze misschien al verwijderd was door een collega dus ik heb een testfactuur gemaakt in ordermanagement. Als ik die factuur afdruk staat ze er nog steeds op. Waar kan ik haar vinden en weghalen? Aanvullende details: - Kun je precies aangeven waar je de contactpersoon op de factuur ziet staan? Bijvoorbeeld in een specifieke sectie of veld? - Tussen naam bedrijf en adresregel. In het rapport staat daar het veld TAV factuur - Kun je bevestigen of de contactpersoon nog in de database staat of dat deze al verwijderd is? - Ik kan haar niet vinden. Dat is mijn hele probleem. - Kun je aangeven of de contactpersoon gekoppeld is aan een specifieke klant of factuur? - Ja. Ze komt voorbij 1 klant
HRM,[Contract] Werkgever 'Personeel Niet in Loondienst' kan niet gewijzigd worden naar 'Stichting Versa Welzijn'; naam blijft grijs.,"Probleembeschrijving: Profit Werkgever. Ik probeer de Werkgever van 'Personeel Niet in Loondienst' aan te passen naar 'Stichting Versa Welzijn' omdat hij per 1 mei 2025 een Oproepcontract krijgt. Aanvullende details: - Kun je precies aangeven welke foutmelding er verschijnt? - De Werkgeversnaam kan ik niet wijzigen en blijft op grijs staan. - Welke stappen doorloop je om de werkgever te wijzigen? Kun je dit beschrijven of een schermafbeelding toevoegen van het proces waarin je vastloopt? - Zie bijlage. - Is er iets gewijzigd in de omgeving sinds deze medewerker is toegevoegd, zoals instellingen voor werkgeverskoppeling of contracttypes? - N.v.t."
ERP,[licentie] Aanpassen van AFAS-abonnement door afsluiten van onzichtbare testomgeving en gebruikersaantal verlagen.,"Probleembeschrijving: Ik stoei met de licenties. We zijn in omvang in ons bedrijf ingekrompen en ik wil ons afas abonnement daarin mee laten bewegen. Ik loop tegen wat hobbels aan, waarvan ik hoop dat jullie me kunnen helpen: - er is een extra test omgeving die we niet gebruiken, kunnen jullie die voor mij afsluiten? Voor mij is die omgeving niet zichtbaar. - Ik vermoed dat daar ook medewerkers of gebruikers in staan, want zelf tel ik tot niet meer dan 9 gebruikers / medewerkers en ik blijf er 14 zien. Kunnen jullie me daarmee helpen, ik vermoed dat bij het opheffen van de testomgeving de gebruikers zakken naar onder de 10. Ik heb niemand in de organisatie waar ik het verder aan kan vragen, dus zou fijn zijn als jullie me kunnen ondersteunen. Alvast dank! Tiba Aanvullende details: - Kun je aangeven welke stappen je hebt doorlopen om de testomgeving te bekijken of af te sluiten? - de omgeving is niet zichtbaar voor mij. - Heb je toegang tot een overzicht van alle gebruikers en medewerkers in de testomgeving? - nee - Kun je bevestigen of de testomgeving ooit zichtbaar is geweest voor jou? - nee niet zichtbaar"
ERP,[weergave aanpassen] Aanpassing van weergave in rekeningoverzicht en openstaande posten naar aantal dagen openstaand.,Probleembeschrijving: er staat op het rekeningoverzicht het aantal dagen wat de faktuur openstaat en bij openstaande posten het aantal dagen over de vervaldatum. is verwarrend!! kunnen jullie aanpassen in openstaande posten naar aantal dagen wat openstaat?? Aanvullende details: - Kun je precies aangeven welke velden of kolommen in het rekeningoverzicht en bij de openstaande posten aangepast moeten worden? - vervaldagen openstaande posten aanpassen naar aantal dagen openstaand - Wat is de gewenste situatie voor de weergave van deze informatie? - zie hierboven - Speelt dit probleem bij meerdere gebruikers of alleen bij jou? - bij alle gebruikers graag aanpassen
HRM,[Cao gemeente][Ouderschapsverlof] Overgang van betaald ouderschapsverlof naar aanvullend verlof met verschillende doorbetalingspercentages. Wat te doen met historische aanvragen en TWK's?,"Probleembeschrijving: Zie incident: 2345216. Terugkoppeling van jullie gekregen op woensdagmiddag 16-04. Vraag automatisch afgesloten op dinsdag 22-04. Mijns inziens worden deze vragen nooit zo snel afgehandeld, terwijl ik dus nog geen eens terugkoppeling heb gegeven. I.v.m. goede vrijdag en pasen is het al helemaal onlogisch. Is dit de nieuwe werkwijze? Dan weet ik dat ook. Als consultant ben je vaak dagen weg op pad en red je het niet op de dag na het indienen van de vraag terugkoppeling te geven. Gaarne de vragen iets langer laten open staan indien mogelijk. Terugkomend op het incident, deze staat gewoon nog open. Ik ben morgenochtend (24-04) t/m 12:00 beschikbaar en anders volgende week donderdag (01-05) t/m 12:00. Laat maar weten wanneer je wilt meekijken! Aanvullende details: - _Kun je precies aangeven wat het probleem is met de automatische afsluiting van vragen?_ - Zie incident: 2345216. - _Wat is jouw gewenste situatie rondom de afhandeling en openstelling van incidenten?_ - Zie incident: 2345216. - _Wil je bevestigen of er specifieke actie nodig is voor incident 2345216, zoals een inhoudelijke terugkoppeling of aanpassing in het proces?_ - Zie incident: 2345216."
HRM,[Gebruiker / Medewerker / Persoon] Mogelijkheid om de werkgeverprefix bij medewerkernummering ook door te laten werken op de persoonsnummering en gebruikerscode,"Probleembeschrijving: Zie incident: 2344889 (eerder ingeschoten binnen OFS omgeving, maar betreft KNVB omgeving). Terugkoppeling van jullie gekregen op woensdagmiddag 16-04. Vraag automatisch afgesloten op dinsdag 22-04. Mijns inziens worden deze vragen nooit zo snel afgehandeld, terwijl ik dus nog geen eens terugkoppeling heb gegeven. I.v.m. goede vrijdag en pasen is het al helemaal onlogisch. Is dit de nieuwe werkwijze? Dan weet ik dat ook. Als consultant ben je vaak dagen weg op pad en red je het niet op de dag na het indienen van de vraag terugkoppeling te geven. Gaarne de vragen iets langer laten open staan indien mogelijk. Dat terugkomend op het incident. De help artikelen heb ik logischerwijs al gezien en gelezen. Deze vraag gaat verder dan dit. Ik wil inderdaad dat de gebruikerscode wordt aangemaakt in de autorisatietool op basis van de medewerkercode in plaats van de persoonscode. Bij medewerkers hanteert de KNVB namelijk een werkgeversprefix. Deze komt voor de nummering te staan bij de medewerkerscode (gaat automatisch), de persoonscode (gaat handmatig) en de gebruiker (gaat handmatig). Let op, andere personen (zoals bij verkooprelaties, inkooprelaties etc.) moet de standaard autonummering worden gebruikt. Aangezien de KNVB ruim meer dan 1000 medewerkers in dienst heeft merk je de impact wel van deze instelling. Zij moeten nu per medewerker telkens handmatige acties uitvoeren wat gewoon niet wenselijk is. Aanvullende details: - Kun je precies aangeven welke stappen je doorloopt en waar je tegenaan loopt? - Zie incident: 2344889 - Wat is de gewenste situatie die je wilt bereiken? - Zie incident: 2344889 - Speelt dit probleem bij meerdere gebruikers of alleen bij specifieke medewerkers? - Zie incident: 2344889"
HRM,"[Looncomponent] Kopiëren looncomponent niet mogelijk ""onderhoud door AFAS (niet kopieerbaar)""",Probleembeschrijving: ik wil een nieuw looncomponent aanmaken. dit moet een kopie worden van looncomponent LC707 raadsvergoeding (intern nr. 4606). Met als naam extra vergoeding raad Deze valt onder de CAO Gemeenten en zou geldig moeten zijn vanaf 1-1-2025. Ik kan helaas geen kopie maken omdat deze onderhouden wordt door AFAS . In de bijlage meer uitleg over deze extra vergoeding. Kunnen jullie deze toevoegen? Geen aanvullende vragen gesteld.
HRM,"[Onboarden] Actieknop 'Registreren onboarden' is niet zichtbaar in de workflow, hoe kan dit?","Probleembeschrijving: Workflow onboarden wordt niet automatisch afgehandeld en als actie is er alleen de optie aanpassen Aanvullende details: - Waar loop je precies tegenaan met de workflow? - Normaal gesproken wordt de workflow na ondertekening van de medewerker/sollicitant automatisch afgehandeld. Nu blijft deze echter op de status in behandeling staat met als taak registreren. Echter is er daarbij als actie alleen aanpassen, waardoor je ook niet verder komt. - Sinds wanneer speelt dit probleem? - Sinds deze week, de eerdere workflows onboarden werden gewoon automatisch afgehandeld en geregistreerd. - Welke stappen doorloop je om de workflow te starten en af te handelen? - Dezelfde stappen als altijd. De rest van de workflow verliep zoals dit zou moeten, alleen het verwerken in Profit gebeurd niet."
HRM,Documenten niet zichtbaar in onboarden workflow voor toevoeging bijlage.,"Probleembeschrijving: Hoi Dennis, ik wil graag wat punten voor onboarding bespreken over 2 weken. (ik ben na morgen op vakantie tm 5mei) We kennen 2 contracttemplates die ik in de onboarding workflow wil oproepen; Kader - [Dossier medewerker] Arbeidsovereenkomst bepaalde tijd Kader - [Dossier medewerker] Arbeidsovereenkomst onbepaalde tijd Deze had ik al een keer in de omgeving gezet met de juiste coderingen etc. Nu zijn deze 2 documenten niet te zien in de workflow (bij toevoegen bijlage) Hoe kan ik dit alsnog doen, zonder alles opnieuw te doen. Tevens ben ik benieuwd hoe jij dit zou aanpakken in de workflow op basis van condities en mogelijk kunnen we dit samen even doen. Aanvullende details: - Kun je precies aangeven welke stappen je hebt doorlopen om de documenten in de workflow te integreren? - - - Zijn er specifieke foutmeldingen of afwijkingen zichtbaar wanneer je probeert de documenten toe te voegen? - - - Hebben deze templates eerder gewerkt in een vergelijkbare workflow, en zo ja, wat is er sindsdien veranderd? - -"
HRM,"[Template looncomponent] Bruto bonus telt in op pensioengrondslag, hoe kunnen wij ervoor zorgen dat dit niet gebeurt?","Probleembeschrijving: Bij het gebruik van LC 305 (persoonlijke bonus) merken wij op dat er pensioen inhouding (opbouw) wordt gedaan. Dit is bij het uitbetalen van een bruto bonus niet van toepassing en willen wij graag uitsluiten. Hoe kunnen wij dit doen? Aanvullende details: - Kun je bevestigen of LC 305 een eigen looncomponent is of een standaardcomponent? - Denk een vast - Kun je aangeven of je de instellingen van LC 305 al hebt gecontroleerd? - Ja - Kun je de huidige instellingen van LC 305 delen, specifiek de instellingen rondom pensioenopbouw? - Zie screenshot"
HRM,"Bestemmingen in workflow onboarden werken niet, sollicitatie komt niet langs.","Probleembeschrijving: De bestemmingen lijken niet in onze workflow onboarden te werken. Ik heb als betsemming voor het ondertekenen de hoofdverantwoordelijke en contactpersoon als bestemming ingvevoerd. Toch komt de workflow niet langs mij danwel andre. De sollicitant is wel gekoppeld aan de vacature. De sollicitatie wordt vanuit recruittee ingeschoten, mogelijk dat het hier misgaat. Wil je eens meedenken? Bart Zie ook de 4 printscreens. Aanvullende details: - Kun je precies aangeven welke stappen je hebt doorlopen bij het instellen van de bestemmingen in de workflow? - - - Sinds wanneer speelt dit probleem, en werkte het eerder wel correct? - - - Zijn er specifieke wijzigingen aangebracht aan de workflow of integratie met Recruitee voordat dit probleem optrad? - -"
HRM,[Onboarden] Verplicht veld bij beoordelen ondanks context 'Geen adres (Profit)' zonder adresgegevens.,"Probleembeschrijving: Bij onboarden willen we in een bepaald profiel geen adresgegevens uitvragen. Bij aanmaken gaat dit prima en hebben we ook in het aanmakenprofiel de standaard context 'Geen adres (Profit)' gekoppeld. Als we vervolgens bij beoordelen deze flow willen aanpassen is het veld opeens verplicht, ook al gebruiken we hier dezelfde context waarin deze velden niet verplicht zijn. Is dit een bekend probleem? Aanvullende details: - Kun je precies aangeven welke stappen je doorloopt bij het beoordelen en waar het veld verplicht wordt? - Het veld wordt verplicht na klikken op de knop 'Aanpassen'. - Kun je bevestigen of de context 'Geen adres (Profit)' correct is gekoppeld aan het beoordelen profiel? - Ja - Speelt dit probleem bij meerdere gebruikers of alleen bij specifieke gebruikers? - Bij alle gebruikers, ook in de testomgeving."
ERP,Samenstelling C-MILL Miditower-63136_C vraagt voorraadbehoefte zonder open order.,Probleembeschrijving: Wanneer wij een productievoorstel doen komt er een samenstelling naar voren die voorraad behoefte opvraagt welk niet in een order staat het gaat om samentelling : C-MILL Miditower-63136_C Van deze samenstelling staan er verder geen orders open Aanvullende details: - Kun je precies aangeven welke stappen je doorloopt om het productievoorstel te maken? - Ordermanagement --> Productie --> productieorder - Sinds wanneer speelt dit probleem en werkte het eerder wel correct? - vandaag - Zijn er specifieke wijzigingen in de instellingen of infrastructuur geweest sinds dit probleem zich voordoet? - nee
ERP,Samenstelling C-MILL Miditower-63136_C vraagt voorraadbehoefte zonder open order.,Probleembeschrijving: Wanneer wij een productievoorstel doen komt er een samenstelling naar voren die voorraad behoefte opvraagt welk niet in een order staat het gaat om samentelling : C-MILL Miditower-63136_C Van deze samenstelling staan er verder geen orders open Aanvullende details: - Kun je precies aangeven welke stappen je doorloopt om het productievoorstel te maken? - Ordermanagement --> Productie --> productieorder - Sinds wanneer speelt dit probleem en werkte het eerder wel correct? - vandaag - Zijn er specifieke wijzigingen in de instellingen of infrastructuur geweest sinds dit probleem zich voordoet? - nee
ERP,[Wens | Afschrijvingstermijn]  Instellen van afschrijvingstermijn in maanden bij Vaste activa.,"Probleembeschrijving: Is het mogelijk om bij Vaste activa - Fiscaal afschrijven te Afschrijvingstermijn in Maanden in te stellen i.p.v. in Jaren? Zo ja, hoe werkt dit dan. Aanvullende details: - Kun je aangeven of je een specifieke foutmelding krijgt of dat het een vraag is over de functionaliteit? - Nee - Kun je toelichten wat je precies wilt bereiken met het instellen van de afschrijvingstermijn in maanden? - Dat er in maanden afgeschreven kan worden ipv in jaren - Heb je al geprobeerd om instellingen te wijzigen in het menu voor vaste activa? - Ik zou niet weten waar"
ERP,"[Land wetgeving administratie] Wijzig land wetgeving van administratie O32892AA van NL naar DE, keuze niet mogelijk.",Probleembeschrijving: Land wetgeving administratie in bestaande omgeving wijzigen. Verwijzend naar incidentnummer 2346584. -------------------------------------------------------------------------------------------------------------------------------------------------------------- In de omgeving is een administratie aangemaakt met land wetgeving NL. Dit moet DE zijn. Bij aanmaken van de administratie was de keuze voor DE niet mogelijk. Vermeld het administratienummer erbij zodat ze weten wat er aangepast moet worden. Details staan verder vermeld in het incident met nummer 2346584. Aanvullende details: - Kun je het administratienummer delen zodat we weten welke administratie het betreft? - O32892AA - Kun je bevestigen of je toegang hebt tot het incidentnummer 2346584? - Nee - Kun je aangeven of je specifieke stappen hebt ondernomen om het land van wetgeving te wijzigen? - Aanvraag vanuit onze integratiepartner
ERP,[Inkoopfactuur | workflow procuratieschema] Inkoopfactuur in Insite blijft hangen bij tweede beoordelaar zonder dat deze bestaat.,"Probleembeschrijving: Beoordelen van inkoopfactuur in Insite blijft hangen bij tweede beoordelaar, terwijl er geen tweede beoordelaar is. Aanvullende details: - Kun je precies aangeven welke stappen je doorloopt voordat het probleem zich voordoet? - Insite openen, inkoopfactuur staat bij 'alle taken' - Sinds wanneer speelt dit probleem? - Recent - Is er recent iets gewijzigd in de instellingen of workflows van Insite? - Ja"
HRM,[ADV OSV] Hoe werkt OSV (ouderschapsverlof) in combinatie met verlofopbouw op basis van aanvullende roosteruren,"Probleembeschrijving: Goedemiddag, Wij lopen tegen een probleem met het geboorteverlof en ouderschapsverlof bij een medewerker. Voor het geboorte verlof heeft een werknemer recht op een week. Vanuit onze CAO hebben wij een werkweek van 38 uur maar wordt er 40 uur gewerkt. De overige 2 uur is opbouw van ADV uren. Bij geboorteverlof en ouderschapsverlof is het zo dat een werknemer hier over geen adv opbouwt. Dus als voorbeeld bij een week geboorte verlof heeft de werknemer recht op 40 uur verlof ipv 38 uur omdat hij geen adv opbouwt. AFAS rekent 38 uur geboorte verlof. Dit is te corrigeren door dit op te vullen met de ADV uren. Nu lopen wij er tegen aan dat er een medewerker ADV niet opneemt in tijd maar in geld. Dit betekend dat hij de adv uren laat uitbetalen. Nu kunnen wij het geboorte verlof niet aanvullen met ADV, hoe kunnen wij dit het beste aanpakken? Aanvullende details: - Kun je aangeven welke medewerker dit betreft? - Wouter Dun - Wat is de stamnummer van het looncomponent dat gebruikt wordt voor geboorteverlof en ouderschapsverlof? - Staat bij ons niet als looncomponent maar bij roosterwijziging - Hoe verwacht je dat Profit deze berekening maakt, kun je een voorbeeldberekening toevoegen? - Geen idee"
ERP,[Abonnement | Factuurdatum] Klaarzetten abonnementsregels krijgt een andere factuurdatum dan ingegeven bij de wizard.,"Bij het klaarzetten van de abonnementsregels geef je een factuurdatum in. Nadat de abonnementsregels zijn klaargezet, krijgen de regels altijd factuurdatum -15 dagen. Het verkooprelatieprofiel staat ingesteld om abonnementsregels te verzamelen zonder periodeverzameling. In het abonnement is niks ingesteld qua aantal dagen vooraf. waarom krijgt de factuurdatum altijd factuurdatum -15 dagen?"
HRM,[Geplande taak][Verstrekking loonstrook] Tijdstip aanpassen automatisch versturen loonstroken,"Probleembeschrijving: sinds kort hebben wij het automatisch versturen van de loonstrook geactiveerd. Loonstroken worden rond 04.00 's nachts verstuurd. Is het mogelijk om dit tijdstip aan te passen (later in de ochtend). En zo ja, hoe doen we dat? Geen aanvullende vragen gesteld."
ERP,Onjuiste BTW-aangifte bij ICL levering naar UK van 61 € ondanks correcties.,"Probleembeschrijving: Ik heb een order in Afas die staat op levering in Belgie, order staat op ICL levering, en BTW plicht staat op 3 verkopen in Europa. Er is een andere order deze staat ook op ICL levering en levering in Belgie en BTW plicht ook 3 Beide orders staan op een verkoopfactuur waarbij de debiteur (factuur) is aangepast naar een debiteur die in UK zit. In de header van de factuur staat Export Nu ben ik mijn kwartaalaangifte BTW aan het voorbereiden en dan staat er bij ICL levering vak 3B een levering aan UK voor 61 € . Dit klopt niet. Dit zou niet dat vak terecht moeten komen. Ik heb voor beide orders een negatieve order gemaakt met precies dezelfde instelling en vervolgens weer nieuwe orders met de juiste instelling. Ik zie verwachten dat dan dit bedrag op het GB nummer in de aangifte zou verdwijnen, maar dit gebeurd niet. Hoe kan dit worden opgelost? Ik heb de eerste foutieve factuur en de correctie hierop via crediteren ook nog gecorrigeerd, maar dit bood ook geen oplossing. Aanvullende details: - Kun je precies aangeven welke instellingen in de orders en facturen zijn aangepast? - In orders heb ik soms het veld ICL levering aangepast. In de factuur is alleen de factuurdebiteur aangepast - Zijn er specifieke stappen die je hebt doorlopen om de negatieve order te maken en opnieuw te boeken? - gewoon, order, pakbon en dan factuur. Maar wel met dezelfde gegevens zoals de oorspronkelijke order, om zo de eerste geheel obgedaan te maken. maar dit lukt dus niet - Speelt dit probleem bij meerdere debiteuren of alleen deze specifieke situatie met een UK-debiteur? - alleen met deze"
HRM,"[Gebruiker][Mailadres]Aanpassen mailadres voor portal mislukt, e-mailadres al in gebruik.","Probleembeschrijving: Voor één van onze loonklanten moeten we het mailadres voor de portal aanpassen. Dit lukt niet, ook niet als we de help instructies volgen. Het emailadres zou al in gebruik zijn, maar we weten niet bij wie, waar. Aanvullende details: - Kun je aangeven welk e-mailadres je probeert in te stellen? - administratie@hijswerkbrabant.nl - Kun je aangeven bij welke klant of medewerker dit speelt? - A. Haagh Beheer (628) - Kun je een screenshot of exacte tekst van de foutmelding toevoegen? - nvt"
HRM,Verwijderen van een nieuw aangemelde medewerker zonder verloning: instructies en acties.,"Probleembeschrijving: Hi, Ik vroeg mij af wat jullie adviseren als de juiste werkwijze als een nieuw aangemelde medewerker zich terugtrekt. Dus alles was al ingevoerd, maar hij komt toch niet. Er is nog geen verloning geweest. Hoe halen we deze persoon er dan uit? Wat zijn de acties? Ik wil daar een instructie voor maken, maar op de afas help kwam ik dit tegen: https://help.afas.nl/help/NL/SE/Hrm_Employ_Delete.htm?query=verwijderen%20medewerker Wat ik hiervan weet vooral als er wel een verloning is geweest dan is alleen de mogelijkheid om de persoon te anonimiseren of kan je een medewerker wel verwijderen waar een verloning is geweest? (wij maken ook gebruik van payroll cloud) Aanvullende details: - Wat is de huidige situatie waarin je de medewerker wil verwijderen? - willen verwijderen - Kun je bevestigen dat er daadwerkelijk geen verloningen of transacties aan de medewerker zijn gekoppeld? - voor deze medewerker nee, maar in de help lijkt het alsof dat niet uitmaakt. - Welke specifieke processen of acties zijn al uitgevoerd voor deze medewerker in jullie omgeving? - ja"
HRM,"[Foutmelding][OutSite] Inloggen op AFAS OutSite lukt, maar documenten openen geeft ""Fout: er is iets misgegaan"". exception_message : Loading chunk 570 failed.","Probleembeschrijving: Wanneer klanten willen inloggen op AFAS OutSite komen zij wel op de home pagina, maar wanneer zij de documenten willen openen krijgen zij een foutmelding of de pagina wilt niet laden. Aanvullende details: - Waar loop je precies tegenaan? Kun je de exacte foutmelding delen die verschijnt bij het openen van documenten? - ""Fout"" ""er is iets misgegaan"" - Sinds wanneer speelt dit probleem? - Sinds gisteravond - Speelt dit probleem bij meerdere gebruikers of slechts bij een specifieke gebruiker? - Bij meerdere"
HRM,[Pensioen][Aangifte] Uitsluiten stagiair van UPA aangifte BPL Pensioenfonds met terugwerkende kracht vanaf 20-08-2024.,Probleembeschrijving: Ik wil een stagiair uitsluiten van de UPA aangifte (BPL Pensioenfonds) met terugwerkende kracht in 2024 Aanvullende details: - Kun je aangeven welke stappen je al hebt ondernomen om de stagiair uit te sluiten van de UPA-aangifte? - bij LC mdw LC 10167 Pensioen BPL en LC 10168 Pensioen BPL Werkgever op nee gezet - Kun je bevestigen of de stagiair al correct is geregistreerd in de omgeving? - Ja - Kun je aangeven vanaf welke datum in 2024 de uitsluiting van toepassing moet zijn? - 20-08-2024
ERP,"[confronteren] Foutmelding bij confronteren: ""De ingevulde waarde voor veld 'Factuurnummer intern' bestaat niet.""","Probleembeschrijving: bij het confronteren krijg ik de volgende melding De ingevulde waarde voor veld ""Factuurnummer intern"" bestaat niet. Wat gaat hier mis? Aanvullende details: - Waar loop je precies tegenaan? Kun je uitleggen wat je probeert te doen en in welk proces dit speelt? - confronteren - Welke stappen doorloop je voordat je deze foutmelding krijgt? - de gebruikelijke stappen bij confronteren - Kun je aangeven of het veld 'Factuurnummer intern' normaal gesproken automatisch wordt gevuld of handmatig door jou? - Ik zie dit veld nooit"
ERP,[Project | nacalculatieregels] Aanpassen van nacalculatieregels in project leidt tot foutmelding.,"Probleembeschrijving: Wij proberen op een project (al eerder gefactureerde & gecrediteerde) nacalculatieregels aan te passen, omdat in eerste instantie niet de juiste administratie op het project was gekozen. Wij krijgen dan echter een foutmelding. Hoe kunnen we toch de regels aanpassen zodat de juiste administratie aan de regels gekoppeld wordt? Aanvullende details: - Kun je precies aangeven welke stappen je doorloopt voordat de foutmelding verschijnt? - Ik open profit en open het project, ga naar het tabblad nacalculatie, en dubbelklik op een regel. Ik open vervolgens de boekingslayout voor het aanpassen van de nacalculatie. In de nacalculatieregel verwijder ik het projectnummer, en voer vervolgen het projectnummer opnieuw in. Ik klik op [opslaan en sluiten] - Sinds wanneer speelt dit probleem, en werkte het eerder wel correct? - voor zover ik weet heeft dit issue zich niet eerder voorgedaan - Hebben jullie al geprobeerd om een andere methode te gebruiken voor het aanpassen van deze regels of instellingen in AFAS Software? - ik heb gekeken of ik in de boekingslayout voor nacalculatie per regel iets kan aanpassen, maar het veld 'laatste toegevoegde verkoopfactuur' is een veld dat niet aanpasbaar is."
HRM,ID-check verplicht stellen voor sollicitanten in profielinstellingen.,Probleembeschrijving: Ik kan de ID-check aanzetten in het aanmaken aanvullende gegevens profiel. Ik kan dee echter niet vinden in bv de identiteitsbewijs context. Ik zou deze verplicht willen stellen voor de sollicitant. Kan dit ? En zoja hoe?? Aanvullende details: - Kun je precies aangeven waar in de omgeving je deze optie probeert te vinden? - - - Heb je al geprobeerd om dit via een specifieke workflow of instelling aan te passen? - - - Wat is het gewenste gedrag dat je wilt bereiken met betrekking tot de ID-check voor sollicitanten? - -
HRM,"[Betaalbestand] Foutmelding ""het bestand kan niet worden weggeschreven op de aangegeven locatie""","Probleembeschrijving: We kunnen de betaalbestanden voor salaris van april niet downloaden, zoals we dat alle maanden tot nu toe wel hebben kunnen doen. We krijgen een foutmelding dat het bestand niet kan worden opgeslagen. Aanvullende details: - Kun je precies aangeven welke stappen je doorloopt voordat de foutmelding verschijnt? - We hebben de salarissen klaargezet, maar het gaat fout bij het opnieuw verwerken om de betaalbestanden weg te schrijven. - Sinds wanneer speelt dit probleem, en werkte het downloaden van betaalbestanden eerder zonder problemen? - Sinds vandaag, eerder werkte het als een zonnetje - Is er iets gewijzigd in de omgeving of instellingen sinds de laatste succesvolle download? - De 15de is er een update geweest dat de bankkoppeling aangepast is, heeft dat er misschien wat mee te maken?"
ERP,[Jaarovergang rapporten erf/schenk] Jaarovergang 2024/2025 kan niet aangevinkt worden in Erfbelasting 2025,"Probleembeschrijving: ErfBelasting 2025 is opgeleverd , maar ik kan de jaar wissel 2024/2025 hiervoor niet aanvinken Aanvullende details: - Kun je aangeven waar je precies tegenaan loopt bij het aanvinken van de jaarwissel 2024/2025? - vinkje niet aan te zetten - Sinds wanneer speelt dit probleem? - vandaag opgemerkt - Kun je bevestigen of dit probleem zich bij meerdere gebruikers voordoet? - Ja"
HRM,[Signaal / Workflow / Toelichting] Aanpassen toelichting bij taak voor wagenpark in Insite.,"Probleembeschrijving: Hoi Femke, Wanneer er een aanvraag leaseauto wordt gedaan, krijgt ons wagenpark de volgende taak (zie bijlage). De toelichting willen we aanpassen, echter kunnen we niet ontdekken waar deze toelichting staat. In dossieritem Aanvraag leaseauto - Aethon: Nieuwe medewerker aanvraag leaseauto, staat bij de stap Aanvraag leaseauto verwerken namelijk een andere toelichting. Kun je ons op weg helpen? Bedankt! Aanvullende details: - Kun je aangeven welke toelichting je precies wilt aanpassen? - De toelichting bij de taak die wagenpark krijgt in Insite - Kun je bevestigen of het gaat om de toelichting in de taak of in het dossieritem zelf? - Het verschil is mij niet duidelijk - Kun je aangeven of je al hebt gekeken in de instellingen van het workflowproces waar deze taak onderdeel van is? - Ja"
ERP,"[blokkade] Btw/icp-aangifte opent niet in administratie, meerdere gebruikers ervaren dit.","Probleembeschrijving: In 1 administratie (Rodenburg Bouwkundige Brandpreventie B.V.) kunnen we de Btw/icp-aangifte niet openen, dus vanuit Financieel naar Btw/icp-aangifte, maar dan opent er geen volgend scherm. Aanvullende details: - Kun je aangeven of dit probleem zich voordoet bij meerdere gebruikers binnen de administratie? - Meerdere gebruikers hebben hier last van - Heb je al geprobeerd om de browsercache te legen of een andere browser te gebruiken? - Nee, lijkt me ook niet logisch. Dit gebeurt in Profit - Is er recent iets gewijzigd in de instellingen van deze administratie of in het systeem? - Nee, alleen zijn we op de achtergrond bezig om deze administratie uit de Rodenburg Groep te halen. Robin van Dosselaar is hiervoor bezig"
ERP,"[Inkoop / Zorg] Mogelijkheid om voorraadartikelen te blijven bestellen via bestelvoorstel, maar wel verstrekken via XML. Wat zijn de gevolgen van switch van PDF naar XML?","Probleembeschrijving: He Femke! Ik ben op verzoek van de afdeling inkoop aan het onderzoeken of een OCI-koppeling van grotere omvang werkbaar is in het huis. Het gaat om de inkoopleverancier King. De vraag komt voornamelijk bij inkoop vandaan omdat steeds meer leveranciers hier op sturen, en ook extra administratiekosten aankondigen als we niet via hun webshop bestellen. Bij een grotere OCI ontstaat er alleen intern een spanningsveld tussen logistiek en inkoop. Er wordt op de afdeling gescand, en hanteren voor het magazijn de min- en max-voorraden, en dit proces mag niet veranderd worden vanwege de reden dat we de 'zorg willen ont-zorgen'. De afdeling zelf laten bestellen via de webshop van de leverancier is een no-go als ze in de toekomst bij tientallen verschillende webshops moeten bestellen, waar dat nu wordt in gescand door de logistiek met Boxwise via de kastlocaties. Weet jij of King of andere OCI's de mogelijkheid hebben om alleen de verstrekking wijze in AFAS te veranderen van PDF naar XML, waarbij er niet via de webshop besteld hoeft te worden, en dus geleverd kan worden in de kastlocaties? Het is intern niet altijd helder wat er veranderd bij een switch naar OCI qua artikelbeheer, zoals het invoeren van prijzen. Er zijn OCI's die werken met dagprijzen, maar zijn prijswijzigingen dan nog te toetsen als het niet in AFAS staat? Het artikelbestand (artikelcodes, omschrijving etc.) moet ook overeenkomen met de inkoopleverancier, maar heeft dit in AFAS gevolgen bij de besteleenheid, en de uitlevereenheid? Er zijn op dit moment twee OCI's die gebruikt worden: 'FloraNL - Flowers by Jennifer', en 'Index Books'. Inkoop geeft aan dat ze bij Index Books geen bestelvoorstel draaien, en dat dit volledig buiten hun om gaat. Kunnen er bij OCI's van grotere omvang wél het bestelvoorstel gedraaid worden? Bij inkooprelatie Index Books staat onder het algemene tabblad, de 'Voorkeur verstrekkingswijze' op: E-mail PDF (E), volgens mij overrulled het tabblad 'Digitaal' dit naar XML, alleen bij alle inkooporders van Index Books de laatste paar orders is de bron wél 'Uit bestelvoorstel' (zie bijlage afbeelding1.jpg), gaat dit dan goed? Ik probeer vooral te peilen wat de technische gevolgen zijn bij een switch van PDF naar XML, waarbij de rest van de keten en de zorg daar geen nadelen van ondervindt. Dat het voor inkoop duidelijk is waar ze minder of meer onderhoud aan krijgen bij het artikelbeheer, en inkoop eventueel een stok heeft om te slaan richting inkoopleveranciers die pushen op een webshop OCI, i.p.v. alleen de wijziging van PDF naar XML. P.S.: Ik heb ondertussen ons contactpersoon bij King gesproken, die stuurt onderstaande toelichting, en gaf aan dat er alleen nog verschillen zitten tussen de eenheden van Dijklander en King die we zouden moeten wijzigen. Zitten hier mogelijk gevolgen aan? -- Hi, Hieronder een kleine uitleg van XML order via OCI koppeling: XML orders via OCI koppeling Bestellen van voorraad, vrije aanvraag en koopartikelen blijft hetzelfde process. Allen wordt de verstrekkingzijze XML in plaats van email PDF. Om de XML orders te versturen moet er wel een OCI koppeling geïnstalleerd worden, maar deze kan worden afgeschermd, zodat deze niet zichtbaar is voor bestellers. •Voorraadartikelen worden besteld vanuit een bestelvoorstel op basis van min/maxwaarden. •Koopartikelen en vrije aanvraagartikelen vormen in AFAS één orderstroom. Hier worden meerdere inkoopaanvragen verzameld op één inkooporder. Alleen de kostenplaats van de eerste inkoopaanvraag komt mee op de XML-order. Deze is nooit zichtbaar in PDF orders maar wel in XML orders • Indien gewenst, kunnen we op jullie verzending aangeven of het een voorraadbestelling is of niet. •Voor alle orderstromen is de verstrekkingswijze XML. Hieronder zie je hoe je de verstrekkingwijze kunt aanpassen naar XML: (afbeelding2.png) (afbeelding3.png) Met vriendelijke groeten, Ann Kristin Yttrehus EDI Specialist Aanvullende details: - Kun je verduidelijken wat precies de gewenste situatie is met betrekking tot de OCI-koppeling en de interne processen? - Wat veranderd er bij artikelbeheer zodra er een OCI is geïmplementeerd, en of een switch van PDF naar XML mogelijk is zónder te bestellen bij een webshop. - Zijn er specifieke problemen of uitdagingen die je momenteel ervaart bij de bestaande OCI-koppelingen? - Nee - Kun je aangeven of er al technische aanpassingen zijn gedaan of gepland zijn voor de overstap naar XML? - Nee"
HRM,[autorisatietool][gebruikersgroep] Er is geen administratie actief. Je hebt geen toegang op één van de administraties op basis van de autorisatie,"Probleembeschrijving: Een Profitgebruiker krijgt bij het openen van berichtsjablonen, beheer van documenten en andere functies de melding: Er is geen administratie actief. Zie afbeelding. Ik heb de gebruiker lid gemaakt van alle rechtengroepen waar ik zelf als beheerder lid van ben, toch verandert er niets. Aanvullende details: - Kun je aangeven in welke situatie je deze melding krijgt? - Openen Berichtsjablonen, Beheer documenten.... - Sinds wanneer ervaar je dit probleem? - altijd - Heb je al gecontroleerd of de administratie correct is ingesteld en geactiveerd in Profit? - Ja"
HRM,[Stagiair][Pensioenaangifte] Stagiaire wordt onterecht aangeleverd in 2024,"Probleembeschrijving: We hebben een mail gehad van BPL Pensioen dat er loongegevens missen in 2024. Het betreft een stagiair die niet premieplichtig is. In de inrichting onder 'medewerker' heb ik het vergeleken met een andere stagiair bij een andere werkgever met dezelfde CAO. De inrichting is voor beide stagiaires identiek. Toch is er een verschil in de aangifte, namelijk: werkgever 1: aangiftecockpit -> periode -> 3. pensioenaangifte -> onder tabblad 'medewerker' staat stagiair genoemd, onder tabblad regelingen óók genoemd met loon 00 en met wel uren (niet goed) werkgever 2: aangiftecockpit -> periode -> 3. pensioenaangifte -> onder tabblad 'medewerker' staat stagiair genoemd, onder tabblad regelingen niet genoemd (goed) Aanvullende details: - Kun je het stamnummer van de looncomponenten delen die gebruikt worden in deze situatie? - 100.003.046 - Welke inrichting is precies geconfigureerd voor beide stagiaires waar het verschil wordt gezien? - er wordt geen verschil gezien bij inrichting medewerker - Wat is exact het verschil tussen de instellingen van stagiair 1 en stagiair 2 volgens jou, ook al lijkt de inrichting identiek? - Ik zie géén verschil"
HRM,Overzicht brutouurlonen met afwijkend uurloon ontbreekt in rapporten en analyses.,"Probleembeschrijving: We willen graag een overzicht met de brutouurlonen (conform schaal) en een eventueel afwijkend bruto uurloon. Zoals ze bij Inside onder plaatsing ook staan (zie bijlage) in dit geval bij Sian Jonas van 17-6-204 tm 30/6/204. We hebben al bij rapporten\analyses\weergaves gekeken maar daar zien we de juiste waardes en\of koppelvelden niet niet. Aanvullende details: - Kun je aangeven welke specifieke velden of gegevens je mist in de rapporten/analyses/weergaves? - afwijkend uurloon - Hebben jullie al geprobeerd om een aangepaste weergave te maken met andere koppelvelden? - ja - Speelt dit probleem alleen bij deze medewerker, of ook bij anderen? - iedereen"
ERP,[Rekeningnummer belastingdienst] Betaling belastingdienst pakt verkeerd rekeningnummer van AVRB in plaats van Perfection.,"Probleembeschrijving: Onze accountant heeft de BTW aangifte gemaakt in AFAS, nu komt er een aanslag in te staan die niet via het systeem is verwerkt. En de betaling die via jullie betaal systeem zou moeten gaan dus van Perfection naar de belastingdienst pakt hij ineens het rekeningnummer van AVRB ( andere bv ). dus van AVRB naar de belastingdienst. Maar hij moet verwerkt worden in perfection en staat ook in Perfection. Wat gaat hier mis? Aanvullende details: - Kun je precies aangeven welke stappen zijn doorlopen bij het verwerken van de betaling? - via betalen, alle facturen die betaald moesten woprden aangeklikt incl. die van de belastingdienst - Is er een specifieke instelling in AFAS die mogelijk het verkeerde rekeningnummer selecteert? - dat zou kunnen, maar welke? - Speelt dit probleem bij meerdere betalingen of alleen bij deze specifieke transactie? - alleen bij de belastingdienst"
ERP,Status wens Meerdere kostenplaatsen per contractregel,
HRM,[Verlof] Verlof aanvragen uitschakelen in AFAS InSite en AFAS Pocket voor alle gebruikers.,"Probleembeschrijving: Hoe kunnen we de mogelijkheid tot het AANVRAGEN VAN VERLOF in AFAS InSite en in de AFAS pocket app uitzetten? Aanvullende details: - Kun je aangeven of je dit voor specifieke gebruikers(groepen) wilt uitschakelen of voor alle gebruikers? - Voor alle gebruikers - Wil je de mogelijkheid tot het aanvragen van verlof volledig verwijderen, of alleen beperken voor bepaalde situaties? - Volledig uitzetten - Speelt dit alleen in InSite en Pocket, of zijn er ook andere toepassingen waar deze wijziging nodig is? - Alleen InSite en Pocket"
ERP,Voorkeurwaarde voor vrij veld “Ter attentie van (30)” wordt niet getoond in boekingslay-out “Inkoopaanvraag - Dustin”.,"Probleembeschrijving: Boekingslay-out voorkeurwaarde wordt niet getoond De voorkeurwaarde die we hebben ingesteld voor het vrij veld “Ter attentie van (30)” wordt niet getoond in InSite. Betreft boekingslay-out “Inkoopaanvraag - Dustin” Aanvullende details: - Kun je aangeven of de voorkeurwaarde eerder wel werd weergegeven in InSite? - Nee, hiervoor is een nieuw (vrij) veld aangemaakt - Sinds wanneer is dit probleem ontstaan? - Sinds vandaag bij een test in de acceptatie-omgeving - Zijn er recente wijzigingen gedaan aan de boekingslay-out of de instellingen van het vrije veld? - Het vrije veld is toegevoegd aan de boekingslay-out"
ERP,[Plaatsing | sluiten] Terugdraaien van declaraties 000000006560.01 en 000000006561.01 geven de foutmelding: De ingevulde waarde voor veld 'Dossieritem' bestaat niet. Gebruik het zoekvenster om een waarde te selecteren.,"Probleembeschrijving: I am contacting you regarding situation of FLEX employee - Nitin Lal. He is having 2 active placements because the broker was incorrect. You can see in the system placement 242 and 292. From placement 242 Nitin has been paid and originally booked all declarations. Placement 292 is the correct one from which the invoice to the client should be sent out. How can I remove placement 242 to fix the situation? Currently the system blocking me from this because the salary payment has already been paid. Kind regards, Magda Kmetyk Aanvullende details: - Kun je precies aangeven welke foutmelding of blokkade je krijgt wanneer je probeert plaatsing 242 te verwijderen? - see afas2. - Wat is de gewenste situatie na het verwijderen van plaatsing 242? - I would like to have one active placement from which the employee will be paid and I will invoice client. - Heb je al geprobeerd om de declaraties en betalingen van plaatsing 242 over te zetten naar plaatsing 292? - I don't know how to do that."
HRM,"[Aangifte] Het parttime percentage dat u doorgeeft, is hoger dan toegestaan. Controleer en corrigeer het parttime percentage en doe opnieuw pensioenaangifte.","Probleembeschrijving: foutmelding bij aangiftecockpit vestiginf van Muijlwijk Hidde Glas. Partime percentage is 104,21%. Het mag niet hoger als 100% zijn. Bij andere vestigingen staat het wel goed bij. bij bv persoon met zelfde partime percentage. Alles stond goed tot de update van 10 april Aanvullende details: - Kun je bevestigen of het parttimepercentage van 104,21% correct is ingevoerd of dat dit een foutieve waarde betreft? - 104,21 is niet goed, partimepercentage moet zijn 84,21% - Is er een specifieke reden waarom dit percentage hoger is dan 100%, bijvoorbeeld een bijzondere regeling? - maakt gebruik van generatiepact - Kun je aangeven welke stappen je hebt doorlopen om tot deze foutmelding te komen? - Met PMT gebeld, mensen met dezelfde regeling vergeleken. Updat is niet goed gegaan"
HRM,"[Bankkoppeling] Salarisverwerking loskoppelen van bankkoppeling, automatische verwerking blijft actief.",Probleembeschrijving: salarisverwerking loskoppelen van de bankkoppeling. Dus handmatig sepa verwerking doen Aanvullende details: - Kun je precies aangeven welke foutmelding er verschijnt? - bankkoppeling blijft automatisch salaris verwerken - Sinds wanneer speelt dit probleem? - april - Wat is de gewenste situatie na het loskoppelen van de bankkoppeling? - salarisverwerking dat de sepa handmatig gedownload moet worden en geupload
HRM,"[Licentie] Licentie limiet bereikt: gebruikt 184, maximum 170, terwijl er 176 actieve medewerkers zijn.",Probleembeschrijving: Licentie limiet bereikt nieuwe licentie om medewerkers in dienst te melden en contracten aan te passen. Dit geeft grote problemen want we weten niet hoe we de aantallen naar bedeneden krijgen. aantal medewerkers staat op gebruikt 184 maar mag maximum 170 zijn. Wat is de oorzaak dat hier 184 staat want we hebben maar 176 actieve medewerkers? Graag hulp. Aanvullende details: - Kun je aangeven welke licentie je precies gebruikt? - Aantal medewerkers - Hoeveel medewerkers zijn momenteel actief in de omgeving? - gebruikt staat op 184 maximum staat op 170 - Wat is het gewenste aantal medewerkers dat je wilt toevoegen? - een enkele en een contract aanpassen.
HRM,"[Licentie] Licentie limiet bereikt: gebruikt 184, maximum 170, terwijl er 176 actieve medewerkers zijn.",Probleembeschrijving: Licentie limiet bereikt nieuwe licentie om medewerkers in dienst te melden en contracten aan te passen. Dit geeft grote problemen want we weten niet hoe we de aantallen naar bedeneden krijgen. aantal medewerkers staat op gebruikt 184 maar mag maximum 170 zijn. Wat is de oorzaak dat hier 184 staat want we hebben maar 176 actieve medewerkers? Graag hulp. Aanvullende details: - Kun je aangeven welke licentie je precies gebruikt? - Aantal medewerkers - Hoeveel medewerkers zijn momenteel actief in de omgeving? - gebruikt staat op 184 maximum staat op 170 - Wat is het gewenste aantal medewerkers dat je wilt toevoegen? - een enkele en een contract aanpassen.
HRM,[Doorlopend verzuim] Signaleren van doorlopend verzuim bij gelijke reden na zwangerschap/bevalling.,"Probleembeschrijving: Beste, Wij lezen op de Help van AFAS dat wij handmatig een vinkje moeten zetten bij doorlopend verzuim wanneer de reden verzuim hetzelfde is als voorafgaand aan de zwangerschap / bevalling. Zie het artikel: https://help.afas.nl/vraagantwoord/NL/SE/65345.htm?query=doorlopend%20verzuim Het probleem is echter dat wij zoveel verzuim hebben dat wij niet elke verzuimregel afzonderlijk kunnen controleren. Hebben jullie een slim idee of mogelijkheid waarmee wij kunnen signaleren wanneer bovenstaande situatie voorkomt zodat we sneller weten dat we doorlopend verzuim moeten aanvinken? Groeten, Niels Aanvullende details: - Kun je aangeven welke specifieke criteria je wilt gebruiken om te signaleren dat doorlopend verzuim moet worden aangevinkt? - Einddatum op zwangerschap / bevalling en direct een nieuwe verzuimmelding daarna gestart. - Zijn er specifieke velden of gegevens in Profit die je wilt gebruiken om deze situatie te herkennen? - Verzuimregels - Heb je al geprobeerd een rapportage of filter in Profit te maken om deze situaties te identificeren? - Ik heb geprobeerd een signaal te maken met een gegevensverzameling echter lukte het mij niet om dan historische verzuimregels op zo'n manier met elkaar te vergelijken dat we dit kunnen signaleren."
HRM,[Digitaal ondertekenen] Foutmelding bij ondertekenen | Cannot sign encrypted document. Invalid decryption mode,"Probleembeschrijving: Er staat een taak klaar op InSite bij een leidinggevende. Hij kan deze niet afhandelen. Het gaat om het ondertekenen van een document. Hij klikt op de knop ondertekenen maar kan niet verder. De taak blijft op In behandeling staan en hij kan niet verder. Hetzelfde gebeurt in de Pocket App. De AFAS Signing service is niet geblokkeerd, dit is gecontroleerd door onze consultant Rick van Ginkel. De leidinggevende heeft meerdere keren zijn cookies verwijderd. Het telefoonnummer is correct, dit is gecontroleerd. Er is ook geen storing bekend op afasstatus.nl Aanvullende details: - Kun je aangeven sinds wanneer dit probleem speelt? - Vandaag voor het eerst over gehoord - Kun je bevestigen of het probleem zich bij meerdere leidinggevenden voordoet of alleen bij deze specifieke gebruiker? - Dit is getest, een andere leidinggevende kan wel tekenen. Dit is echter wel een andere workflow. - Welke browser en versie gebruikt de leidinggevende precies voor InSite? - Microsoft Edge"
HRM,"Foutmelding ""Not logged in"" bij integratiepagina voor interne vacatures.","Probleembeschrijving: Storing integratiepagina met intern opengestelde vacatures De integratiepagina https://87862.afasinsite.nl/interne-vacatures-bmn/interne-vacatures-bmn koppelt naar https://intern.werkenbijbmn.nl. Dit heeft sinds januari 2024 goed gefunctioneerd en er is sindsdien aan beide zijden niets gewijzigd. Vanaf 12 maart verschijnt echter de foutmelding ""Not logged in"", waardoor de intern opengestelde vacatures niet meer beschikbaar zijn voor de BMN-medewerkers. Dit probleem doet zich voor bij alle gebruikers en browsers die zijn geprobeerd. De experts van Floyd & Hamilton (leverancier van de recruitmentsite) en Irixs (AFAS-partner) hebben gezamenlijk het probleem uitgebreid onderzocht. In de kern lijkt het erop dat de sessie verloren gaat, waardoor de bezoeker niet meer geautoriseerd is. In de bijlagen alle relevante informatie: 1.Diagnose Irixs.pdf (informatie en bevindingen vanuit het oogpunt van AFAS/InSite) 2.Diagnose Floyd & Hamilton.pdf (informatie en bevindingen vanuit het oogpunt van de recruitmentsite) 3.Afas_Insite_BMN.HAR (logfile met communicatie) Aanvullende details: - Kun je bevestigen of de foutmelding ""Not logged in"" consistent optreedt bij alle gebruikers en alle browsers? - Ja - Kun je aangeven of er specifieke gebruikers of rollen zijn die wel toegang hebben? - Zijn er niet - Kun je bevestigen of er in de bijlagen specifieke foutcodes of logdetails zijn die de oorzaak verder verduidelijken? - Het zijn toelichtingen op wat er al onderzocht is."
HRM,[Rente][Looncomponent] Welk looncomponent is te gebruiken voor de (wettelijke) rente betaling salaris,"Probleembeschrijving: Goedendag, Wij moeten een LC aanmaken ivm het betalen van rente. Situatie: Medewerker van ons heeft haar salaris te laat ontvangen en wij moeten hierover rente betalen. Wij hadden LC15538 willen gebruiken om een kopie van te maken maar dat is niet mogelijk. Kunnen jullie vertellen of er al een bestaand looncomponent is die wij hiervoor kunnen gebruiken/kopie van kunnen maken. Aanvullende details: - Kun je aangeven waarom het niet mogelijk is om LC15538 te kopiëren? - Is een afas LC die door Afas wordt onderhouden - Wat zijn de specifieke eisen of kenmerken die het nieuwe looncomponent moet hebben? - Wij moeten er een kopie van kunnen maken. - Heb je al geprobeerd een ander bestaand looncomponent te gebruiken dat vergelijkbaar is met LC15538? - Ja maar hebben we niet kunnen vinden."
HRM,[CAO Woondiensten] Vragen over de inrichting van salaristabellen en instapsalarissen in CAO-Woondiensten.,"Probleembeschrijving: In verband met de salarisverhoging per 1-4-2025 heb ik de volgende vragen: 1. Waarom zijn deze 2 salaristabellen ingericht (zie bijgevoegd bestand) terwijl de schalen en salarishoogte min/max-regels hetzelfde zijn? Zijn dit tabellen vanuit 2018 waarbij dit onderscheid nog wel van belang was maar er nu geen verschil meer is tussen de tabellen? Of werken deze salaristabellen nog ergens anders in door bv de berekening hoogte eindejaarsuitkering? Indien er geen verschil zit tussen deze schalen is het dan mogelijk om 1 salaristabel te maken voor CAO-woondiensten? 2. Waarom zijn er conform CAO-Woondiensten geen aparte salaristabellen beschikbaar (ingericht) voor de 'Instapsalarissen' (zie afbeelding)? Aanvullende details: - Kun je aangeven of de twee salaristabellen momenteel functioneel worden gebruikt in de salarisverwerking of andere berekeningen, zoals de eindejaarsuitkering? - Na controle lijkt dit niet zo te zijn maar die vraag zou ik graag door Afas beantwoord zien - Kun je bevestigen of er specifieke richtlijnen in de CAO Woondiensten 2025-2027 staan die instapsalarissen apart benoemen en hoe deze verwerkt moeten worden? - Zie CAO-Woondiensten: Instapsalaris (artikel 4.3.2 CAO Woondiensten) - Zijn er specifieke redenen waarom je één salaristabel wilt maken, zoals het vereenvoudigen van beheer of het oplossen van een probleem? - O.a. t.b.v. vereenvoudigen van de basisinrichting van de salarissen en van de collectieve salarisverhoging"
HRM,[CAO Woondiensten] Vragen over de inrichting van salaristabellen en instapsalarissen in CAO-Woondiensten.,"Probleembeschrijving: In verband met de salarisverhoging per 1-4-2025 heb ik de volgende vragen: 1. Waarom zijn deze 2 salaristabellen ingericht (zie bijgevoegd bestand) terwijl de schalen en salarishoogte min/max-regels hetzelfde zijn? Zijn dit tabellen vanuit 2018 waarbij dit onderscheid nog wel van belang was maar er nu geen verschil meer is tussen de tabellen? Of werken deze salaristabellen nog ergens anders in door bv de berekening hoogte eindejaarsuitkering? Indien er geen verschil zit tussen deze schalen is het dan mogelijk om 1 salaristabel te maken voor CAO-woondiensten? 2. Waarom zijn er conform CAO-Woondiensten geen aparte salaristabellen beschikbaar (ingericht) voor de 'Instapsalarissen' (zie afbeelding)? Aanvullende details: - Kun je aangeven of de twee salaristabellen momenteel functioneel worden gebruikt in de salarisverwerking of andere berekeningen, zoals de eindejaarsuitkering? - Na controle lijkt dit niet zo te zijn maar die vraag zou ik graag door Afas beantwoord zien - Kun je bevestigen of er specifieke richtlijnen in de CAO Woondiensten 2025-2027 staan die instapsalarissen apart benoemen en hoe deze verwerkt moeten worden? - Zie CAO-Woondiensten: Instapsalaris (artikel 4.3.2 CAO Woondiensten) - Zijn er specifieke redenen waarom je één salaristabel wilt maken, zoals het vereenvoudigen van beheer of het oplossen van een probleem? - O.a. t.b.v. vereenvoudigen van de basisinrichting van de salarissen en van de collectieve salarisverhoging"
ERP,Accordering ongedaan maken op nacalculatieregel(s) lukt niet: One or more lines are invoiced already,"Probleembeschrijving: Kan uren niet ""Accorderen ongedaan maken"" krijg de foutmelding dat de regels al ""Invoiced"" zijn terwijl dit nog niet is gebeurd. Aanvullende details: - Kun je aangeven welke stappen je precies doorloopt voordat de foutmelding verschijnt? - Ga naar Profit >> Projecten >> Project >> Project >> Nacalculatie >> Accorderen ongedaan maken - Is er een specifieke situatie waarin dit probleem zich voordoet, zoals bij bepaalde uren of gebruikers? - Bij verschillende uren - Kun je bevestigen of er recent wijzigingen zijn aangebracht in de instellingen of processen rondom het accorderen van uren? - Nee, dit speelt al sinds het begin sinds het werken maar valt nu op omdat deze 4 regels niet zijn gefactureerd."
HRM,[Bezettingsoverzicht] Filters toepassen op Medewerker bezettingsoverzicht MSS voor specifieke dienstbetrekkingen.,Probleembeschrijving: Is er een mogelijkheid om bepaalde soorten medewerkers en/of dienstbetrekkingen uit de pagina Medewerker bezettingsoverzicht MSS (verlof beoordelen) te filteren? Nu worden bijvoorbeeld ook zzp-ers getoond terwijl deze groep geen verlof aan- en afwezigheid registreert. Aanvullende details: - Kun je precies aangeven welke filters je wilt toepassen op de pagina Medewerker bezettingsoverzicht MSS? - Een filter op soort medewerker en/of soort dienstbetrekking. Functie kan ook nog een optie zijn. - Speelt dit probleem bij meerdere gebruikers of alleen bij jou? - Bij alle leidinggevenden die verlof moeten goedkeuren. - Welke soorten medewerkers en/of dienstbetrekkingen wil je specifiek uitsluiten van de weergave? - Bijvoorbeeld: - Uitzendkracht - Van ander bedrijf/filiaal ingeleend - Ondernemer - met salaris - Ondernemer - zonder salaris Of dienstbetrekking: - ZZP-er - Detachering
HRM,"[RVU] RVU-uitkering onterecht volledig uitbetaald in april, moet halverwege stoppen.","Probleembeschrijving: Goedemorgen supportmedewerker, Een medewerker van Riwis (GGZ) heeft een RVU uitkering ontvangen, zij gaat 13-04-2025 uit dienst omdat zij 67 is geworden en nu AOW gerechtigd is. Toch heeft Profit de hele maand april de RVU uitkering uitbetaald. Dit is onjuist. Ik heb uitgezocht dat de RVU uitkering op de AOW gerechtigde datum mag stoppen (moet stoppen). Hartelijke groet, Annemiek Aanvullende details: - Wat is het stamnummer van het looncomponent dat de RVU-uitkering regelt? - 100.001.250 - Kun je aangeven hoe Profit de berekening van de RVU-uitkering nu maakt en wat je verwacht dat deze berekening zou moeten zijn? - Hele maand is berekend, moet halve maand zijn - Is er een specifieke CAO-tekst of documentatie die aangeeft dat de uitkering op AOW-datum moet stoppen? Zo ja, kun je deze delen of verwijzen naar waar dit staat beschreven? - Nee, in ChatGPT opgezocht dat de uitkering op AOW gerechtigde datum stopt."
HRM,"[Eigen dossieritem] Geen toegang tot pagina in SelfServicePortal voor medewerkers: ""Je hebt geen toegang tot deze pagina.""","Probleembeschrijving: Beste AFAS, Ik loop tegen een autorisatie uitdaging aan, en dat is niet de makkelijkste module binnen AFAS ;) Ik het logboek zie ik de foutmelding: Je hebt geen toegang tot deze pagina en dan gaat het in dit geval om de pagina: Request URL: https://84531.afasinsite.nl//selfserviceportal/beoordelen-4ps-rechtenaanvraag?SbId=209556. Wij hebben veel meer van dit soort type pagina's die onze medewerkers mogen inzien. Als ik dan die pagina opzoek dan zie ik dat die pagina geautoriseerd is via de InSite Rol: Medewerker (start basis rechten). Dat is de set die de medewerkers ook hebben. In de functionaliteit van die set zie ik ook dat ik de Pagina-onderdelen heb geactiveerd. Als ik dan via de Autorisatietool kijk of de gebruikersgroep 'Medewerkers' (dat is wederom de groep die elke medewerker heeft) rechten heeft tot het dossier van SelfServicePortal dan staan volgens mij ook alle seinen op groen. Kunnen jullie zien waarom we dan nog steeds deze foutmelding krijgen? Volgens mij heb ik alles goed ingesteld staan Aanvullende details: - Kun je bevestigen of de foutmelding bij alle medewerkers voorkomt, of alleen bij specifieke gebruikers? - Bij alle medewerkers - Heb je gecontroleerd of er uitzonderingen zijn ingesteld binnen de autorisatie voor bepaalde gebruikersgroepen of rollen? - Die zijn er niet op dit dossier - Kun je aangeven sinds wanneer deze foutmelding optreedt en of er wijzigingen in de autorisaties zijn doorgevoerd vlak daarvoor? - Dit speelt al heel lang, maar we hebben er altijd om heen kunnen werken. Nu willen we het toch een keer echt goed zetten"
ERP,Wat gebeurt er precies bij selectie 'Gehele factuur' voor incasso?,"Probleembeschrijving: Bij het aanmaken van een incasso heb je nu de optie om aan te geven welk deel van de factuur er geincasseerd moet worden (zie bijlage) Je hebt dan 3 opties en nu vragen wij ons af wat er gebeurt als je Gehele factuur selecteert? Komt het G-rekening deel ook op de G-rekening terecht en het restant op de standaard rekeningnr? Aanvullende details: - Kun je uitleggen wat je verwacht dat er gebeurt bij de optie 'Gehele factuur'? - Ik hoop dat het G-rekening deel ook op de G-rekening bank terecht en het restant op de standaard rekeningnr, met 1 incasso. - Heb je al getest wat er gebeurt als je 'Gehele factuur' selecteert of kun je daar meer details over geven? - Nee niet getest. - Kun je meer details geven over hoe de G-rekening is ingesteld of welke specificaties daarin zijn opgenomen? - We hebben een aparte bankrekening voor G-rekening en een aparte bankrekening voor de overige betalingen en incasso's. Bij de debiteur staat incasseren aan en bij de klantovereenkomst het %G-rekening en loonsom staat op 100%"
HRM,"Foutmelding bij onboarding rijdend personeel: ""De geselecteerde periodetabel kan niet gebruikt worden voor HRM/Payroll.""","Probleembeschrijving: Wij zijn bezig met het testen van ons nieuwe Onboarden proces. Ons proces voor kantoor werkt naar behoren. Deze hebben wij gekopieerd en gedeeltelijk aangepast zodat deze voor rijdend personeel werkt. Helaas krijgen wij nu de foutmelding "" in de laatste stap. Weet u hoe dit kan komen en hoe wij dit kunnen oplossen? Aanvullende details: - Waar loop je precies tegenaan in de laatste stap? Kun je meer details geven over wat er gebeurt? - De arbeidsovereenkomst kan niet gegenereerd worden door 'De geselecteerde periodetabel kan niet gebruikt worden voor HRM/Payroll.' - Sinds wanneer speelt dit probleem? - Sinds het testen van het onboarden voor het rijdend personeel - Wat is er aangepast in het proces voor rijdend personeel ten opzichte van het kantoorproces? - Arbeidsvoorwaarden, voorkeurwaarden salaris etc"
ERP,Optie 'gelijk journaliseren' niet zichtbaar bij declaraties factureren.,Probleembeschrijving: Is het mogelijk om bij het aanmaken van een declaratie factuur via Project - Facturering - Declaraties factureren ook gelijk te kiezen voor de optie gelijk journaliseren? Deze optie heb je bij de standaard facturatie namelijk wel (zie bijlage) Aanvullende details: - Kun je bevestigen of de optie 'gelijk journaliseren' niet zichtbaar is in het scherm voor declaraties factureren? - Ja is niet zichtbaar (zie bijlage 2) - Heb je gecontroleerd of er specifieke instellingen zijn die deze optie mogelijk maken bij declaratiefacturen? - Geen idee waar ik dat zou moeten instellen/controleren - Wat is precies de gewenste situatie en hoe zou dit proces moeten verlopen volgens jouw verwachting? - We zouden het graag ook automatisch willen laten journaliseren ook bij declaratie facturatie
HRM,[CAO Woondiensten] Verwerking van salarisregel voor medewerker in instapschaal | Welke salaristabel?,Waarom zijn er conform CAO-Woondiensten geen aparte salaristabellen beschikbaar (ingericht) voor de 'Instapsalarissen' (zie afbeelding)?
HRM,[Fout][RBI] Foutmelding bij verzenden loonbelastingaangifte: Error executing request.,"Probleembeschrijving: Bij het verzenden van een loonbelasting aangifte krijg ik een foutmelding. Toch lijkt het verzenden gelukt, er wordt een openstaande post aangemaakt en de post krijgt de status verzonden. Wat gaat er nu niet goed? Aanvullende details: - Wat is de exacte foutmelding die je ontvangt? - zie veld foutmelding - Kun je aangeven sinds wanneer dit probleem speelt? - Vandaag - Heb je eerder succesvol een loonbelastingaangifte verzonden? - Ja"
HRM,[Salarisverwerking] Hoe wordt looncomponent ''Gemiddelde meeruren over referteperiode t.b.v. ziekengeld'' (135.021.505) berekend?,"Probleembeschrijving: Hallo AFAS, We hebben een vraag over de berekening van het ziekengeld meeruren voor een medewerker over de maand januari 2025, we krijgen namelijk geen aansluiting met het bedrag zoals het op de loonstrook vermeld staat. Medewerker is meerdere keren ziek geweest waarbij we wel aansluiting krijgen van de berekening van de aanvulling meeruren ivm ziekte. Zie bijgaande berekening welke we in excel hebben gezet. Geen aanvullende vragen gesteld."
HRM,[Klantportal] [Cursus] Opgeven nieuwe medewerker voor AFAS trainingen met privé e-mailadres en later wijzigen.,Probleembeschrijving: Wij willen graag een nieuwe medewerker alvast opgeven voor een aantal AFAS trainingen. Deze medewerker is nog niet indienst en heeft daarom nog geen zakelijk emailadres. Kan ik hem nu al wel opgeven met zijn prive emailadres en dat we later het prive emaildres kunnen vervangen voor het zakelijke emailadres? Of kunnen wij beter wachten en in 1 keer het zakelijke emailadres gebruiken? Geen aanvullende vragen gesteld.
ERP,Begeleidend e-mail sjabloon voor incassoklanten toont dubbele factuurregels.,"Probleembeschrijving: Hieronder stuur ik een voorbeeld mee van een begeleidende mail van onze verkoopfactuur voor incassoklanten. Dit gaat nog niet goed. Wij factureren maandelijks automatisch de abonnementen en hier wordt voor betalende klanten een juiste begeleidende email meegestuurd maar voor onze incassoklanten gaat het fout. De factuurregel staat er dubbel in; 1 keer met het verzoek tot betaling en 1x dat hij geïncasseerd wordt? Dit is onduidelijk, veel klanten maken nu de bedragen zelf over terwijl we ook incasseren. Kunnen we dit via het sjabloon zelf aanpassen? Graag een goede uitleg hoe dit dan moet. En hoezo komt de regel 2x voor dan is er bij de inrichting door AFAS iets niet goed gegaan? Voorbeeld; Beste , Hierbij ontvang je je digitale factuur met nummer 522500755. Wij verzoeken je het bedrag van € 580,53 te betalen voor 15-04-2025.Hierbij ontvang je je digitale factuur met nummer 522500755. Het bedrag van € 580,53 zal worden geïncasseerd van rekeningnummer NL10INGB0008955850. Voor vragen over deze factuur kan je contact opnemen met onze afdeling debiteurenadministratie. Aanvullende details: - Kun je aangeven of dit probleem zich voordoet bij alle incassoklanten of slechts bij specifieke gevallen? - Bij alle incasso klanten - Heb je al geprobeerd het sjabloon aan te passen, en zo ja, wat heb je precies gewijzigd? - nee dat lukte niet - Kun je een schermafbeelding of voorbeeld van het gebruikte sjabloon meesturen? - Ik kan hier niets plakken??? zie boven het voorbeeld van de tekst"
HRM,[Aangifterapport] Geen aangifte rapporten selecteerbaar voor,"Probleembeschrijving: Bij HRM/ Payroll/Aangiftecockpit selecteer ik uit t Aangifte-overzicht een BV, jaar, periode en klik dan op de button Meer acties: Aangifterapport. Deze is LEEG??????? Hoe kan ik hier de 4 verschillende keuze rapporten krijgen behorende bij het jaar van de loonaangifte/ Pensioenaangifte rapport (Profit)? Aanvullende details: - Welke stappen doorloop je precies om dit probleem te reproduceren? - Bij HRM/ Payroll/Aangiftecockpit selecteer ik uit t Aangifte-overzicht een BV, jaar, periode en klik dan op de button Meer acties: Aangifterapport. Deze is LEEG??????? - Sinds wanneer speelt dit probleem en werkte het eerder wel correct? - al een hele tijd - Speelt deze situatie bij meerdere gebruikers of alleen bij jou? - bij iedereen"
ERP,"[Project I niet I ingevuld] Projectnummer niet zichtbaar bij openstaande posten, ondanks correcte factuurinstellingen.","Probleembeschrijving: 99% van al onze facturen worden op project gefactureerd, maar in sommige gevallen wordt het projectnummer niet zichtbaar bij de openstaande posten. Is dit een fout in Afas of een fout in de instelling van bepaalde projecten aan onze kant? Aanvullende details: - Kun je aangeven of het projectnummer wel correct wordt ingevuld bij het aanmaken van de facturen? - Ja - Zijn er specifieke projecten waarbij dit probleem zich voordoet, en zo ja, kun je enkele voorbeelden geven? - Zie bijlage - Hebben deze projecten afwijkende instellingen ten opzichte van andere projecten die wel goed functioneren? - ?"
ERP,[KvK | Deponeren | Rapport] Foutmelding bij deponeren cijfers 2023: exacte beschrijving van de foutmelding ontbreekt.,"Probleembeschrijving: Ik probeer cijfers 2023 te deponeren en krijg een foutmelding. Zou u willen aangeven wat de foutmelding inhoudt en hoe ik het kan herstellen, zodat ik de cijfers kan deponeren? Aanvullende details: - Kun je precies aangeven welke stappen je doorloopt voordat de foutmelding verschijnt? - nvt - Sinds wanneer speelt dit probleem en heeft het eerder gewerkt? - sinds vandaag. Gisteren heb ik vanuit dezelfde omgeving nog wel 2 jaarrekeningen kunnen deponeren - Heb je al geprobeerd om een andere rapportage te draaien of instellingen aan te passen in AFAS Software? - nvt"
HRM,"[Conditie] Onterecht afgeronde items in workflows door foutieve conditie ""Datum uitdienst <[Vandaag]"".","Probleembeschrijving: We hebben vrijdag 25 april 2025 drie workflows aangepast met de conditie ""Automatisch afhandelen i.v.m. uitdienst"". De gegevensverzameling Actuele gegevens medewerker per dienstverband was toegevoegd, het veld ""Datum uit dienst"" is toegevoegd, en er is een filter gemaakt waarbij met ""Datum uit dienst <[Vandaag]. De conditie heet ""Datum uitdienst <[Vandaag]"". Dit was getest en heeft vrijdag gewerkt. En ook nu kunnen we er niet achter komen waarom het fout is gegaan. Maar er zijn inmiddels 1500 items onterecht afgerond. Het gaat om de workflows ""Jaargesprekken"", ""Formulier einde proeftijd"" en ""Frequent verzuimgesprek"". Zie bijvoorbeeld medewerkers jaargesprek: 4462 en 161262 Zie bijvoorbeeld medewerkers frequent verzuim: 218023 en 194302 Zie bijvoorbeeld medewerkers formulier proeftijd gesprek: 221069 en 235856. Graag jullie hulp in het uitzoeken waarom dit fout is gegaan en hoe we het terug kunnen draaien. Vriendelijke groet, Carolien Hamersma Aanvullende details: - Kun je bevestigen of de workflows ""Jaargesprekken"", ""Formulier einde proeftijd"" en ""Frequent verzuimgesprek"" dezelfde configuratie hebben qua filter en gegevensverzameling? - Ja. - Zijn er specifieke wijzigingen in de omgeving geweest sinds vrijdag 25 april die mogelijk invloed hebben gehad op deze workflows? - Nee. - Kun je aangeven hoe het testen van de aangepaste workflows is uitgevoerd, inclusief welke scenario's zijn getest? - Nee."
ERP,"[Geblokkeerde gegevens] Afschrift van 13 maart geblokkeerd na vastlopen in Afas, geen blokkering zichtbaar.","Probleembeschrijving: Ik ben 24 april uit Afas geklapt omdat de computer bleef hangen, in een aflettering van de Bank. Ik kan inmiddels wel weer in de bank maar het betreffende afschrift van 13 maart staat geblokkeerd. Ik weet nu niet meer hoe ik dit moet oplossen. Staat geen blokkering bij Algemeen / blokkering. (Bank ABN AMRO via Bankafschriften Aanvullende details: - Kun je precies aangeven welke stappen je hebt doorlopen om het probleem te reproduceren? - Ik heb via blokkering brekingssessie de blokkering op de bank kunnen opheffen maar niet van het betreffende afschrift. - Speelt dit probleem bij meerdere gebruikers of alleen bij jou? - alleen bij mij - Wat is de gewenste situatie, bijvoorbeeld dat het afschrift weer beschikbaar wordt? - Dat ik kan afletteren om de openstaande posten door te kunnen geven aan deze klant. Nu staat er een totaalbedrag."
ERP,"[Geblokkeerde gegevens] Afschrift van 13 maart geblokkeerd na vastlopen in Afas, geen blokkering zichtbaar.","Probleembeschrijving: Ik ben 24 april uit Afas geklapt omdat de computer bleef hangen, in een aflettering van de Bank. Ik kan inmiddels wel weer in de bank maar het betreffende afschrift van 13 maart staat geblokkeerd. Ik weet nu niet meer hoe ik dit moet oplossen. Staat geen blokkering bij Algemeen / blokkering. (Bank ABN AMRO via Bankafschriften Aanvullende details: - Kun je precies aangeven welke stappen je hebt doorlopen om het probleem te reproduceren? - Ik heb via blokkering brekingssessie de blokkering op de bank kunnen opheffen maar niet van het betreffende afschrift. - Speelt dit probleem bij meerdere gebruikers of alleen bij jou? - alleen bij mij - Wat is de gewenste situatie, bijvoorbeeld dat het afschrift weer beschikbaar wordt? - Dat ik kan afletteren om de openstaande posten door te kunnen geven aan deze klant. Nu staat er een totaalbedrag."
HRM,[Roosterwijziging] Veld Organisatorische eenheid niet bijgewerkt in InSite na wijziging.,"Probleembeschrijving: Beste, Bij de workflow Roosterwijzigingen (Dossieritemnummer: -25) wordt het veld Organisatorische eenheid niet bijgewerkt na een wijziging. In Profit is de wijziging wel zichtbaar, maar in InSite blijft de oude informatie staan. Hierdoor hebben onze medewerkers het idee dat de wijziging niet is gedaan. Ik heb een bijlage toegevoegd met screenshots ter verduidelijking. Zouden jullie kunnen meekijken? Alvast bedankt! Met vriendelijke groet, Lars van Miltenburg Aanvullende details: - Kun je aangeven of dit probleem zich voordoet bij alle medewerkers of slechts bij specifieke medewerkers? - Bij alle medewerkers - Kun je beschrijven welke stappen je precies doorloopt bij het wijzigen van het veld Organisatorische eenheid? - Mijn Team > Uren aanpassen medewerker > Medewerker opzoeken (in dit geval Wina) > DV 1 selecteren > Ingangsdatum selecteren > OE wijzigen > Aanmaken > daarna is op de beoordelen pagina de wijziging niet zichtbaar > als je vervolgens alle stappen van de workflow doorloopt, is de wijziging wel zichtbaar in Profit, maar niet in InSite. - Kun je bevestigen of er recent wijzigingen zijn doorgevoerd in de workflow of in de instellingen van InSite? - Voor deze workflow zijn er recent geen aanpassingen gedaan"
ERP,"[Balans en Toelichting op de balans met tekst] Rapport ""Balans"" niet zichtbaar in Rapportagecockpit, terwijl het onder beheer staat.","Probleembeschrijving: Goedemiddag, Ik wil een rapport van een vereenvoudigde balans per maand uitdraaien, zoals deze via de Rapportagecockpit gegenereerd wordt. Het rapport voor Winst en Verlies is wel zichtbaar bij de rapporten, maar de Balans niet. Terwijl ik deze wel onder beheer zie staan. Hoe krijg ik het rapport ""Balans"" zichtbaar? Aanvullende details: - Waar loop je precies tegenaan bij het zichtbaar maken van het rapport? - NVT - Sinds wanneer speelt dit probleem? - Vorige week. - Tot wanneer werkte het nog wel? Is er sindsdien iets gewijzigd/aangepast? Wat is er vanaf dat moment veranderd? - NVT"
ERP,[Inkoopfactuur | verplichting | geblokkeerd voor betaling] Facturen van crediteur Adyen worden zonder beoordeling goedgekeurd in administratie 8.,"Probleembeschrijving: Vervolg ticket 2342597 In het ticket 2342597 werden wij verwezen naar onze ICT voor inrichting. Wij hebben het ticket samen bekeken en komen tot de conclusie dat dit geen inrichtingsvraag is, omdat er geen workflow wordt gestart. Het is voor ons dus niet mogelijk om te kijken wat er fout gaat, aangezien er dus geen workflow wordt gestart. Probleem: Tijdens het inboeken van facturen via E-factuur > boeken journaalpost krijgen we bij crediteuren met verplichtingen de melding: ""Voor crediteur [CREDITEURNAAM] zijn niet-afgehandelde verplichtingen aanwezig. Wil je deze nu afboeken?"" Als wij op ""ja"" drukken, dan kunnen wij de verplichtingen selecteren. Wat gaat er exact fout: Wij hebben 29 facturen ingeboekt van crediteur Adyen, waarvan 14 facturen met een verplichting. In onze instellingen hebben wij ingericht dat als een factuur (met een foutmarge van 2% op het bedrag) overeenkomt met de verplichting, deze uitsluitend goedgekeurd hoeft te worden door de verantwoordelijke. Echter, in administratie 8 (Henri Willig Germany GmbH) zijn er facturen niet in de workflow gekomen. De factuur werden zonder beoordeling goedgekeurd voor betaling en dit is onwenselijk. Voor andere administraties is dit wel correct gegaan. Aanvullende details: - Welke stappen doorloop je precies bij het inboeken van de facturen en het afhandelen van verplichtingen? - Tijdens het inboeken van facturen via E-factuur > boeken journaalpost krijgen we bij crediteuren met verplichtingen de melding: ""Voor crediteur [CREDITEURNAAM] zijn niet-afgehandelde verplichtingen aanwezig. Wil je deze nu afboeken?"" - Kun je bevestigen of dit probleem alleen speelt binnen administratie 8 (Henri Willig Germany GmbH) of ook elders? - Alleen in administratie 8 Henri Willig Germany GmbH - Is er een verschil in inrichting tussen administratie 8 en andere administraties waar het wel correct werkt? - Wij kunnen dit niet zien, omdat er geen workflow wordt gestart."
ERP,[Kenmerk | Betaalopdracht | Boekstuk | Factuur] Batchbetaling toont geen factuurnummers in de omschrijving voor MCB Direct.,Probleembeschrijving: Enige tijd geleden heb ik voor ticket 2288145 al contact met jullie gehad. Toen was het probleem dat de leveranciers bij een batch betaling een . of niets zagen in de omschrijving. Toen hebben we dat dacht ik op kunnen lossen maar ik krijg weer te horen dat de vermelding niet goed gaat. Als ik de batch bekijk zie ik er ook geen omschrijving staan. Het gaat voornamelijk om MCB Direct Valkenswaard. Mijn collega heeft op 24-04 een batch klaargezet voor 28-04. Als ik die batch bekijk zie ik bijgevoegde informatie. Wat moet er ingesteld worden dat er wel factuurnummers gemeld worden in de omschrijving? Aanvullende details: - Kun je bevestigen of de instellingen die je eerder hebt aangepast nog steeds correct zijn? - Ja zoals ik het zie wel. - Kun je aangeven of de instellingen die je hebt aangepast specifiek zijn voor de leverancier MCB Direct of voor alle leveranciers? - Meerdere leveranciers. Als ik kijk naar verdichten dan komt er wel een tekst in de omschrijving met factuur:. maar daarna blijft het blanco. - Kun je bevestigen of de instellingen voor de betaalopdracht correct zijn ingesteld voor het opnemen van factuurnummers? - Ja zoals ik het lees wel.
HRM,Vervanger instellen voor zieke leidinggevende met dezelfde taken.,Probleembeschrijving: Hoe kun je een vervanger instellen voor een leidinggevende die ziek is? De vervanger moet dezelfde taken te zien krijgen als degene die ziek is. Aanvullende details: - Kun je precies aangeven welke stappen je hebt doorlopen om de vervanging in te stellen? - Op de verzuimregel hebben we de vervanger ingesteld. - Speelt dit probleem bij meerdere vervangers of slechts bij één specifieke situatie? - Algemeen willen we weten hoe dit juist in te stellen. - Heb je geprobeerd de instellingen te controleren of een andere rol toe te wijzen aan de vervanger? - Nee
ERP,[Inkoopfactuur | workflow] Beoordelaar in de workflow wordt niet aangepast na wijzigen van beoordelaar in de financiële mutatie,"Probleembeschrijving: Vervolg ticket 2342599 Wij passen de beoordelaar aan in de regel. Helaas wordt dit niet overgenomen in de kop. De kop is bij ons niet aanpasbaar (grijs veld). Vandaar dat wij ons afvragen of wij dit ook kunnen wijzigen. Wij hebben gezeten met onze succesbeheerder. En die verwijst ons weer terug naar Afas. De workflow kijkt namelijk naar beoordelaar in de kop. Zie in de bijlage een filmpje met dat wij beoordelaar wijzigen in de regel en dat het veld in de kop niet wordt gewijzigd. Na het inboeken van de factuur, komt de factuur in Insite bij de verantwoordelijke beoordelaar uit de kop. De beoordelaar uit de kop staat ingesteld bij de crediteur. Alvast bedankt Aanvullende details: - Kun je bevestigen of de beoordelaar in de kop automatisch wordt ingesteld op basis van de crediteur? - Ja dit klopt. - Is het gewenst dat de beoordelaar in de kop automatisch wordt aangepast op basis van de regel? - Ja klopt ook of de kop moet ook aanpasbaar kunnen worden. - Kun je aangeven of er specifieke instellingen in de workflow zijn die dit gedrag veroorzaken? - Nee die zijn er niet volgens onze succesbeheerder"
HRM,[Onboarden] De ingevulde waarde voor veld 'Cao' bestaat niet. Gebruik het zoekvenster om een waarde te selecteren.,"Probleembeschrijving: Tijdens testen van het onboarden lopen we tegen een melding aan dat CAO niet bestaat. Terwijl deze wel degelijk gevuld is en ook standaard onderdeel uit maakt van de omgeving, 6 VVT CAO. Waardoor ontstaat dit probleem en hoe lossen we het op? Aanvullende details: - Kun je bevestigen of de CAO '6 VVT CAO' correct is gekoppeld aan de betreffende medewerker(s)? - gebeurt tijdens onboarden proces. De medewerker was als PNIL'er in dienst en wordt nu vaste medewerker - Kun je aangeven of de CAO '6 VVT CAO' correct is geconfigureerd in de omgeving? - Het is kopie test omgeving op basis van de live - Kun je een screenshot delen van het scherm waar je deze melding ontvangt, inclusief de stappen die leiden tot deze foutmelding? - screenshots reeds toegevoegd als bijlage"
ERP,"[BTW verlegd] Btw wordt niet berekend op factuur, foutmelding D018.","Probleembeschrijving: btw wordt niet berekend terwijl dat wel moet, D018. Aanvullende details: - Waar loop je precies tegenaan met betrekking tot de btw-berekening? - geen btw berekend op factuur - Sinds wanneer speelt dit probleem? - vanaf inregeling - Tot wanneer werkte het nog wel correct en is er sindsdien iets gewijzigd aan je instellingen in AFAS, zoals de btw-code of tarieven? - nooit gewerkt"
HRM,[Contract] Contractverlenging stagiaire mislukt door foutmelding: 'Soort medewerker' moet gelijk blijven.,"Probleembeschrijving: Hallo, Bij een contractverlenging van een stagiaire ( Jaron Bos 12307) verschijnt de volgende foutmelding: Kan het contract niet opslaan. Het veld 'Soort medewerker' moet gedurende het dienstverband dezelfde waarde houden. Bij de aanpassingen staat soort medewerker nu op; 'Personeelslid', terwijl dit zelf niet zo is aangepast. Vervolgens kan dit veld ook niet meer worden aangepast naar; 'Stagiair - met salaris/stagevergoeding'. Hoe kan de contractverlenging goed worden doorgevoerd? Aanvullende details: - Wat is de gewenste situatie voor de contractverlenging? - Contractverlenging doorvoeren - Wat is de huidige waarde van het veld 'Soort medewerker' voor de medewerker? - Stagiair - met salaris/stagevergoeding - Kun je bevestigen of het veld 'Soort medewerker' ooit is gewijzigd tijdens het dienstverband? - Nee, dit is niet gewijzigd."
HRM,[Medewerker] Zoeken naar AOW-leeftijd van medewerker in Profit en automatische berekening controleren.,"Probleembeschrijving: We zijn op zoek naar de AOW leeftijd van een medewerker, met name degene waarvan de ingangsdatum van de AOW al bekend is. Staat dit ergens vastgelegd in Profit? Aanvullende details: - Kun je aangeven bij welke medewerker(s) je dit wilt opzoeken? - Bijv. A. Teel - Is er een specifieke plek in Profit waar je verwacht dat deze informatie staat, of heb je al een bepaalde module geprobeerd? - bij contract of instantie heb ik gekeken - Heb je al gecontroleerd of de AOW-leeftijd automatisch wordt berekend op basis van geboortedatum in Profit? - nee, waar kan ik zien of deze automatische berekening aan staat?"
HRM,[Workflow] Onboarden met contractvoorstel - ACSI NIEUW is niet zichtbaar.,"Probleembeschrijving: In het proces inrichten onboarding zijn we een workflow kwijt. De workflow heet -170 Onboarden met contractvoorstel - ACSI NIEUW Die kunnen we niet meer zien en nergens terugvinden. Aanvullende details: - Kun je bevestigen of de workflow eerder wel zichtbaar was en correct functioneerde? - Ja, we hebben tot en met 17 april met de workflow getest en deze ook aangepast - Zijn er recente wijzigingen aangebracht in de omgeving die mogelijk invloed hebben gehad op deze workflow? - We denken van niet - Kun je aangeven waar je precies hebt gezocht naar de workflow, bijvoorbeeld in specifieke mappen of instellingen? - Overal"
ERP,[Vervoerder] Overzetten aanlevering van EXW naar FCA en opties in 'vervoerder' ontbreken.,"Probleembeschrijving: hallo, een export klant van ons wil de aanlevering overzetten van EXW naar FCA. welke regel moeten wij dan kiezen in 'vervoerder' ? zie het zo niet staan tussen de mogelijkheden. hoop dat jullie tips hebben! Aanvullende details: - Kun je precies aangeven welke opties je ziet in het veld 'vervoerder' en welke je verwacht te zien? - veel opties, maar niet direct FCA - Kun je toelichten wat je bedoelt met 'EXW naar FCA' en hoe dit zich vertaalt naar de instellingen in AFAS? - voor export gebruiken we eigenlijk altijd Ex Works (incoterms), maar iets wat verwijst naar FCA zie ik er niet tussen staat bij ons. - Kun je bevestigen of je de bijlage hebt toegevoegd, zodat we deze kunnen bekijken? - heb een screenshot bijgevoegd met een overzicht."
HRM,[Weergave][Formatieverdeling] Formatieverdelingsregels en percentages tonen in medewerkersweergave lukt niet.,"Probleembeschrijving: Een aantal medewerkers heeft een formatieverdeling. Dit hebben we vastgelegd op het tabblad functie en we werken met % per formatieverdelingsregel. Nu wil ik in de weergave van de medewerkers deze formatieverdelingsregels incl. bijbehorende % toevoegen, maar dat lukt mij niet. Ik krijg alleen de 'hoofd formatieregel' in beeld, zonder percentage. Aanvullende details: - Kun je precies aangeven welke stappen je hebt gevolgd om de formatieverdelingsregels toe te voegen aan de weergave van medewerkers? - Beheer weergaven -> betreffende weergave openen -> bij beschikbare velden: formatieverdeling -> zoeken. Ook gezocht op formatieplaats en %, maar geen van de gevonden items die ik in de gegevensverzameling heb geplaatst geven het juiste resultaat. - Sinds wanneer kun je deze details niet correct in beeld krijgen? - nvt - Wat is de gewenste situatie: hoe zou het eruit moeten zien in termen van weergegeven formatieverdelingsregels en percentages? - Bijv. Mw Van Galen heeft een formatieverdeling, alleen de hoofdregel wordt getoond. Terwijl er een formatieverdeling van 2 regels met een verhouding van 90/10 is vastgelegd."
HRM,[Verzuim] Logging tijdstip ziekmelding en tijdzoneverschil; welke gegevens worden gebruikt?,"Probleembeschrijving: Instellingen logging van tijdstip ziekmelding. Wij hebben een casus met iemand die zich dan op een bepaald moment ziekmeldt. In dit geval komt de melding bij ons binnen om 14:06uur maar in de melding staat 09:06uur dus ik denk hij heeft die aangepast aangezien dat kan bij de startdatum. En de WF bevestiging naar hem en zijn manager gaan ook om 14:06uur lopen. Heb gezocht naar logging via algemeen maar kom het daar niet tegen. Nu staat wel logging in de ziekmelding zelf en die heeft ook 09:06uur .. en dat veld lijkt mij toch gevuld te worden door het systeem en niet te wijzigen of aan te passen door de werknemer op het moment van indienen. Nu kreeg ik door dat hij in een andere tijdzone zich bevindt. In dit geval 5 uur achter onze tijd aanlopende en dat is weer precies het verschil tussen deze twee tijdstippen. Kunnen jullie mij vertellen op basis van welk gegeven wordt die logging vastgelegd? Is dat het tijdstip van het device waarmee de melding wordt gedaan of is het de tijdstip van de server in het data center hier in Nederland? Dus ben wel heel benieuwd hoe dit werkt en hoe ik een goede juiste log kan hanteren voor een mogelijk dispuut. Heb wat shots toegevoegd. Groet Sandor Aanvullende details: - Kun je bevestigen welke velden en tijdstippen precies betrokken zijn bij de melding? - logging in ziekmelding en tijdstippen reeds aangegeven - Zijn de screenshots voldoende om de situatie te begrijpen, of is aanvullende context nodig over de gebruikte velden? - denk het wel - Kun je aangeven welke tijdsinstellingen zijn toegepast op het apparaat van de werknemer en op jouw server? - nee"
HRM,"Veld 'Mobiel werk' is niet zichtbaar in weergave 'Medewerkers (alle) uitgebreid', ondanks actieve zichtbaarheid.","Probleembeschrijving: In HRM heb ik de weergave ""Medewerkers (alle) uitgebreid"" aangepast door een veld toe te voegen in de gegevensverzameling. Dit veld wordt echter niet zichtbaar in de weergave. Het betreft veld: Mobiel werk. Het vinkje ""Zichtbaar"" staat aan. In de bijgaande schermopnames van het betreffende veld in de gegevensverzameling en de weergave zelf. Kunnen jullie aangeven wat hier fout gaat? Aanvullende details: - Kun je aangeven of de wijziging in de gegevensverzameling al is opgeslagen en gepubliceerd? - De wijziging is opgeslagen en voltooid - Heb je gecontroleerd of er filters actief zijn die het veld mogelijk verbergen in deze weergave, zoals criteria binnen 'Medewerkers (alle) uitgebreid)?' - geen filter actief - Kunt u bevestigen dat het toegepaste profiel toegang heeft tot dit nieuwe veld? En indien van toepassing, spelen andere gebruikers hetzelfde probleem. - Dit is een weergave die voor iedereen aanstaat en toegankelijk is"
ERP,[Facturen | Autorisatie] Facturen kunnen niet worden aangepast; tekstregel blijft grijs. Kan geen nieuwe regel toevoegen aan facturen,Probleembeschrijving: medewerker Rian kan bij project/facturering/ facturen als je dan factuur bijv.P22025023 opend en dan een tekstregel toe wil voegen dan kan dit niet. alles blijft grijs. maar enkele weken geleden ging dit wel gewoon. Aanvullende details: - Kun je controleren of Rian de juiste rechten heeft om facturen aan te passen? - ja - Speelt dit probleem alleen bij de genoemde factuur of ook bij andere facturen? - andere ook - Zijn er wijzigingen aangebracht in de rechten of instellingen van factuurbeheer de laatste weken? - nee niet dat ik weet
ERP,[Rapport I overlap] Factuurdetails lopen door voettekst heen bij lange specificaties.,"Probleembeschrijving: Goede middag, Ik heb een factuur rapport. Dit ging tot voor kort goed, maar nu heb ik een klant die een lange specificatie heeft en ik tot onder aan de pagina factuur details krijg. Dit is ongewenst; de factuurdetails lopen door de voettekst heen. Aanvullende details: - Welke wijzigingen zijn er mogelijk aangebracht aan het rapport of het formaat sinds het moment dat het nog goed werkte? - nvt, nieuwe situatie door meer details, factuurregels die in rekening moeten worden gebracht. - Op welke specifieke rapporten of facturen speelt dit probleem? - LooPlan - Projectfactuur 2025 incl details voor factuur 2025-0136 - Is dit probleem reproduceerbaar bij andere facturen met lange specificaties? - ja zeker!"
HRM,[Onboarden] Velden Verantwoordelijke en Organisatorische eenheid,
ERP,"BTW tariefgroep geblokkeerd bij aanmaken nieuwe bestelling via OCI, controleer wijzigingen.","Probleembeschrijving: We krijgen een melding vanuit een OCI koppeling (Lyreco) dat de BTW tariefgroep geblokkeerd is. Echter alle artikelen in AFAS hangen aan de tariefgroep die niet geblokkeerd is. Heeft dit iets te maken met nieuwe artikelen die hij aan wil maken? Recent zijn er wel wijzigingen gedaan in de BTW structuur (nieuwe codes, nieuwe tariefgroepen) en hierbij zijn ook alle aanwezige artikelen omgehangen naar deze nieuwe tariefgroepen. Hebben we hierbij iets over het hoofd gezien? Het aanmaken van een nieuwe bestelling via OCI levert dus deze foutmelding op en de bestelling kan niet afgemaakt worden. Graag jullie reactie. Bvd. Gr. Patrick Aanvullende details: - Kun je precies aangeven welke stappen je doorloopt bij het aanmaken van een nieuwe bestelling via OCI? - aanmaken nieuwe bestelling via webshop Lyreco - Zijn er specifieke artikelen of tariefgroepen betrokken bij de foutmelding die we kunnen controleren? - nee dat is mij niet bekend. - Speelt dit probleem bij alle gebruikers of slechts bij enkele? - bij 1, maar proces word ook maar door 1 gebruiker gebruikt."
HRM,"[Onboarden] Knop ""aanpassen"" blijft zichtbaar bij ondertekenen arbeidsovereenkomst, ondanks autorisatie-instellingen.","Probleembeschrijving: We hebben als sollicitant ingelogd op OutSite en kwamen aan het eind bij de taak voor het ondertekenen van de arbeidsovereenkomst (contract). Nu zagen we dat er niet alleen een knop was voor digitaal ondertekenen, maar ook ""aanpassen"". De sollicitant mag uiteraard niet de bijlage of dergelijke aanpassen nadat er een overeenkomst/contract ter ondertekening klaarstaat. Echter wanneer je op ""aanpassen"" klik is de sollicitant niet geautoriseerd voor die pagina. Dat is natuurlijk goed, alleen willen we de knop ""aanpassen"" van de pagina afhalen. Helaas is dit vooralsnog niet gelukt. Printscreens: Het geel gemarkeerde moet van de pagina af. In de workflow staat het vinkje voor aanpassen uit, en in de autorisatie (functionaliteiten, pagina etc) is er ook gecontroleerd of het hier ergens staat. Aanvullende details: - Kun je precies aangeven welke workflow en pagina dit betreft? - Onboarden - Heb je gecontroleerd of er specifieke instellingen in de OutSite configuratie zijn die deze knop tonen? - Ja - Kun je bevestigen of dit probleem zich bij meerdere sollicitanten voordoet? - Zijn nog aan het testen"
ERP,[partijnummers | partijartikel  | samenstelling | maakartikel] Foutmelding bij omzetten productieorder naar productiebon: serie- en/of partijinformatie ontbreekt.,"Probleembeschrijving: Goedemorgen, In onze testomgeving test ik het productieproces. Ik probeer productieorder 00002 van 24-4-2025 om te zetten naar een productiebon maar dan geeft hij een foutmelding. Zie onderstaande melding. Ik begrijp niet wat ik moet doen om dit op te lossen. Ik ben het proces begonnen met verkooporder 60000009. Graag uw hulp hierbij zodat ik verder kan met testen van het hele proces. Alvast bedankt. Tamara Aanvullende details: - Kun je precies aangeven welke foutmelding je krijgt? - In samenstelling 'N1-112-AA-T-AS' moet nog serie- en/of partij- en/of orderregelspecificatie-informatie opgegeven worden. Het gaat om samenstellingsregels met de onderstaande itemcodes. Geef bij deze itemcodes de serie-, partij- en/of orderregelspecificatie-informatie op: N1-OR-001-110-E, N1-OR-001-100-EPC, N1-OR-001-090-N, ... (Alleen de eerste drie incomplete itemcodes worden getoond). ================================================================ Description.....: [MESSAGE]: In samenstelling 'N1-112-AA-T-AS' moet nog serie- en/of partij- en/of orderregelspecificatie-informatie opgegeven worden. Het gaat om samenstellingsregels met de onderstaande itemcodes. Geef bij deze itemcodes de serie-, partij- en/of orderregelspecificatie-informatie op: N1-OR-001-110-E, N1-OR-001-100-EPC, N1-OR-001-090-N, ... (Alleen de eerste drie incomplete itemcodes worden getoond). Type............: Afas.Profit.MessageException HResult.........: -2146233088 (0x80131500) Source..........: Microsoft.VisualBasic.Core TargetSite......: System.Object InvokeMethod(Method, System.Object[], Boolean[], System.Reflection.BindingFlags) DeclaringType...: Microsoft.VisualBasic.CompilerServices.Symbols+Container, Microsoft.VisualBasic.Core ProductVersion..: 8.0.15+50c4cb9fc31c47f03eac865d7bc518af173b74b7 ---------------- Validation......: Rows validation failed Row:0 ---------------- Action Id.......: E0 Action Form.....: Afas.Profit.Forms.EntryForm ================================================================ at object Microsoft.VisualBasic.CompilerServices.Symbols+Container.InvokeMethod(Method targetProcedure, object[] arguments, bool[] copyBack, BindingFlags flags) at object Microsoft.VisualBasic.CompilerServices.NewLateBinding.CallMethod(Container baseReference, string methodName, object[] arguments, string[] argumentNames, Type[] typeArguments, bool[] copyBack, BindingFlags invocationFlags, bool reportErrors, ref ResolutionFailure failure) at object Microsoft.VisualBasic.CompilerServices.NewLateBinding.LateCall(object Instance, Type Type, string MemberName, object[] Arguments, string[] ArgumentNames, Type[] TypeArguments, bool[] CopyBack, bool IgnoreReturn) at void AfasFbPurchOrder.CFbOrderAct.OnExecute(Action parAction, IDataExchange parDataExchange, ref bool parExecuteExternal) in C:/Dev/profit-release/08/src/Financial Basic/Classes/CFbOrderAct.vb:line 92 at void AfasFbPurchOrder.CFbOrderAct.OnExecute(Action parAction, IDataExchange parDataExchange, ref bool parExecuteExternal) in C:/Dev/profit-release/08/src/Financial Basic/Classes/CFbOrderAct.vb:line 481 at void AntaActions.Action.Execute() in C:/Dev/profit-release/08/src/Anta/Projects/Object Projects/Anta Actions Object/Class Modules/Action.vb:line 232 at void AntaActions.Action.Execute() in C:/Dev/profit-release/08/src/Anta/Projects/Object Projects/Anta Actions Object/Class Modules/Action.vb:line 291 at void AfasFbPurchOrder.CFbOrderAct.OnExecute(Action parAction, IDataExchange parDataExchange, ref bool parExecuteExternal) in C:/Dev/profit-release/08/src/Financial Basic/Classes/CFbOrderAct.vb:line 75 at void AfasFbPurchOrder.CFbOrderAct.OnExecute(Action parAction, IDataExchange parDataExchange, ref bool parExecuteExternal) in C:/Dev/profit-release/08/src/Financial Basic/Classes/CFbOrderAct.vb:line 481 at void AntaActions.Action.Execute() in C:/Dev/profit-release/08/src/Anta/Projects/Object Projects/Anta Actions Object/Class Modules/Action.vb:line 232 at void AntaActions.Action.Execute() in C:/Dev/profit-release/08/src/Anta/Projects/Object Projects/Anta Actions Object/Class Modules/Action.vb:line 291 at EntryAction Afas.Profit.Forms.EntryActionBuilder.Create(Action action)+(EntryAction _) => { } in C:/Dev/profit-release/08/src/Anta/Projects/Cool Projects/Afas.Profit.Forms/Entry/Actions/EntryActionBuilder.cs:line 74 at void System.Collections.Generic.List<T>.ForEach(Action<T> action) at void Afas.Profit.Forms.ActionBase.InternalExecute() in C:/Dev/profit-release/08/src/Anta/Projects/Cool Projects/Afas.Profit.Forms/FormDefinitions/ActionBase.cs:line 383 at void Afas.Profit.Forms.ActionBase.ForceExecute() in C:/Dev/profit-release/08/src/Anta/Projects/Cool Projects/Afas.Profit.Forms/FormDefinitions/ActionBase.cs:line 343 ================================================================ Landmark........: CFbOrderAct.IActionHandler_OnExecute [784B3399] ---------------- Landmark........: CFbOrderAct.IActionHandler_OnExecute [784B339A] ---------------- Landmark........: AntaActions.Action.Execute [222B07B7] ActionId........: E0 ---------------- Landmark........: CFbOrderAct.IActionHandler_OnExecute [784B3399] ---------------- Landmark........: CFbOrderAct.IActionHandler_OnExecute [784B339A] ---------------- Landmark........: AntaActions.Action.Execute [222B07B7] ActionId........: E0 ================================================================ Version.........: 2.9.1400.8 EnvironmentId...: T34017AA UserId..........: 34017.admin AppMode.........: 0 Time............: 29-04-2025 09:05:44.615 +02:00 Session.........: AFAS\34017.Admin on AFAS\XENAPPT13001$ UnitId..........: 1 MemberId........: 34017 MemberNumber....: 34017 - Kun je een schermafbeelding of meer details van de foutmelding toevoegen? - In samenstelling 'N1-112-AA-T-AS' moet nog serie- en/of partij- en/of orderregelspecificatie-informatie opgegeven worden. Het gaat om samenstellingsregels met de onderstaande itemcodes. Geef bij deze itemcodes de serie-, partij- en/of orderregelspecificatie-informatie op: N1-OR-001-110-E, N1-OR-001-100-EPC, N1-OR-001-090-N, ... (Alleen de eerste drie incomplete itemcodes worden getoond). ================================================================ Description.....: [MESSAGE]: In samenstelling 'N1-112-AA-T-AS' moet nog serie- en/of partij- en/of orderregelspecificatie-informatie opgegeven worden. Het gaat om samenstellingsregels met de onderstaande itemcodes. Geef bij deze itemcodes de serie-, partij- en/of orderregelspecificatie-informatie op: N1-OR-001-110-E, N1-OR-001-100-EPC, N1-OR-001-090-N, ... (Alleen de eerste drie incomplete itemcodes worden getoond). Type............: Afas.Profit.MessageException HResult.........: -2146233088 (0x80131500) Source..........: Microsoft.VisualBasic.Core TargetSite......: System.Object InvokeMethod(Method, System.Object[], Boolean[], System.Reflection.BindingFlags) DeclaringType...: Microsoft.VisualBasic.CompilerServices.Symbols+Container, Microsoft.VisualBasic.Core ProductVersion..: 8.0.15+50c4cb9fc31c47f03eac865d7bc518af173b74b7 ---------------- Validation......: Rows validation failed Row:0 ---------------- Action Id.......: E0 Action Form.....: Afas.Profit.Forms.EntryForm ================================================================ at object Microsoft.VisualBasic.CompilerServices.Symbols+Container.InvokeMethod(Method targetProcedure, object[] arguments, bool[] copyBack, BindingFlags flags) at object Microsoft.VisualBasic.CompilerServices.NewLateBinding.CallMethod(Container baseReference, string methodName, object[] arguments, string[] argumentNames, Type[] typeArguments, bool[] copyBack, BindingFlags invocationFlags, bool reportErrors, ref ResolutionFailure failure) at object Microsoft.VisualBasic.CompilerServices.NewLateBinding.LateCall(object Instance, Type Type, string MemberName, object[] Arguments, string[] ArgumentNames, Type[] TypeArguments, bool[] CopyBack, bool IgnoreReturn) at void AfasFbPurchOrder.CFbOrderAct.OnExecute(Action parAction, IDataExchange parDataExchange, ref bool parExecuteExternal) in C:/Dev/profit-release/08/src/Financial Basic/Classes/CFbOrderAct.vb:line 92 at void AfasFbPurchOrder.CFbOrderAct.OnExecute(Action parAction, IDataExchange parDataExchange, ref bool parExecuteExternal) in C:/Dev/profit-release/08/src/Financial Basic/Classes/CFbOrderAct.vb:line 481 at void AntaActions.Action.Execute() in C:/Dev/profit-release/08/src/Anta/Projects/Object Projects/Anta Actions Object/Class Modules/Action.vb:line 232 at void AntaActions.Action.Execute() in C:/Dev/profit-release/08/src/Anta/Projects/Object Projects/Anta Actions Object/Class Modules/Action.vb:line 291 at void AfasFbPurchOrder.CFbOrderAct.OnExecute(Action parAction, IDataExchange parDataExchange, ref bool parExecuteExternal) in C:/Dev/profit-release/08/src/Financial Basic/Classes/CFbOrderAct.vb:line 75 at void AfasFbPurchOrder.CFbOrderAct.OnExecute(Action parAction, IDataExchange parDataExchange, ref bool parExecuteExternal) in C:/Dev/profit-release/08/src/Financial Basic/Classes/CFbOrderAct.vb:line 481 at void AntaActions.Action.Execute() in C:/Dev/profit-release/08/src/Anta/Projects/Object Projects/Anta Actions Object/Class Modules/Action.vb:line 232 at void AntaActions.Action.Execute() in C:/Dev/profit-release/08/src/Anta/Projects/Object Projects/Anta Actions Object/Class Modules/Action.vb:line 291 at EntryAction Afas.Profit.Forms.EntryActionBuilder.Create(Action action)+(EntryAction _) => { } in C:/Dev/profit-release/08/src/Anta/Projects/Cool Projects/Afas.Profit.Forms/Entry/Actions/EntryActionBuilder.cs:line 74 at void System.Collections.Generic.List<T>.ForEach(Action<T> action) at void Afas.Profit.Forms.ActionBase.InternalExecute() in C:/Dev/profit-release/08/src/Anta/Projects/Cool Projects/Afas.Profit.Forms/FormDefinitions/ActionBase.cs:line 383 at void Afas.Profit.Forms.ActionBase.ForceExecute() in C:/Dev/profit-release/08/src/Anta/Projects/Cool Projects/Afas.Profit.Forms/FormDefinitions/ActionBase.cs:line 343 ================================================================ Landmark........: CFbOrderAct.IActionHandler_OnExecute [784B3399] ---------------- Landmark........: CFbOrderAct.IActionHandler_OnExecute [784B339A] ---------------- Landmark........: AntaActions.Action.Execute [222B07B7] ActionId........: E0 ---------------- Landmark........: CFbOrderAct.IActionHandler_OnExecute [784B3399] ---------------- Landmark........: CFbOrderAct.IActionHandler_OnExecute [784B339A] ---------------- Landmark........: AntaActions.Action.Execute [222B07B7] ActionId........: E0 ================================================================ Version.........: 2.9.1400.8 EnvironmentId...: T34017AA UserId..........: 34017.admin AppMode.........: 0 Time............: 29-04-2025 09:05:44.615 +02:00 Session.........: AFAS\34017.Admin on AFAS\XENAPPT13001$ UnitId..........: 1 MemberId........: 34017 MemberNumber....: 34017 - Welke stappen doorloop je om de productieorder om te zetten naar een productiebon? - Ordermanagement - alle productieorders - selecteer order 00002 en klik op aanmaken productiebon - bij 2e keer opslaan geeft hij de foutmelding."
ERP,[Intern | Verkeerde Abbo] Foutmelding bij wijzigen journaalpost na conversie naar Profit ERP: exacte melding onbekend.,"Probleembeschrijving: Ik werk als administrateur bij van Ten Berge notarissen. Deze administratie is vorige week geconverteerd van Small Business (BS) naar een speciale Profit ERP vorm. Als ik nu mutaties wil wijzigen via de optieknop ""Wijzig journaalpost"" verschijnt er een ""Foutmelding"", zie hiervoor de snapshot. Hoe kan dit snel en simpel oplossen. Ik heb als een en ander gevonden in de AFAs Help, maar dit gaat me allemaal te lang duren op dit op te lossen. Dus graag jullie hulp. Groet Jos Aanvullende details: - Kun je precies aangeven wat de foutmelding in de bijlage zegt? - Zie bijlage. - Welke stappen doorloop je voordat deze foutmelding verschijnt? - Wijzig journaalpost. - Heeft deze functionaliteit ooit gewerkt na de conversie naar Profit ERP? - Nee"
HRM,[Onboarden] Aanpassen standaardwaarde veld Actie lopend dienstverband naar leeg lukt niet.,"Probleembeschrijving: Onboarden: veld Actie lopend dienstverband Wanneer je bij aanmaken onboarden een overeenkomstig persoon krijgt en kiest, krijg je een stukje Aanmaken en afsluiten dienstverband erbij voor wat te doen met het huidige. Bij dit stukje staat het veld Actie lopend dienstverband default gevuld met 'Medewerker uit-dienst melden (U)'. Dat willen wij helemaal niet. We willen het veld leeg en verplicht hebben, zodat de leidinggevende de juiste keuze maakt (en er dus niet standard al uit-dienst melden staat, dat gaat fouten opleveren). Een consultant die bij ons langs is geweest gaf aan dat het momenteel niet mogelijk is om dit via een context anders in te stellen, AFAS standaard. Wellicht is Medewerker uit-dienst melden het vaakste voorkomend en is er daarom voor gekozen om die standaard in te vullen? In de context heb ik de default waarde op leeg gelaten (want dat is wat we willen), helpt niet. Ik zie in de context bij kolom Std.waarde ingest. een vinkje staan. Kan die standaard waarde eruit zodat je zelf kunt bepalen wat je wilt? Ik heb ook in de Management tool gekeken, Profielen In- & Outsite, Mutatie onboarden en daar ook de default waarde naar leeg gedaan. Maar dat helpt ook niet. En daar zie je ook geen Std.waarde waar je iets mee kunt. Zie print screen om te zien welk veld het betreft. Aanvullende details: - Kun je bevestigen of je de standaardwaarde in de context hebt aangepast en opgeslagen? - Ik heb de default waarde aangepast naar leeg en opgeslagen. Geen effect. - Heb je geprobeerd de standaardwaarde via een andere module of instelling te wijzigen? - Ja via management tool, zie mijn toelichting in de melding. Werkt ook niet. - Kun je aangeven of dit probleem speelt bij meerdere gebruikers of alleen bij specifieke profielen? - Ja speelt bij het gehele onboarden met overeenkomstig persoon."
ERP,"[BTW/ICP] BTW-aangifte openen in administratie 'Inspirateurs' lukt niet, geen foutmelding.","Probleembeschrijving: Het openen van BTW aangifte in één specifieke administratie (Inspirateurs) wil niet lukken, zie screenrecording. Bij onze administratie Concepteurs en Motivateurs lukt het wel. Aanvullende details: - Kun je precies aangeven welke foutmelding of gedrag je ziet bij het openen van de BTW-aangifte in de administratie 'Inspirateurs'? - Geen foutmelding maar het openen gebeurt gewoonweg niet. - Zijn er specifieke stappen die je volgt om de BTW-aangifte te openen? - AFAS openen > financieel > BTW/Icp > BTW aangifte - Is er recent iets gewijzigd in de administratie 'Inspirateurs' dat mogelijk invloed heeft op de BTW-aangifte? - Nee, niets gewijzigd."
HRM,Mogelijkheden voor het ruilen van feestdagen in AFAS Profit.,"Probleembeschrijving: Wij hebben meerdere collega's die het suikerfeest vieren. Hierdoor willen we graag de mogelijkheid bieden om feestdagen uit te ruilen. Op dit moment zie ik daar geen mogelijkheid voor. Je hebt een vaste sluitingsdagentabel. Wat is de mogelijkheid om hiervan af te wijken? Aanvullende details: - Kun je precies aangeven welke feestdagen jullie willen uitruilen en hoe dit in de praktijk moet werken? - Suikerfeest voor een christelijke feestdagen bijvoorbeeld. Ik denk aan flexibele sluitingsdagen. Of het verlof tijdens de feestdag intrekken en hier nieuw verlof voor te krijgen. - Welke sluitingsdagentabel gebruik je momenteel, en kun je toelichten wat hierin vastligt? - De standaard Nederlandse feestdagen. Alle feestdagen die in Nederland worden gebruikt. - Wat is de gewenste situatie voor het ruilen van deze dagen binnen AFAS Profit? - Zoals ik hierboven zeg. Ik denk aan flexibele sluitingsdagen. Of het verlof tijdens de feestdag intrekken en hier nieuw verlof voor te krijgen. Wat zijn de mogelijkheden die AFAS hierin kan bieden?"
ERP,"[Blokkade] AFAS blijft hangen bij debiteuren factuurboeking: ""Deze factuur is volledig geblokkeerd"".","Probleembeschrijving: Bij het boeken van de bank blijft AFAS hangen op een debiteuren factuurboeking. AFAS geeft als melding ""Deze factuur is volledig geblokkeerd"" . Kunt u nagaan hoe dit opgelost moet worden? Aanvullende details: - Kun je aangeven welke stappen je precies doorloopt bij het boeken van de bank? - Inlezen betaalbestand in AFAS middels de bankkoppeling - Sinds wanneer speelt dit probleem en werkte het daarvoor nog wel? - Sinds vandaag - Is er iets gewijzigd in de instellingen of infrastructuur sinds dit probleem zich voordoet, zoals een blokkering op deze crediteur? - niet bekend"
ERP,[WFI 30-04] Kwartaalsuppletie voor vierde kwartaal 2024 genereert niet automatisch.,"Probleembeschrijving: Ik wil een kwartaalsuppletie genereren voor het vierde kwartaal 2024. Normaal gebeurd dit automatisch voor de andere kwartalen, maar niet voor het vierde kwartaal 2024. Hoe kan ik de suppletie alsnog genereren? Aanvullende details: - Waar loop je precies tegenaan bij het genereren van de kwartaalsuppletie? - Hij genereert niet - Sinds wanneer speelt dit probleem? - Altijd al - Heb je gecontroleerd of er instellingen zijn gewijzigd die invloed hebben op de automatische generatie? - Ik heb de instellingen nooit gewijzigd ten opzichte van het template. Ik weet ook niet waar ik deze specifieke instelling zou moeten zitten."
HRM,Aanpassing BHV-vergoeding per 1 juli in CAO VVT,https://www.fbz.nl/wp-content/uploads/2025/03/Onderhandelingsresultaat-cao-VVT-2025-2026_definitief.pdf
ERP,Geen bankdata ontvangen van Rabobank rekeningen sinds 3 april 2025.,Probleembeschrijving: In de 66491AF omgeving administratie 229 (Sportvereniging Hillegersberg) zijn vanaf 3 april 2025 geen bankdata van twee Rabobank rekeningen meer binnengekomen. Zover bekend is de bankkoppeling niet stopgezet in de Rabo portal. Wilt u s.v.p. nagaan waarom de bestanden niet doorkomen. Aanvullende details: - Kun je de bankrekeningnummers van de twee Rabobank-rekeningen doorgeven? - NL76 RABO 0142 8353 58 NL80 RABO 0362 1659 63 - Kun je een printscreen van de bankintegratiechecklist toevoegen? - ja - Is er iets veranderd in de omgeving of infrastructuur sinds 3 april 2025? - niet bekend
ERP,Definities van de rollen 'contracteigenaar' en 'contractverantwoordelijke' in AFAS.,"Probleembeschrijving: Goedemorgen, Kunnen jullie mij misschien helpen aan de definities van de rollen: 'contracteigenaar' en 'contractverantwoordelijke' welke worden gebruikt in de contractenmodule in AFAS? Wij zijn hiernaar op zoek i.v.m. een lopend intern project en wanneer jullie gebruik maken van een bepaalde definitie/omschrijving dan zouden wij deze graag op dezelfde manier willen noteren. Op de help pagina en via AI chat kom ik helaas niet aan een antwoord. Alvast bedankt. Met vriendelijke groet, Hilda Beukema Geen aanvullende vragen gesteld."
ERP,Inrichten van InSite-pagina en inkoopportaal met specifieke tegels en functionaliteiten.,"Probleembeschrijving: Beste Dennis, Zou je de volgende vraag op de agenda willen plaatsen voor het volgende overleg?  inrichten van onze insite pagina, inkoopportaal, tegels voor inkoop. gr. Ingrid Aanvullende details: - Kun je meer uitleg geven over wat er precies moet worden ingericht op de InSite-pagina? - structuur van de tegels - Welke specifieke functionaliteiten of tegels wil je toevoegen aan het inkoopportaal? - de tegels moeten van hetzelfde formaat worden - Zijn er al bestaande voorbeelden of wensen die we kunnen gebruiken als uitgangspunt voor deze inrichting? - tegel bakker / slager"
ERP,Inrichten van InSite-pagina en inkoopportaal met specifieke tegels en functionaliteiten.,"Probleembeschrijving: Beste Dennis, Zou je de volgende vraag op de agenda willen plaatsen voor het volgende overleg?  inrichten van onze insite pagina, inkoopportaal, tegels voor inkoop. gr. Ingrid Aanvullende details: - Kun je meer uitleg geven over wat er precies moet worden ingericht op de InSite-pagina? - structuur van de tegels - Welke specifieke functionaliteiten of tegels wil je toevoegen aan het inkoopportaal? - de tegels moeten van hetzelfde formaat worden - Zijn er al bestaande voorbeelden of wensen die we kunnen gebruiken als uitgangspunt voor deze inrichting? - tegel bakker / slager"
ERP,"[Rapport | inrichting] Aanpassingen in verkooprapport ""Produlab - Verkoopfactuur"" voor pakbon en transportregel.","Probleembeschrijving: Sinds 1 januari 2024 gebruiken wij AFAS. Jullie consultant heeft destijds het rapport voor onze verkoopfactuur opgesteld. Daar moet nu iets in aangepast worden, maar ik krijg het zelf niet voor elkaar. Ons verkooprapport bestaat uit twee onderdelen. Eerst komt de verkoopfactuur, daarna komt de pakbon. Dit is niet de pakbon zoals jullie die in AFAS kennen, want wij hebben onze voorraad niet in AFAS zitten. Het is gewoon een extra pagina achter de verkoopfactuur, waar PAKBON boven staan en die alle verkoopregels nogmaals bevat, maar dan enkel met de productomschrijving en het aantal producten. In die pakbon moeten nu 2 dingen aangepast worden. 1. Als een pakbon uit twee pagina's bestaat, dan komt er onderaan de eerste pagina een transportregel te staan. Dat is in principe prima, alleen de totaaltelling klopt niet. Het totale factuurbedrag wordt daar vermeld, in plaats van het totaal aantal producten wat op de pagina staat (zie pagina 5 van de bijlage). Wat mij betreft mag die hele transportregel eruit, maar bij alles wat ik probeer wordt ook de transportregel op de factuur verwijderd. Die wil ik juist wel laten staan. 2. Op de laatste pagina van de pakbon staat het totaal, dat aantal klopt dan weer wel. Alleen het woord ""totaal"" staat er altijd in het Nederlands, terwijl dat zo'n veld zou moeten zijn wat zich aanpast aan de taal van de factuur (zie pagina 6 van de bijlage). Ik gok dat jullie toegang nodig hebben tot onze administratie om dit aan te passen, dat kan ik voor jullie regelen. Het rapport wat aangepast moet worden heet ""Produlab - Verkoopfactuur"". Je kunt alles het beste benaderen vanuit Produlab Pharma B.V., want dat is de enige bv waar vanuit we factureren. Aanvullende details: - Kun je bevestigen of we toegang hebben tot jullie administratie om de aanpassingen te maken? - Nog niet, kan ik wel regelen. - Kun je aangeven of er specifieke taalinstellingen zijn die we moeten controleren voor het woord 'totaal'? - Nee, hoeft niet. De taalinstellingen worden per debiteur geregeld. In de factuur (op de eerste pagina's) wordt het woord totaal wel aangepast aan de taal, dus in de pakbon moet hetzelfde veld komen, ik kan het alleen niet selecteren. - Zijn er nog andere rapporten of instellingen die mogelijk beïnvloed worden door deze wijzigingen? - Nee, dit rapport staat op zichzelf."
ERP,BTW aangifte ID zichtbaar maken in financiële mutaties kolom.,Probleembeschrijving: BTW aangifte ID in gegevens verzameling financiele mutaties Is de BTW aangifte ID zichtbaar te maken in de financiele mutaties ? Glenn Aanvullende details: - Kun je precies aangeven waar je de BTW-aangifte-ID zichtbaar wilt maken in de financiële mutaties? - In een kolom - Sinds wanneer merk je dat de BTW-aangifte-ID niet zichtbaar is? - Nog nooit gezien - Heb je al geprobeerd de instellingen in de rapportage of de weergave aan te passen? - Tuurlijk wat dacht jezelf
ERP,BTW aangifte ID zichtbaar maken in financiële mutaties kolom.,Probleembeschrijving: BTW aangifte ID in gegevens verzameling financiele mutaties Is de BTW aangifte ID zichtbaar te maken in de financiele mutaties ? Glenn Aanvullende details: - Kun je precies aangeven waar je de BTW-aangifte-ID zichtbaar wilt maken in de financiële mutaties? - In een kolom - Sinds wanneer merk je dat de BTW-aangifte-ID niet zichtbaar is? - Nog nooit gezien - Heb je al geprobeerd de instellingen in de rapportage of de weergave aan te passen? - Tuurlijk wat dacht jezelf
ERP,[Rapport | Inrichting] Rapporten vanuit Verkooprelatieprofiel tonen alle talen in plaats van enkel ENG. Op orders en offertes afwijken van standaard rapport en gebaseerd op taal de mogelijke rapporten tonen.,"Probleembeschrijving: Rapporten vanuit Verkooprelatieprofiel filteren op taal En bij voorkeur product. Zie bijlage 1 : verkooprelatieprofiel rapporten laat alle rapporten zien ook de NL terwijl ik nu in het profiel ENG zit Zie bijlage 2 : aanmaken van een order geeft ook de keuze voor alle talen en smaakjes maar we willen daar enkel die rapporten zien die voor dat product en taal Verkooprelatie gelden Aanvullende details: - Kun je precies aangeven welke stappen je doorloopt om dit probleem te reproduceren? - aanmaken order/offerte - Welke filters of instellingen gebruik je momenteel in het verkooprelatieprofiel? - geen, wist niet dat ze bestonden - Is dit gedrag recent veranderd, of heeft het altijd zo gewerkt? - altijd"
ERP,[Rapport I inrichting] Factuurtekst aan debiteur wordt niet afgedrukt op PDF factuur.,"Probleembeschrijving: Als er een factuur tekst aan de debiteur is gekoppeld wordt deze niet afgedrukt op de pdf factuur. Aanvullende details: - Kun je aangeven of de factuurtekst eerder wel correct werd afgedrukt? - Nooit van toepassing geweest - Welke stappen doorloop je precies om te controleren dat de tekst niet op de PDF verschijnt? - Veld op de factuur geplaatst; Factuurteksten aangemaakt: Factuur teksten gekoppeld aan de gebiteur. - Is er een specifieke sjabloon gekoppeld aan deze facturen, en is daarin ingesteld dat debiteursteksten worden weergegeven? - Ja"
ERP,"Inkooprelatie aanmaken met verplicht Iban-veld terwijl profiel ""Iban niet verplicht"" is.","Probleembeschrijving: Bij het aanmaken van een inkooprelatie staat het profiel op ""Iban niet verplicht"" maar het veld blijft verplicht op de pagina, zie screenshots. https://88147.afasinsite.nl/aanmaken-inkooprelatie-prs/organisatie-uitgebreid Aanvullende details: - Kun je bevestigen of het probleem zich voordoet bij meerdere gebruikers? - Momenteel is er één melding. - Sinds wanneer ervaar je dit probleem? - Vandaag. - Heb je recent wijzigingen aangebracht in de instellingen van het profiel of de omgeving? - Niet i.v.m. inkooprelaties."
ERP,Verschil in boekingen tussen boekingsdatum en boekstukdatum bij inkoopfacturen.,"Probleembeschrijving: Goedemorgen, Al lange tijd vraag ik mij de precieze werking af van Boekingsdatum en Boekstukdatum, al mijn collega's (160) zeggen het niet te gebruiken omdat het niet werkt zoals je zou verwachten. Dat geloofde ik niet dus ben ik er even ingedoken, alle help artikelen erbij gepakt. Stel je hebt een inkoopfactuur van €12.100 incl 21% btw, daarvan is de factuurdatum(boekstukdatum) 01-01-2025 en de boekingsdatum 31-12-2024. Wat er nu dan gebeurt: - Er wordt in de balans van 2024 een boeking gemaakt op de kosten rekening, dat is goed. - Er wordt in de balans van 2024 een boeking gemaakt, nog te betalen kosten, dat is goed. - Er wordt in de balans van 2024 een boeking gemaakt op GRB crediteuren, terwijl er in 2024 geen crediteurenschuld moet zijn. Die moet in 2025 gevormd worden. Zodra ik nu het balanssaldo vergelijk met het openstaande posten rapport van 2024 dan heb ik geen aansluiting meer. - Er wordt in de balans van 2024 een boeking gemaakt op GRB btw, terwijl er in 2024 geen BTW schuld moet zijn. Bij BTW is de factuurdatum leidend en dient dan ook in 2025 te staan op de balans in 2024. Zodra wij nu een rondrekening maken komt hier een verschil uit. Doen wij iets verkeerd of ? Graag zou ik hierover even willen sparren met iemand / laten zien wat ik bedoel in een administratie via een mee kijk sessie. Want inderdaad, op de manier hoe het nu werkt, kunnen we het niet gebruiken. Terwijl jullie bij het nieuwe broertje AFAS SB wel goed doen. Hoor het graag, alvast bedankt. Aanvullende details: - Kun je bevestigen of je de instellingen voor de boekingsdatum en boekstukdatum hebt gecontroleerd in de administratie? - Ja - Kun je aangeven of dit probleem zich voordoet in een specifieke administratie of in meerdere? - Meerdere - Kun je een voorbeeldadministratie delen waarin dit probleem zich voordoet, zodat we kunnen meekijken? - Ja omgeving 93722"
HRM,[Verlof][Periodetabel] Fout tijdens bijwerken nacalculatie per week.Datum '30-12-2025' komt niet voor in de gekozen periodetabel (12).Vul deze periodetabel aan.,"Probleembeschrijving: Bij het goedkeuren van het verlof van een collega krijg ik de volgende melding: Fout tijdens bijwerken nacalculatie per week. Datum '30-12-2025' komt niet voor in de gekozen periodetabel (12). Vul deze periodetabel aan. Nu heb ik op afas help gezocht betreft de periodetabel. Ik heb gecontroleerd of de betreffende periode erin staat en die staat erin, zie prinstcreen Aanvullende details: - _Kun je bevestigen welke periodetabel er gebruikt wordt en of deze correct gekoppeld is aan de betreffende medewerker?_ - 2025 en is gekoppeld - _Is het mogelijk om een schermafbeelding toe te voegen van hoe de periodetabel in AFAS Profit staat ingesteld, inclusief start- en einddatums per periode?_ - is toegevoegd."
HRM,[Profiel] Onboarden workflow mislukt door niet-bestaande waarde in veld 'werkgever'.,"Probleembeschrijving: Goedemorgen, Ik wil bij onboarden workflow naar de volgende stap, maar er wordt aangegeven dat er een waarde in het veld 'werkgever' staat die niet bestaat (zie bijlage). Nu heb ik bij aanpassen gekeken of daar wat mis gaat, maar ik zou niet weten wat er mis gaat, want er staat gewoon de juiste werkgever (zie bijlage). Het gaat om een her-indienst van Juliette Karel. Ik hoor graag waar dit aan kan liggen. Met vriendelijke groet, René Wijnen Aanvullende details: - Kun je aangeven welke stappen je precies doorloopt in de workflow? - alle gegevens zijn aangevuld door de mdw, staat nu ter controle om vervolgens de overeenkomst te genereren - Is het mogelijk om een schermafbeelding toe te voegen van de instellingen van het veld 'Werkgever' in de workflow? - zie bijlage - Heb je gecontroleerd of de werkgever correct is ingesteld in de stamgegevens? - Ja, ik heb deze meermaals geselecteerd."
ERP,"[abonnement] Geen facturen zichtbaar in dossier KLT-109662, terwijl abonnementsfacturen zijn aangemaakt.","Probleembeschrijving: Bij KLT-109662 vinden we geen facturen terug in het dossier hoewel dat bij andere klanten het geval is. Er zijn nochtans abonnementsfacturen aangemaakt. Kan u nakijken waarom dit foutloopt? Alvast bedankt Tarcis Ghyselen Aanvullende details: - Kun je bevestigen of de abonnementsfacturen correct zijn aangemaakt en zichtbaar in andere delen van het systeem? - ja - Zijn er specifieke stappen die je hebt doorlopen om de facturen te zoeken binnen het dossier? - ja - Is dit probleem alleen bij KLT-109662, of speelt dit ook bij andere klanten? - Alleen deze is gekend"
ERP,E-facturen boeken met 1 regel en bedrag zonder BTW in AFAS.,"Probleembeschrijving: Goedemiddag, Wij boeken onze inkoopfacturen via scan & herken. Boeken van PDF facturen is duidelijk. Alleen het boeken van e-facturen (nog niet). We werken niet met verplichtingen of ontvangsten. Bijvoorbeeld als we een inkoopfactuur (UBL) van Albert Heijn ontvangen. Bij e-factuur verwerken laat AFAS alle regels zien (het zijn boodschappen, dus dat kunnen we wel 75+ regels zijn met de verschillende artikelen die op de factuur staan. Is het mogelijk om al deze regels te verwijderen en 1 regel te maken met 1 bedrag? BTW moet niet worden meegenomen = 0 Geen aanvullende vragen gesteld."
HRM,[Adreswijziging] Adres wijziging geeft foutmelding: Kan de waarde van de parameter niet opslaan. Zowel de toepassing als het dienstverband is niet gevuld,"Probleembeschrijving: Bij het aanmaken van een adresverhuizing krijgen we foutmeldingen die ik niet kan oplossen. In de wachtrij melding wordt verwezen naar velden welk ik niet kan vinden in het profiel. In de help vind ik informatie over aanpassen van het LC op medewerker niveau, dit is echter geen oplossing voor het collectief. Niet alle adreswijzigingen blijven hangen er zijn er ook die wel doorgaan. Aanvullende details: - Kun je precies aangeven welke foutmelding er wordt weergegeven? - Status wachtrij Kan de waarde van de parameter niet opslaan. Zowel de toepassing als het dienstverband is niet gevuld. Het is verplicht om een toepassing of een dienstverband te kiezen. Vul de toepassing of selecteer een dienstverband. - Welke stappen doorloop je bij het aanmaken van de adresverhuizing, en kun je een overzicht geven of schermafbeeldingen toevoegen van deze stappen? - Openen de ess functionaliteit voor vastleggen van adresmutatie. - Speelt dit probleem alleen bij specifieke medewerkers of adressen, zo ja, om wie gaat het dan precies? - Lijkt me melding voor medewerkers met dubbele dienstverbanden, maar speelt bij ook bij medewerkers met maar 1 dienstverband."
HRM,[Werkgeversverklaring] Salarisgegevens van dienstverband 1 worden getoond bij aanvraag voor dienstverband 2.,Probleembeschrijving: Werkgeversverklaring per dienstverband. We hebben een aanvraag werkgeversverklaring gemaakt. De medewerker moet via InSite de werkgeversverklaring aanvragen en moet daarbij aangeven voor welk dienstverband hij/zij die aanvraag. Als de medewerker die aanvraagt voor dienstverband 2 dan worden daar de salarisgegevens getoond van dienstverband 1. Hoe zorgen we ervoor dat als de gegevens bij het juiste dienstverband worden getoond op de werkgeversverklaring Aanvullende details: - Kun je aangeven of dit probleem zich voordoet bij alle medewerkers of slechts bij specifieke medewerkers? - bij alle medewerkers - Kun je beschrijven welke stappen je precies volgt bij het aanvragen van de werkgeversverklaring? - de looncomponet gecheckt of deze per dienstverband berekend moet worden - Kun je controleren of de instellingen van de werkgeversverklaring correct zijn geconfigureerd voor meerdere dienstverbanden? - ja
ERP,"Fout bij verzenden van BTW aangifte: ""Er is een fout opgetreden bij het verzenden en ontvangen van de berichten.""","Probleembeschrijving: BTW aangifte geeft bij status aan 'Fout bij verzenden' heb communicatie profiel gecheckt, maar kom niks geks tegen. Description.....: [MESSAGE]: Er is een fout opgetreden bij het verzenden en ontvangen van de berichten. Ga naar help.afas.nl en zoek op de melding voor meer informatie. Type............: Afas.Profit.MessageException HResult.........: -2146233088 (0x80131500) Source..........: System.Private.CoreLib TargetSite......: Void Throw() DeclaringType...: System.Runtime.ExceptionServices.ExceptionDispatchInfo, System.Private.CoreLib ProductVersion..: 8.0.15+50c4cb9fc31c47f03eac865d7bc518af173b74b7 Aanvullende details: - Kun je precies aangeven welke foutmelding er wordt weergegeven? - zie beschrijving bovenstaande - Heb je gecontroleerd of de instellingen van het communicatieprofiel correct zijn? - Heb ik gecontroleerd en kom niks geks tegen. - Is er recent iets gewijzigd in de instellingen of infrastructuur die invloed kan hebben op de verzending? - niet zover ik weet"
ERP,Niet-benutte zelfstandigenaftrek uit voorgaande jaren wordt niet benut in aangifte 2024.,"Probleembeschrijving: Er is sprake van niet-benutte zelfstandigenaftrek uit voorgaande jaren. Maar deze wordt niet benut in de aangifte 2024, terwijl daar wel de ruimte voor is. In de aangifte 2023 was dit ook mogelijk, en in die aangifte is dit automatisch toegepast. Aanvullende details: - Over welk specifiek bedrag aan niet-benutte zelfstandigenaftrek gaat het? - het totaal van de niet-benutte zelfstandigenaftrek bedraagt € 19.182. - Kun je bevestigen dat de diagnose van de aangifte 2024 is bijgevoegd in de zip-bestanden? - diagnose is bijgevoegd. - Zijn er wijzigingen geweest in de persoonlijke of fiscale situatie tussen 2023 en 2024 die dit kunnen beïnvloeden? - nee"
ERP,"Analyse toont geen mutaties, terwijl deze wel aanwezig zijn bij het artikel.",Probleembeschrijving: Op verzoek van mijn collega Lambert Brouwers schiet ik een incident in. Hierover heeft hij reeds contact gehad met Dennis van Woensel. In de bijlage tref je de reeds gevoerde correspondentie. Aanvullende details: - Kun je aangeven wat het probleem precies is? - Analyse (LAMBERT_Mutaties tbv confrontatieverschillen) lijkt niet mutaties weer te geven - Welke stappen hebben jullie al ondernomen om dit op te lossen? - de gegevensverzameling bekeken die gebruikt wordt voor de analyse. - Wat is de gewenste situatie die je wilt bereiken met betrekking tot dit incident? - Verklaring wat de reden is waarom er mutaties lijken te missen die wel voorkomen bij het tabblad mutaties bij het desbetreffende artikel.
HRM,[Betalingscockpit] Medewerker is niet meegenomen in het betaalbestand,"Probleembeschrijving: Goedemorgen, Bij de laatste controle van de accountant (jaarrekening) is gebleken dat er van een medewerker nog een netto te betalen salaris open staat. Bij medewerker 3851 A Jacobs is er in de maand augustus 2024 een terugwerkende kracht uitbetaling van uren geweest. Hiervan is netjes een salarisstrook gemaakt. Echter we kunnen deze betaling niet terugvinden op de betaallijst van augustus 2024. Ook niet in de betalingscockpit bij het verwerkte betaalbestand. In de loon journaalpost (op medewerker niveau bekeken) komt deze betaling wel voor. Ook hebben we geconstateerd dat deze medewerker niet geblokkeerd is voor betalingen. Kortom, we staan voor een raadsel. Kunnen jullie misschien spreekwoordelijk licht schijnen op deze situatie. Met vriendelijke groet, André Hertogh Aanvullende details: - Kun je bevestigen of de terugwerkende kracht uitbetaling van uren correct is opgenomen in de loonberekening? - Ja - Is er een verschil te zien tussen de loonberekening en de daadwerkelijke betaalgegevens? - Ja - Kun je een schermafbeelding of export van de loon journaalpost en de betalingscockpit toevoegen? - Loonjournaal[post zit hierbij, betalingscockpit niet want daar komt de mw niet voor"
HRM,"Uitbetaling IKB werkt niet bij invoeren opdracht in AFAS, geen foutmelding zichtbaar.","Probleembeschrijving: Beste mensen, Per januari zijn wij overgegaan naar AFAS. Onze consultant heeft een inrichting/knop bij Mijn InSite voor uitbetaling IKB gedaan (maandelijks volledige saldo uitbetalen) die niet werkt. Je kan een opdracht invoeren met start en einddatum maar de uitbetaling wordt niet uitgevoerd. Kan u ons helpen het werkend te maken? Alvast dank. Aanvullende details: - Kun je precies aangeven welke stappen je doorloopt bij het invoeren van de opdracht? - Alle velden gevuld die nodig zijn, Saldoberekening, Aanmaken - Sinds wanneer speelt dit probleem en heeft het ooit gewerkt zoals verwacht? - We komen er nu achter dat het niet werkt, collega's die er gebruik van hebben gemaakt hebben dit niet eerder gemeld. - Is er een specifieke foutmelding of waarschuwing zichtbaar in AFAS Profit tijdens het proces? - Nee, ook niet in de Payroll Auditor"
HRM,"[PCC] Opslaan in Profit lukt niet op Apple, terwijl het op Windows wel werkt.","Probleembeschrijving: Het opslaan in Profit lukt wel met Windows, maar niet met Apple. Klopt dat? Bij windows: Aanpassen van documenten in Insite doe je dit met ""potloodje""/ wijzigen/met kruisje rechtsboven sluiten en dan slaat ie op in Profit. Bij Apple is er geen kruisje rechtsboven en kan dus niet opslaan in Profit. Klopt dit? Hebben jullie hier een oplossing voor zodat de mensen die Apple hebben ook in Insite kunnen werken. Aanvullende details: - Kun je aangeven welke browser je gebruikt op de Apple-apparaten? - Google Chrome - Heb je al geprobeerd een andere browser te gebruiken op Apple? - Ons is adviseerd om juist Google Chrome te gebruiken. - Kun je een schermafbeelding toevoegen van het scherm op Apple waar het probleem zich voordoet? - Ja, zie bijlage"
HRM,[consultancymodus][Verwerkingscode]Vakantietoeslag op aparte loonstrook,"Probleembeschrijving: Bij Brabant Sport wil ik graag de vakantietoeslag via een aparte loonstrook. Hiervoor heb ik de inrichting gevolgd volgens het HELP-artikel: https://help.afas.nl/help/NL/SE/Hrm_WgImpl_HoliDy_FAQ_Slip.htm Echter moet de verwerkingscode bij het salarisverwerkingsplan nog worden toegevoegd, de code bestaat nog niet. Dit lukt volgens het artikel alleen met een consultancymodus. Willen jullie mij hiervoor terugbellen? Ik ben a.s. vrijdag en maandag niet bereikbaar. Geen aanvullende vragen gesteld."
ERP,[HRM] Aanpassen van kostenplaatscode in Profit zonder verlies van historie.,"Probleembeschrijving: Ik wil graag weten of het mogelijk is de code bij een kostenplaats aan te passen. Dus niet de omschrijving maar echt de benaming van de kostenplaats zelf. Wij hebben bijvoorbeeld de kostenplaats F/0010, is het mogelijk F/0010 aan te passen naar iets anders zonder verlies van historie. Zelf zie ik die mogelijkheid niet, eventueel is er mogelijk een oplossing via jullie of een consultant. Dit omdat wij voor ons nieuwe ERP de benamingen van kostenplaatsen willen aanpassen. Aanvullende details: - Kun je bevestigen of je specifiek vraagt naar een oplossing binnen Profit of een andere module? - Binnen Profit - Wil je dat de historie van transacties en gegevens gekoppeld aan de kostenplaats behouden blijft na de wijziging? - Ja - Heb je al geprobeerd om de benaming aan te passen via de instellingen van de kostenplaats? - Ja"
ERP,SEPA-generatie mislukt ondanks het volgen van instructies en video's.,Probleembeschrijving: ik krijg met geen mogelijkheid de sepa gegenereerd Aanvullende details: - Kun je aangeven welke stappen je precies doorloopt om de SEPA te genereren? - alle fimpjes bekeken en daar naar gehandeld - Sinds wanneer ervaar je dit probleem? - vandaag - Heeft het genereren van de SEPA eerder gewerkt? - heeft de vorige keer Sjoerd gedaan en ik dacht het te kunnen volgen maar niet dus
ERP,[integratiesoort] Geen integratiesoort gevonden voor verkoopfacturen Ordermanagement bij specifieke klanten.,"Probleembeschrijving: Collega van mij kan bij sommige klanten geen verkooporder inzetten, krijgt dan melding op scherm geen integratiesoort gevonden voor verkoopfacturen Ordermanagement. Dit terwijl ik en andere collegas dit wel kunnen bij die klant. Hoe kan ik dit aanpassen? Aanvullende details: - Kun je aangeven bij welke specifieke klanten dit probleem zich voordoet? - Snackworld Kerkdriel klantnummer 10747 Kraay Zuilichem klantnummer 10511 - Welke stappen doorloopt je collega precies voordat de melding verschijnt? - Bij aanmaken nieuwe order - Heeft je collega dezelfde rechten en instellingen als jij en de andere collega's? - Ja"
HRM,[inrichting] cafetaria plan,"Probleembeschrijving: Is er een template voor de cafetariaregel. De bedoeling is dat de medewerker een deel van zijn vakantiegeld inhoudt, om het vervolgens netto uitgekeerd te krijgen. Is hiervoor een template beschikbaar die ik kan kopiëren? Geen aanvullende vragen gesteld."
HRM,[Connector] Contractwijziging in AFAS blokkeert planning in Tamigo tot ingangsdatum nieuw contract.,Probleembeschrijving: Als wij een contractwijziging in Afas doorvoeren ontstaat er een probleem binnen ons tijdregistratiesysteem van Tamigo. De planning binnen Tamigo is dan geblokkeerd tot het moment van ingaan van het nieuwe contract. Dit is voor onze transportplanners niet handig en enorm lastig. Vraag is nu dan ook of wij dit binnen Afas op een andere wijze kenbaar kunnen maken waarbij de einddatum niet zorgt voor de eerder genoemde blokkade. Aanvullende details: - Kun je precies aangeven welke stappen jullie doorlopen bij het wijzigen van een contract in AFAS? - n.v.t. - Speelt dit probleem bij alle medewerkers of slechts enkele specifieke gevallen? - Uitsluitend in gevallen waarbij sprake is van een contractwijziging - Wat is de gewenste situatie voor hoe de einddatum verwerkt moet worden in Tamigo via AFAS? - Zoals hierboven omschreven
HRM,Afwezigheid op 5 mei in AFAS Insite/Pocket app zonder feestdagstatus.,"Probleembeschrijving: Goedemiddag, Een aantal van onze medewerkers is naar ons toegekomen dat zij maandag 5 mei afwezig staan in AFAS Insite/Pocket app. Echter is maandag volgens onze CAO geen vrije dag. Ik heb zojuist gekeken naar bij wie het allemaal goed staat en bij wie niet, maar het lijkt erop dat alle mensen die dit jaar in AFAS zijn gezet wel op afwezig staan en de mensen die in 2024 erin zijn gezet niet. Echter weet ik het niet zeker en kan ik verder ook geen verschil vinden in de instellingen. Zouden jullie hier eens naar kunnen kijken? Groet, Lydia Aanvullende details: - Kun je aangeven welk verlof- of afwezigheidstype hier is gekoppeld, en zo mogelijk het stamnummer van dit type erbij vermelden? - Onbekend, want moet juist geen feestdag of iets aan gekoppeld zijn - Zijn er instellingen aanwezig bij medewerkers of groepen die alleen effect hebben op medewerkers toegevoegd in 2023? - Nee zover ik weet niet - Kun je controleren wanneer dit probleem zich begon voor te doen en of dit samenvalt met een specifieke actie of wijziging in AFAS? - Sinds een paar dagen krijgen we er vragen over en het enige wat ik kan bedenken is dat het dit jaar Lustrumjaar is"
ERP,[best practice] [Autorisatie] Verschil tussen rechten op tabblad en rechten op acties in autorisaties.,Probleembeschrijving: Autorisaties - Wat is het verschil tussen rechten op tabblad en rechten op acties. Geen aanvullende vragen gesteld.
ERP,[Licenties] Licenties van abonnement verlagen voor Insite gebruikers en andere gebruikers.,"Probleembeschrijving: Hallo, ik zou graag de licenties van het abonnement willen verlagen. Kunnen jullie mij hierbij helpen? Ik ben bereikbaar op 06-40663422. Aanvullende details: - Kun je aangeven om welke specifieke licenties het gaat die je wilt verlagen? - Insite gebruikers en andere gebruikers die niet relevant zijn. - Wil je ook doorgeven hoeveel licenties er precies verwijderd moeten worden of wat de gewenste nieuwe aantallen zijn? - Graag meekijken naar de mogelijkheden"
HRM,[Profiel] Verplichte velden instellen in workflows voor verlofaanvragen en aankopen verlofuren.,"Probleembeschrijving: Wij willen bij bepaalde workflows velden verplicht stellen, maar ik krijg niet gevonden hoe ik dat moet doen in de workflow of op een andere plek in Profit. We willen verplichte velden bij aanvraag aankoop verlofuren en aanvragen verlof. Ik heb gekeken op AFAS-help en vind: https://help.afas.nl/help/NL/SE/App_FldSet_Required.htm?query=verplicht%20veld Helaas helpt dit mij niet, aangezien het een voorbeeld is van iets dat wij niet gebruiken. Overige helpartikelen over workflows inrichten/wijzigen etc. geven hier geen info over. Enige plek waar ik een veld kan verplichten in de workflow is bij een vervolgactie, zie knipsel. Ik zie vast iets over het hoofd, maar ben nu al een half uur bezig en kan niet het juiste vinden. Graag hulp. Alvast bedankt. Aanvullende details: - Kun je aangeven welke velden je precies verplicht wilt stellen? - Opmerkingenveld bij aanvragen van (regulier) verlof en aankopen verlofuren - Heb je al geprobeerd om de instellingen van de workflow te bekijken waar je de velden wilt verplichten? - Ik heb zoveel geprobeerd, geen idee of ik dit al geprobeerd heb. - Kun je een voorbeeld geven van hoe je verwacht dat de workflow werkt na het verplicht stellen van de velden? - Bij verlofaanvraag moet de werknemer verplicht het opmerkingen veld invullen, zodat de ontvangen de reden ziet."
ERP,"Bijlage tonen toont alleen laatst toegevoegde bijlage, niet meerdere opties.","Probleembeschrijving: Beste Dennis, In de bijlage een afbeelding van een crediteurenkaart. De factuur is ingeboekt via de workflow ""met inkoop"", daarna is er een bijlage (dossieritem) aan de factuur toegevoegd. Wat blijkt als je nu via profit, keuze ""bijlage tonen"" gebruikt, wordt de laatst toegevoegde bijlage getoond en je krijgt niet de optie dat je meerdere bijlages kan openen. De factuur kan dan wel weer geopend worden via dossier. Om de betalingen te autoriseren via betaalvoorstel krijg je dan ook niet de factuur naar voren, dus alleen de laatstbijgevoegde bijlage. De directie kan de factuur niet inzien via deze wijze. Is dit op een andere wijze op te lossen? zouden we dit aankomende dinsdag ook op de agenda kunnen plaatsen? Tevens nog een vraag over de tegel ""Kantoorartikelen"", ik kan hier geen afbeelding in plaatsen..... gr. Ingrid Aanvullende details: - Kun je bevestigen of de situatie waarbij alleen de laatst toegevoegde bijlage wordt getoond altijd optreedt, of slechts sporadisch? - nvt - Wat is precies het gewenste gedrag dat je verwacht bij het tonen van meerdere bijlagen via keuze 'bijlage tonen'? - dat er gekozen kan worden voor welke bijlage je zou willen openen - Is er een specifieke foutmelding wanneer geprobeerd wordt om andere documenten te openen in deze workflow? - nvt"
ERP,"Bijlage tonen toont alleen laatst toegevoegde bijlage, niet meerdere opties.","Probleembeschrijving: Beste Dennis, In de bijlage een afbeelding van een crediteurenkaart. De factuur is ingeboekt via de workflow ""met inkoop"", daarna is er een bijlage (dossieritem) aan de factuur toegevoegd. Wat blijkt als je nu via profit, keuze ""bijlage tonen"" gebruikt, wordt de laatst toegevoegde bijlage getoond en je krijgt niet de optie dat je meerdere bijlages kan openen. De factuur kan dan wel weer geopend worden via dossier. Om de betalingen te autoriseren via betaalvoorstel krijg je dan ook niet de factuur naar voren, dus alleen de laatstbijgevoegde bijlage. De directie kan de factuur niet inzien via deze wijze. Is dit op een andere wijze op te lossen? zouden we dit aankomende dinsdag ook op de agenda kunnen plaatsen? Tevens nog een vraag over de tegel ""Kantoorartikelen"", ik kan hier geen afbeelding in plaatsen..... gr. Ingrid Aanvullende details: - Kun je bevestigen of de situatie waarbij alleen de laatst toegevoegde bijlage wordt getoond altijd optreedt, of slechts sporadisch? - nvt - Wat is precies het gewenste gedrag dat je verwacht bij het tonen van meerdere bijlagen via keuze 'bijlage tonen'? - dat er gekozen kan worden voor welke bijlage je zou willen openen - Is er een specifieke foutmelding wanneer geprobeerd wordt om andere documenten te openen in deze workflow? - nvt"
HRM,Vraag over de betekenis van het 'Limiet' veld bij verlofsoorten.,Probleembeschrijving: Wij hebben een vraag over de instelling van een verlofsoort. Wanneer je bij Type Verlof (bijv. Negatief verlof) in de Eigenschappen van de verlofsoort op het tabblad 'Instellingen' kijkt kun je daar een veld 'Limiet' invullen. Nu is ons niet helemaal duidelijk wat er met dit veld wordt bedoeld. Zie bijvoorbeeld een screenshot van het Negatieve verlof zoals dit bij ons is ingesteld. Moet je dit dan zo lezen en een medewerker in deze verlofpot 40 uur in de min mag staan? Geen aanvullende vragen gesteld.
ERP,[importdefinitie] Importeren van tellijsten in AFAS: zijn er importmogelijkheden beschikbaar?,"Probleembeschrijving: Importeren van de inventarisatie. Wij willen voortaan onze tellijsten elke maand inlezen in AFAS. We zien hier geen importmogelijkheden voor. Zijn deze er wel? Zo ja, waar. Zo nee kunnen we deze aanmaken? Aanvullende details: - Kun je aangeven welke module of functionaliteit in AFAS je gebruikt voor de inventarisatie? - Ordermanagement - Welke gegevens wil je precies importeren en in welk formaat zijn deze beschikbaar (bijvoorbeeld Excel, CSV)? - Kan beide.. - Heb je al geprobeerd een bestaande importfunctie te gebruiken, zoals via InSite of Profit? Zo ja, wat gebeurde er toen? - niet de juiste import."
ERP,"[autorisatietool | gegevensfilter] Foutmelding bij artikelkeuze in ordermanagement: ""Item (Other revenues) mag niet gekozen worden vanwege filterautorisatie.""","Probleembeschrijving: Ik wil een baliefactuur maken in ordermanagement. Op het moment dat ik een artikel wil kiezen krijg ik de melding ""Item (Other revenues) mag niet gekozen worden vanwege filterautorisatie."" Als ik via Ordermanagement-Item-Artikel de artikelen wil raadplegen, blijft het scherm ook leeg. Dit ondanks het feit dat ik volgens de Autorisatietool alle rechten heb op artikelen Aanvullende details: - Kun je bevestigen of de filterautorisatie-instellingen recent zijn gewijzigd in jullie omgeving? - Nee, geen idee. - Speelt dit probleem ook bij andere gebruikers of alleen voor jouw account? - Ja. - Welke specifieke stappen doorloop je om het artikel te selecteren voordat deze foutmelding verschijnt? - ordermanagement - verkoopproces - Balie-/directfactuur. Daarna de headergegevens ingevuld en de melding komt zodra ik een artikel wil selecteren."
ERP,[Actief] Verwerking van immateriële vaste activa in AFAS en best practices.,"Probleembeschrijving: Goedemiddag, Wij moeten voor het eerst gebruikmaken van immateriele vaste activa. Op de helppagina kan ik hier niet veel informatie over vinden, alleen over materiele vaste activa. Hoe wordt immateriele vaste activa doorgaans verwerkt in AFAS? Kan dit gewoon via de activamodule lopen? Of is hier een andere systematiek voor? Evt. tips en tricks worden zeer gewaardeerd. Met vriendelijke groet, Chiel Doldersum Aanvullende details: - Kun je aangeven welke specifieke informatie of stappen je zoekt over het verwerken van immateriële vaste activa in AFAS? - We zijn benieuwd wat in AFAS de (beste) methode is voor verwerking van immateriele vaste activa. - Heb je al geprobeerd de activamodule te gebruiken voor dit type activa, en zo ja, waar loop je precies tegenaan? - Nee wij moeten dit nog inrichten. Voor we hier mee beginnen zijn we benieuwd wat de beste methode is. Als dit de activamodule is dan zullen we hier mee aan de slag."
ERP,[betaalopdracht verdwenen] Betaalopdracht blijft hangen en verschijnt niet in de wachtrij voor verwerking.,"Probleembeschrijving: Vandaag een betaalopdracht crediteuren gemaakt voor de betalingen via financieel/ crediteur/ betaalopdracht/nieuw vervolgens de crediteuren geselecteerd en akkoord gegeven. De selectie komt niet bij de betaalopdrachten naar voren voor de controle en de verwerking via de wachtrij? Het valt op dat Afas vanmorgen erg traag is met het verwerken van de betaalopdrachten (andere administratie) Betaalopdracht is een uur geleden gemaakt, maar nog steeds geen opdracht. Als ik nu weer een nieuwe opdracht maakt is hij leeg, dus er ""hangt"" ergens een betaalopdracht. Aanvullende details: - Kun je aangeven of je een foutmelding krijgt of dat het proces zonder melding stopt? - nee - Welke stappen doorloop je precies bij het maken van de betaalopdracht? - zie boven - Speelt dit probleem bij meerdere gebruikers of alleen bij jou? - geen idee, alleen ik doe betalingen"
ERP,"[Woonplaats | Adres] Postcode bestaat niet volgens AFAS bij projectaanmaak, ondanks correcte invoer.","Probleembeschrijving: We willen een nieuw project aanmaken en daar zegt AFAS dat de postcode niet bestaat terwijl in google maps en gezocht op internet dit wel de postcode is 2914RP valkendaal 68 Nieuwerkerk aan den IJssel. Het adres 2911BS, huisnummer 1 doet het ook niet voor een ander project. Aanvullende details: - Kun je bevestigen of de postcode en woonplaats correct zijn ingevoerd in het systeem? - Ja - Heb je gecontroleerd of deze postcodes en adressen aanwezig zijn in de database van AFAS? - Nee - Is er een specifieke reden waarom je denkt dat dit probleem zich voordoet, zoals recente wijzigingen in de adresgegevens? - Nee, dit is een nieuw adres bij het invoeren van een projectlocatie."
ERP,[e-mailinstellingen facturen | spf record] Facturen naar Magnit Global worden gemarkeerd als verdachte e-mails met links.,"Probleembeschrijving: Hello Team, I received an information from one of our clients - Magnit Global that since last month all invoices that we send them directly from AFAS they receive an information that the email contain suspicious links and cannot be open. That means that all invoices sent to Magnit needs to be sent manually. Can you please have a look what might be the problem and how we can fix that. Example of invoices: V02250299, V02250085, V02250288, V02250290. Aanvullende details: - Kun je aangeven of er recent wijzigingen zijn doorgevoerd in de instellingen voor het verzenden van e-mails vanuit AFAS? - No - Zijn er specifieke foutmeldingen of waarschuwingen zichtbaar bij het verzenden van deze e-mails? - No - Kun je een voorbeeldbestand (zonder gevoelige informatie) delen dat als verdacht wordt gemarkeerd, zodat we dit kunnen analyseren? - In AFAS"
ERP,Het beginsaldo in het bestand komt niet overeen met het saldo van het dagboek plus het totaal van de niet-verwerkte bankafschriftmutaties van bankafschriften met de status ingelezen of onderhanden,"Probleembeschrijving: Geachte, Al 3 dagen lang krijg ik de melding dat een bankafschrift wordt geblokkeerd omdat het beginsaldo niet zou aansluiten. Dit is echter niet het geval, het bedrag sluit exact aan. Graag wil ik van deze melding af. Ik heb de controles doorlopen maar vandaag heb ik weer dezelfde melding. Aanvullende details: - Kun je bevestigen of de foutmelding consistent optreedt bij hetzelfde bankafschrift of bij meerdere? - zie bijlage - Heb je gecontroleerd of er handmatige boekingen zijn die het beginsaldo beïnvloeden? - ja - Kun je aangeven welke stappen je hebt doorlopen tijdens de controles? - zoals beschreven"
ERP,[memoboeking | factuurnummer | grijs] Factuurnummer veld is donkergrijs bij Financieel > Financiële mutaties.,Probleembeschrijving: Het kantoor kan in de financiële mutaties geen factuurnummer invullen omdat dit veld donkergrijs blijft. Hierdoor kan hij niet de benodigde factuur opzoeken Aanvullende details: - Kun je aangeven in welk specifiek scherm of proces je dit probleem tegenkomt? - Het invoeren van boekingen bij Financieel > Financiele mutaties - Sinds wanneer speelt dit probleem? - sinds een paar dagen - Is er recent iets gewijzigd in de instellingen of rechten van de gebruiker? - ERP omzetting
ERP,Bij het aanmaken van een inkooprelatie wordt de bijlage niet opgeslagen in het dossier.,"Probleembeschrijving: Goedemorgen Dennis, Graag plaatsen wij nog 2 puntjes ter bespreking op de agenda:  Bij het aanmaken van een inkooprelatie wordt gevraagd een bijlage toe te voegen, zodat de gegevens gecontroleerd kunnen worden. Deze bijlage wordt niet in profit bij de nieuw aangemaakt relatie in het dossier gevoegd. Hoe kan dit wel geregeld worden?  Bij het aanmaken van een inkooprelatie wordt de melding getoond, indien deze op een al bestaande relatie lijkt, dat deze relatie misschien al bestaat. Indien je (bewust) doorklikt om verder te gaan, en de beoordelaar heeft niet in de gaten dat de relatie al bestaat, wordt in profit een ""dubbele"" crediteur aangemaakt. Graag zouden wij zien dat dit absoluut niet mogelijk is om een dubbele crediteur aan te maken. gr. Ingrid Aanvullende details: - Kun je aangeven in welke omgeving of versie van Profit je dit probleem ervaart? - Kopie en Live - Kun je een voorbeeld of een specifiek scenario beschrijven waarbij de bijlage niet in het dossier wordt opgeslagen? - bij het aanmaken van een inkooprelatie via insite - Kun je aangeven welke stappen je doorloopt bij het aanmaken van de inkooprelatie? - workflow"
HRM,"[Lease a bike | fietsplan] Componenten tellen mee voor pensioengrondslag, uitschakelen niet mogelijk.","Probleembeschrijving: Hallo, wij hebben component 1102779/1102495/11022496/1102803/908 aangemaakt ivm het starten met Lease a Bike. Nu tellen deze componenten mee voor de pensioengrondslag en dat moet niet. Nu kunnen wij deze zelf niet uitschakelen, is het mogelijk dat jullie dit uitschakelen? Met vriendelijke groet, Erika de Laak Aanvullende details: - Kun je bevestigen of de genoemde componenten eigen looncomponenten zijn, en zo ja, kun je aangeven waarom deze niet door jullie zelf uit te schakelen zijn? - Alleen de 907 is een eigen component, de andere zijn afas componenten - Heb je geprobeerd om in het tabblad Classificering van elk component de instellingen voor pensioengrondslag aan te passen? Wat gebeurde er toen? - Kan vanuit ons niet aangepast worden - Wil je dat wij alleen advies geven over hoe dit aangepast kan worden, of verwacht je dat we dit direct aanpassen in jullie omgeving? - Als jullie het aan willen passen, dan heel erg graag, dan is namelijk alles geregeld."
ERP,"[Insite Publiceren] InSite is sinds 30 maart 2025 niet vernieuwd, geen wijzigingen doorgevoerd.","Probleembeschrijving: Onze InSite is sinds 30 maart 2025 niet meer vernieuwd. Daardoor worden er geen wijzigingen doorgevoerd op onze InSite omgeving. Aanvullende details: - Kun je aangeven welke specifieke wijzigingen niet worden doorgevoerd? - Nieuwe modules, zoals declaratie module en in en uitdienst meldingen - Zijn er foutmeldingen zichtbaar in de applicatie of logbestanden? - Nee - Is er sinds 30 maart 2025 iets gewijzigd in de configuratie of infrastructuur van jullie omgeving? - Niet dat wij van op de hoogte waren"
HRM,[Standaardrooster] Kan je een standaardrooster aanpassen?,"Probleembeschrijving: Wij hebben een standaard rooster ingericht voor de CAO GGI. Nu willen we dit standaard rooster qua tijden aanpassen. Kan dit? Of moet je een nieuw standaard rooster aanmaken en dit opnieuw allemaal bij de medewerkers aanpassen? Ik hoor het graag. Aanvullende details: - Kun je aangeven welke specifieke wijzigingen je wilt doorvoeren in het standaard rooster? - nu staat er van 08.30 tot 17.00 en het moet naar 07.00 tot 15.45 - Zijn er al medewerkers gekoppeld aan dit rooster, en zo ja, hoeveel? - ja, bijna iedereen - Wil je dat de wijzigingen met terugwerkende kracht worden toegepast of alleen voor toekomstige periodes? - Dat maakt niet uit. Het mag met de ingang van dit jaar of vanaf de nieuwe periode."
HRM,"[Ouderverlof] Geen ouderverlof saldo voor kind geboren in 2019, recht op onbetaald saldo?",Probleembeschrijving: een collega heeft een kind van nu 5 jaar. geboren in 2019. waarom genereert het systeem geen ouderverlof saldo voor dit kind? Er is toch nog steeds recht om het onbetaalde saldo op te nemen? Aanvullende details: - Kun je aangeven welke medewerker het betreft? - elvira verschoor - Is er een specifieke foutmelding of afwijking zichtbaar in het systeem? - nee - Kun je bevestigen of de geboortedatum van het kind correct is geregistreerd in de omgeving? - ja
ERP,[Kortingsgroep] Korting van 0 bij toekennen kortingsgroep aan artikel ondanks actieve staffels.,"Probleembeschrijving: Goedendag, Wij willen graag kortingsgroepen gaan gebruiken. We hebben kortingsgroepen aangemaakt in kortingsgroepen inkoop met staffels De kortingsgroepen gekoppeld aan prijsgroepen. Deze willen we vervolgens koppelen aan een artikel maar krijgen ene melding dat dit item een korting heeft van 0 terwijl deze staffels wel zijn ingevuld. Wat zien we over het hoofd. Alvast bedankt. Aanvullende details: - Kun je precies aangeven welke stappen je volgt wanneer je de melding krijgt? - Als we de kortingsgroep willen toekennen aan het artikel - Heb je gecontroleerd of de kortingsgroepen correct zijn ingesteld en gekoppeld aan de juiste prijsgroepen? - Ja, volgens ons zijn deze goed ingesteld - Kun je bevestigen of de staffels in de kortingsgroepen correct zijn ingevuld en actief zijn? - Ja, deze zijn actief"
HRM,"Uurloon presentatie voor oproepkrachten: bruto uurloon, toeslag, vakantiegeld zichtbaar.","Probleembeschrijving: Ik wil voor oproepkrachten het uurloon op een andere manier presenteren op de loonstrook. Het uurloon van een oproepkracht zal bestaan uit volgende componenten: Bruto uurloon + Toeslag + Vakantiegeld. Hoe richt ik dit in. Aanvullende details: - Kun je aangeven of je al specifieke looncomponenten hebt ingericht voor het bruto uurloon, de toeslag en het vakantiegeld? - de looncomponent Bruto uurloon en vakantiegeld zijn geactiveerd - Wil je dat deze drie componenten afzonderlijk zichtbaar blijven op de loonstrook, of moeten ze worden samengevoegd tot één totaalbedrag? - Ja - Heb je een voorbeeld van hoe de huidige loonstrook eruitziet en hoe je wilt dat deze eruit komt te zien? - Nee"
HRM,Heropenen van incident 2343620 na meivakantie zonder contact.,"Probleembeschrijving: zie incident 2343620, door de meivakantie hebben we elkaar niet meer kunnen bereiken, maar de vraag loopt nog. Aanvullende details: - Kun je kort samenvatten wat de vraag of het probleem precies is? - zie incident 2343620 - Kun je aangeven wat je precies verwacht of wat de gewenste situatie is? - incident heropenen - Zijn er specifieke stappen of details die je kunt delen om het probleem beter te begrijpen? - zie incident 2343620"
HRM,[Aanvullende gegevens] Bericht voor aanvullende gegevens wordt niet verstuurd via Onboarden,"Probleembeschrijving: Email versturen bij aanvullende gegevens uitvragen. Met de functionaliteit van het onboarden, heb je de mogelijkheid om aanvullende gegevens uit te vragen. Ondanks dat in het profiel een berichtsjabloon gekoppeld is, werkt dit bericht sjabloon niet. Deze werkt enkel als je specifiek op de knop drukt van de aanvullende gegevens opvragen. De speciale workflow knop ""aanvullende gegevens"" vs ""draaiboektaken genereren"" heeft een aantal verwachtingen. 1. De speciale actieknop ""aanvullende gegevens uitvragen"" verstuurt geen email naar de portal gebruiker. 2. Sommige draaiboek taken worden gelijk met deze actieknop gestart. Dat is niet logisch. Je zou dit verwachten bij Draaiboektaken genereren. Het verschil zit hem in de documenten die gemaakt kunnen worden, maar hernoem dan de workflow actieknoppen ""draaiboektaken -zonder documenten-"" en ""draaiboektaken -met documenten-"" 3. Benoem in het profiel aanvullende gegevens opvragen ook expliciet, dat het bericht sjabloon enkel werkt bij een handmatige actie en niet vanuit de workflow onboarden. Als je wel een bericht sjabloon wilt versturen, dan moet je dit opnemen in je workflow proces. Anders krijgt de sollicitant geen bericht, dat er een taak op de sollicitantenportal klaar staat Aanvullende details: - Kun je precies aangeven welke stappen je doorloopt bij het gebruik van de actieknoppen? - Workflow inrichten - Welke specifieke verwachtingen heb je van de actieknoppen en hoe wijken deze af van de huidige werking? - Speciale acties uitvoeren op het juiste moment - Kun je een voorbeeld geven van het berichtsjabloon dat je hebt gekoppeld? - Standaard berichtsjabloon in profiel"
ERP,[connector voorraadprofiel] Foutmelding 'onvoldoende voorraad' bij order vanuit webshop met profiel 12. Mogelijk veroorzaakt door popup vraag in AFAS.,"Probleembeschrijving: deze vraagt hangt een beetje tussen een vraag met onze adviseur en een incident in. Maar gaat wel redelijk diep, waarbij we zoekend zijn of het door ons bedachte ook de weg is die we moeten bewandelen, dit omdat de melding vanuit AFAS wat raar is, namelijk: onvoldoende voorraad Wij hebben verschillende voorraad profielen, waaronder nummer 12. Zie screen 12.png. Daar staat de instelling "" altijd vraag stellen"" Als wij een order inschieten vanuit onze webshop via de update connector, krijgen we een error terug, zie screen, met onvoldoende voorraad. Echter als ik een order inschiet met voorraad geeft hij ook die error. Ik vermoed dat het komt omdat er in AFAS een popup komt met die vraagstelling waar het dus manco opgaat, omdat je een antwoord verwacht op die popup vraag die je niet meegeeft. Echter ik ben wat in de war door de melding; onvoldoende voorraad. (als ik profiel aanpas naar Y, vraag stellen bij voorraadtekort, ik boek voorraad op, gaat het namelijk wel goed) (als ik een order inschiet met art met profiel 13 en ook 0 op voorraad, komt wel gewoon aan, dus de melding moet ergens anders vandaan komen, dan van het aantal beschikbaar in de fysieke voorraad, hoewel de melding die AFAS terug geeft wel doet vermoeden dat het daarmee te maken heeft( Ik weet dat je sinds profit 4 ook het aantal in bestelvoorstel of aantal in wachtworder kan meegeven. 2 vragen: 1 - Krijgen we de error omdat er idd die vraag als popup in profit komt? 2 - is de oplossing idd dat we of aantal wachtorder inschieten OF direct aantal bestelvoorstel? Aanvullende details: - Kun je bevestigen of de foutmelding consistent optreedt bij alle artikelen met profiel 12? - ja - Heb je geprobeerd om een testorder handmatig in te voeren en dezelfde situatie na te bootsen, wat was het resultaat? - ja, zelfde resultaat - Kun je meer details geven over hoe de update connector is geconfigureerd en welke gegevens worden meegegeven tijdens het inschieten van orders? - daar kan ik zo niet een kort antwoord op geven"
ERP,Inkooporderrapport verschijnt niet altijd automatisch na generatie of aanpassing.,"Probleembeschrijving: Het inkooporderrapport op de pagina 'beoordelen inkooporder' verschijnt niet altijd zoals gewenst / verwacht: - Wanneer vanuit een inkoopaanvraag automatisch de inkooporder wordt gegenereerd, start bij ons direct de beoordeling van de inkooporder op (type dossieritem -130). Daar is de wens het rapport direct te tonen, maar dit lijkt niet mogelijk (behalve door te klikken op 'afdrukken'). Alleen als hij al verstuurd is wordt hij in dossier gezet. - Wanneer een aanpassing wordt gemaakt op de inkooporder, en deze wordt niet opnieuw automatisch verstuurd, toont het rapport nog de oude bedragen. Die bijlage, verschil rapport vs. wat er op de pagina van insite staat. De vraag is dus, op welk moment er een print wordt gemaakt die we kunnen tonen, en op welke manier ik dit moment evt dus zelf kan beïnvloeden. Aanvullende details: - Kun je verduidelijken of het rapport altijd handmatig moet worden afgedrukt, zelfs na automatische generatie? - Het rapport wordt na verzending wel automatisch gegenereerd - Is er een specifieke reden waarom de aanpassingen niet automatisch in het dossieritem verwerkt worden? - Nee - Welke stappen doorloop je precies om dit probleem te reproduceren en kun je deze beschrijven met behulp van screenshots of details uit InSite? - Ik heb de inkooporder ook aangemaakt via de boekingslayout, met de intselling 'order in dossier opslaan' op 'vraag stellen' en 'altijd'. Maar dit resulteerde ook niet in een printje in het dossier. Overigens is dit maar soms aan de hand, meestal wordt de order direct aangemaakt vanuit de inkoopaanvraag, of via het bestelvoorstel."
HRM,Nieuwe looncomponenten in cao Horeca verkeerd gejournaliseerd onder pensioenpremies.,"Probleembeschrijving: Onlangs is er door AFAS een nieuw looncomponent uitgeleverd in cao Horeca. Premie HOP (133.014.008) en Premie HOP afdracht (133.014.009). Deze is bijzonder gegroepeerd (Pensioen en verzekeringen), terwijl dit onder ontwikkeling/loopbaan zou moeten vallen, daar is alleen geen categorie voor. Wat meer zorgwekkend is is dat deze verkeerd gejournaliseerd wordt. Hij is gejournaliseerd uitgeleverd en gelijk in de loonjournaalstructuur opgenomen onder pensioenpremies, maar dit is helemaal niet logisch en onjuist. Normaliter moeten wij zelf journaalstructuur inrichten bij uitgeleverde looncomponenten, maar deze keer is het al gelijk zo uitgeleverd. De vraag is, is het uitleveren van gejounaliseerde en voor gedefinieerde journaalstructuur een nieuwe werkvorm of is dit een incident? Aanvullende details: - Kun je bevestigen of dit gedrag consistent voorkomt bij alle omgevingen waar deze cao wordt gebruikt? - Nee, ik heb maar 1 omgeving waar dit gebruikt wordt. - Kun je aangeven welke aanpassingen je precies verwacht in de journalisering? Bijvoorbeeld welke grootboekrekeningen hiervoor gebruikt moeten worden? - Ik zou liever hebben dat de journaalstructuur niet compleet is en dat wij dit zelf dienen in te richten. - Is er documentatie of een specifieke richtlijn beschikbaar waarin staat hoe deze looncomponenten zouden moeten worden gejournaliseerd? - Zover ik weet niet, dit is aan de klant"
HRM,Tegel Profit testomgeving niet zichtbaar na inloggen in AFAS.,"Probleembeschrijving: Op de beginpagina, nadat ik ingelogd heb in AFAS, zie ik de tegel Profit testomgeving niet meer. Aanvullende details: - Sinds wanneer zie je de tegel Profit testomgeving niet meer? - Sinds afgelopen vrijdag 2-5-2025 - Heb je recent wijzigingen aangebracht in de instellingen of rechten? - Nee - Speelt dit probleem alleen bij jouw account of ook bij andere gebruikers? - Ja, dit speelt alleen bij mijn account."
HRM,Toegang tot tegels profit en insite ontbreekt voor een specifieke gebruiker.,"Probleembeschrijving: Mijn collega krijgt niet meer de tegels profit en insite te zien. alleen de tegel profit test. ik heb de rechten vergeleken met die ik zelf heb, maar zie geen verschil in wat de oorzaak zou kunnen zijn. Aanvullende details: - Kun je aangeven of de collega eerder wel toegang had tot deze tegels? - ja - Is er recent iets gewijzigd in de rechten, rollen of instellingen van deze gebruiker? - we zien in het logboek dan Jan iets gedaan heeft op de consultancy dag. en ik heb al wel op de stamkaart de status weer naar indienst gezet bij janine. - Speelt dit probleem bij meerdere gebruikers of alleen bij deze specifieke collega? - nee"
HRM,[Signaal] De bestemming is niet mogelijk bij organisatie/persoon,"Probleembeschrijving: In het signaal: Starten WF 145] SKB - arbeidsongeschiktheidsverzerkering Robidus/Loyalis - nieuw . Krijgen we de volgende foutmelding. De bestemming Medewerker is niet mogelijk bij organisatie/persoon. Echter kan ik deze persoon nergens vinden. Aanvullende details: - Kun je aangeven welke stappen je hebt doorlopen voordat de foutmelding verscheen? - Signaal geeft foutmelding - Speelt dit probleem bij meerdere medewerkers of alleen bij deze specifieke persoon? - Alleen bij deze - Kun je meer details geven over de medewerker, zoals een naam of ID, zodat we kunnen helpen zoeken? - 21098"
ERP,[Weegave] Debiteurnaam ontbreekt bij grootboekkaart '8010 Omzet projecten' na toevoegen Deb./Cred. nummer.,"Probleembeschrijving: Goedemiddag, Op grootboekkaart '8010 Omzet projecten' lukt het mij wel om een kolom Deb./Cred. nummer toe te voegen aan de selectie, maar de bijbehorende debiteurnaam kan ik niet vinden in de velden voor de weergave. Ik heb deze gegevens snel nodig. Kunt u me hierbij helpen? Bedankt alvast! Met vriendelijke groet, Inez de Boer Aanvullende details: - Kun je bevestigen of je de schermafbeelding hebt toegevoegd? Zo niet, kun je deze alsnog toevoegen? - Ja - Kun je aangeven welke stappen je precies hebt doorlopen om de kolom toe te voegen? - Financiële mutaties uitgebreid-Beheer weergaven. Daar heb het veld Deb./Cred. gevonden. Dit is echter een nummer, maar ik heb een naam nodig! - Heb je gecontroleerd of het veld 'Debiteurnaam' beschikbaar is in andere grootboekkaarten? - Ja"
ERP,Wijziging budgethouder instellingen van grootboekrekening naar verbijzondering en impact op processen.,"Probleembeschrijving: Goedemiddag Femke, We zijn van plan om de budgethouder instellingen op de locatie Financieel / Beheer / Instellingen administratie te wijzigen van vastleggen op grootboekrekening (G) naar vastleggen op verbijzondering (V). Op dit moment gebruiken we het veld budgethouder nog niet op een locatie. Zijn er toch plaatsen waar we rekening moeten houden met het aanpassen van deze instelling? Bijvoorbeeld procuratie van inkoopfacturen? Groet, Niels Aanvullende details: - Zijn er specifieke processen of workflows waarin het veld 'budgethouder' al actief betrokken is? - Voor zover ik kan inschatten niet behalve in de procuratie van inkoopfacturen. - Kun je bevestigen of de procuratie-instellingen voor inkoopfacturen aan budgethouders zijn gekoppeld? - Nee bij het nalopen van de workflow blijkt dat hier een andere groep is gekoppeld op de plek waar ik dit had verwacht."
ERP,Groepering detailsectie van rapport inkooporder aanpassen,"Probleembeschrijving: Er gaat iets mis in de ontvangstbonnen. Door de consultants Christianne en Julian is hier al veel aan gesleuteld en we hebben nu uiteindelijk een ontvangstbon die kijkt naar de afleverlocatie op de aanvraag en/of de afleverlocatie op de inkooporder (indien er geen aanvraag aan ten grondslag gaat). Daarnaast is er een link met de kostenplaats (voor het geval er geen afleverlocatie is gevuld). Wat ons nu opvalt is dat de ontvangsten gebundeld worden per kostenplaats. Vervolgens kijkt hij daarna pas naar de afleverlocaties en als dit voor de 1e regel A6130-2 is, komt dit ook voor de opvolgende regels als afleverlocatie op de ontvangstbon te staan. Dit, terwijl de andere 2 regels als afleverlocatie In bijgevoegd voorbeeld komt namelijk de eerste regel uit A00002848 (afleverlocatie A6130-2, OK chirurgie (CMA)) Daarna heb je A00002633 en A00002636 met afleverlocatie A6101-1 (CSA Secretariaat). Op de ontvangstbon staat nu echter voor alle 3 de regels afleverlocatie A6130-2, OK chirurgie (CMA), dat is niet juist! Je zou denken dat dit sporadisch voor komt, maar bij de CSA wordt het heel vaak op deze manier ingevuld. (kostenplaats OK, afleveradres CSA) Graag jullie hulp hoe we dit kunnen rechttrekken. Stukje rapporten is voor mij nog moeilijk. Aanvullende details: - Kun je precies aangeven welke stappen worden doorlopen om de ontvangstbon te genereren? - boeken van ontvangst via Boxwise - Is er een specifieke logica of instelling die bepaalt hoe afleverlocaties en kostenplaatsen gekoppeld worden in het systeem? - zie rapport - Hebben Christianne en Julian documentatie achtergelaten over hun aanpassingen, zodat we kunnen begrijpen wat er is gewijzigd? - Nee, helaas niet dat ik weet. (wellicht gedeeltelijk in Simplr)"
HRM,"[Onboarden] Veld '(Z) Zakelijk mailadres' blijft leeg bij starten Onboarden, ondanks standaardinstelling.","Probleembeschrijving: Goedemiddag, Wij zijn bezig met de inrichting van Onboarden. In het profiel dat wij gebruiken hebben we binnen de context aangegeven dat het mailadres voor de toegang tot Insite bij registratie workflow altijd ' (Z) Zakelijk mailadres' is. Echter als wij aanmaken onboarden starten is het veld altijd leeg en moeten we het alsnog invullen. Waardoor komt dit? Bij voorkeur hebben wij dit veld namelijk altijd gevuld en verborgen. Ik hoor het graag. Alvast bedankt! Aanvullende details: - Kun je bevestigen of het veld '(Z) Zakelijk mailadres' bij de specifieke context correct is ingesteld als standaardwaarde? - Ja; zie afbeelding 3. - Welk profiel gebruik je precies voor de inrichting van Onboarden? Is dit één die al opgenomen was in de AFAS omgeving, of een custom profiel dat jullie hebben aangemaakt? - Dit is een eigen profiel. - Heeft deze configuratie ooit naar behoren gewerkt, en zo ja, tot wanneer werkte dit nog goed? - Aan het begin van de inrichting heeft dit een paar keer gewerkt. De afgelopen weken echter niet meer."
ERP,[Padindeling] Foutmelding bij opslaan van analyse in AFAS vanuit Excel.,"Probleembeschrijving: Ik wil een analyse bewerken, maar krijg als ik deze op wil slaan in afas een foutmelding. Ik sla de analyse op de plek van waaruit ik ook de e-facturen inlees in afas. Aanvullende details: - Kun je aangeven welke stappen je precies doorloopt voordat de foutmelding verschijnt? - Ik wil de wijzigingen opslaan in profit vanuit excell - Sinds wanneer ervaar je dit probleem, en werkte het eerder wel zonder problemen? - Geen idee - Is er iets gewijzigd in de analyse of omgeving sinds het moment dat deze fout begon op te treden? - nee"
HRM,[Instantie]Einddatum pensioen kan niet aangepast worden door oude dienstverband gegevens.,"Probleembeschrijving: Ik probeer bij een medewerker de instantiegegevens van het pensioen aan te passen. Maar ik krijg een foutmelding. Ik kan de einddatum niet aanpassen. Dit is ook logisch er zit iets van het oude dienstverband in de weg waarom ik dit probleem krijg, ik denk van DV1. In de bijlage heb ik alle stappen omschreven. Geen aanvullende vragen gesteld."
HRM,"[Onboarden]Fout in onboarden workflow bij beëindigen lopend contract, blijft hangen in status.",Probleembeschrijving: Fout workflow Onboarden bij Lopend contract beëindigen. We willen medewerker Djoina Heinemann omzetten van externe medewerker naar vaste medewerker. Hier is een onboarden flow voor gestart. De workflow blijft hangen in de stap Controle lopend dienstverband beëindigd. Dit komt door de conditie 'Lopend dienstverband is beeindigd'. De waarde 'Dienstverband beëindigen uitgevoerd' kunnen we niet handmatig aanpassen. Deze medewerker kan nu dus niet in dienst gemeld worden. We hebben werkelijk alles al geprobeerd maar het lukt gewoon niet. Omdat deze medewerker al in dienst is gekomen per 1-4 hebben we nu besloten dit handmatig in Profit op te voeren. Van Oranje consultancy hebben we begrepen dat er aan de achterkant iets fout zat in de onboarden flows wat dit probleem kan veroorzaken. Dit zou door AFAS opgelost zijn half januari? Maar omdat we deze flows al hadden staan is deze oplossing bij ons niet doorgevoerd? Is daar iets van bij jullie bekend? We hebben nog twee medewerkers waar het onboarden niet verwerkt kan worden omdat de flows blijven hangen in de status Ondertekend sollicitant. Bij beide is een mutatie (handmatig) gestart voor het stopzetten van het huidige dienstverband. Hoe kunnen we oplossen dat deze flows gewoon verwerkt kunnen worden zonder dit handmatig te hoeven doen in Profit? En hoe kunnen we voorkomen dat dit in de toekomst weer gebeurt? Aanvullende details: - Kun je bevestigen of de genoemde oplossing van januari daadwerkelijk niet is doorgevoerd in jullie omgeving? - Wij weten niets van genoemde oplossing. Van AFAS hebben we geen communicatie gezien. - Welke stappen zijn precies genomen om het probleem op te lossen voordat besloten werd handmatig in Profit op te voeren? - We hebben geprobeerd de workflow handmatig door te zetten maar dat lukt niet. Het veld 'Dienstverband beëindigen uitgevoerd' kunnen we nergens aanpassen. - Zijn er specifieke foutmeldingen of logs beschikbaar die aangeven waarom de workflow blijft hangen? - Bij ons niet bekend.
ERP,[Saldi] Analyse van grootboekrekeningen #7400 en #7410 voor onverklaard saldo.,"Probleembeschrijving: In onze administratie horen grootboekrekeningen #7400 en #7410 tegen elkaar weg te lopen, dit gebeurd echter niet. - #7400 betreft de boekingen van inkoopfacturen op project - #7410 betreft de overboeking naar het onderhandenwerk daarvan. Per eind periode 4 staat er een saldo van maar liefst 744k op deze 2 rekeningen! Ik heb geprobeerd om de mutaties tegen elkaar weg te strepen en vermoed dat het saldo ontstaat doordat er inkoopfacturen met bewakingscode 01-arbeid geboekt zijn. Uit de implementatie herinner ik me dat Afas dat niet toestaat (alleen arbeid via prestatiebon of urenregistratie). Een andere oorzaak is ook mogelijk, maar het is wel zaak om dit probleem op te lossen voor het verschil nog veel groter wordt. Het is ondoenlijk om het verschil handmatig te analyseren. Is het mogelijk om hier door Afas een analyse op los te laten? Ik zou graag weten welke factuurregels wel op #7400 zijn geboekt, maar niet via #7410 zijn doorgeboekt naar het OHW. Hiervan zou ik tevens graag inzichtelijk hebben welk project en bewakingscode daarbij hoort, zodat we deze posten alsnog kunnen corrigeren. En uiteraard kunnen voorkomen dat het probleem zich blijft voordoen. Kunnen jullie ons daarbij helpen? Aanvullende details: - Kun je bevestigen of de bewakingscode 01-arbeid inderdaad gebruikt is bij deze boekingen? - nee - Zijn er specifieke periodes waarin dit probleem zich voordoet, naast periode 4? - nee, allemaal - Heb je al een overzicht van alle mutaties op grootboekrekeningen #7400 en #7410 die niet overeenkomen? Zo ja, kun je dat delen als bijlage voor verdere analyse? - zie bijgaand"
HRM,"[Loonstrook] Afdrukken loonstrook geeft de foutmelding: ""Pipe is broken."".","Probleembeschrijving: Heropening foutmelding Pipe is broken: 2312122. Wij hebben in de maand april op nieuw deze melding gehad en ook bij deze melding waren de loonstroken niet gegeneerd. Het is door de actie opnieuw handmatig genereren opgelost, maar kunnen jullie aangeven wanneer dit probleem wordt opgelost? Aanvullende details: - Kun je aangeven of er specifieke stappen of processen zijn uitgevoerd voordat de foutmelding 'Pipe is broken' verscheen? - genereren Loonstroken - Speelt dit probleem bij meerdere gebruikers of specifieke medewerkers? - alle medewerkers - Kun je de exacte foutmelding of een screenshot daarvan delen? - zie eerdere melding"
HRM,[Loonaangifte] Stagiaire melding gaat af; De aangegeven Code aard arbeidsverhouding kan niet gebruikt worden bij de soort inkomstenverhouding 11 (Ambtenaar).,"Probleembeschrijving: Een foutmelding van belastingdienst van aangifte febr. 2025, foutmelding L2203. Het gaat om werknemer die regulier 1e contact heeft en tijdelijk een 2e dienstverband heeft als stagiair. Het 2e dienstverband (febr-mrt 2025) heb ik middels een nevendienstverband aangemaakt. Volgens mij heb ik de fout gevonden, zie bijlage. Klopt het dat ik bij het 2e dienstverband bij ""Afwijking instantie per DV"" bij ""soort inkomsterverhouding "" dan 15 i.p.v. 11 moet invoeren. Bij ""aard arbeidsverhouding"" lijkt mij ""stagiair (7)"" correct. Aanvullende details: - Kun je bevestigen of de bijlage de volledige foutmelding en context bevat? - ja - Is het stamnummer van het looncomponent voor het 2e dienstverband beschikbaar? - ja - Kun je aangeven of de wijziging naar soort inkomstenverhouding 15 het probleem oplost? - Hierop wil ik graag een check"
ERP,"[Wens] Inkoopaanvraag voor dezelfde zzp'er met verschillende tarieven en projecten geeft foutmelding: 'Deze inkooporderregel overlapt met inkoopordernummer 00009, volgnummer 1 en mag niet aangemaakt worden.'","Probleembeschrijving: Wij zijn op dit moment de functionaliteit voor inhuur derden aan het testen om te kijken of we dit kunnen gebruiken voor de zzp'ers die wij inzetten bij onze opdrachtgevers. zzp'ers kunnen bij ons op meerdere verschillende projecten tegelijk actief zijn, tegen verschillende tarieven. Nu probeer ik voor dezelfde zzp'er een inkoopaanvraag aan te maken (inkoopaanvraag 1 = gekoppeld aan project 1, met zzp'er x tegen een tarief voor gewerkte uren van 100 euro, en inkoopaanvraag 2 = gekoppeld aan project 2, met zzp'er x tegen een tarief voor gewerkte uren van 125 euro), maar dan krijg ik een melding 'Deze inkooporderregel overlapt met inkoopordernummer 00009, volgnummer 1 en mag niet aangemaakt worden. Wijzig de persoon en/of datum vanaf en/of datum tot en met en/of itemcode.'. Is het niet mogelijk om voor een en dezelfde zzp'er meerdere overlappende inkoopaanvragen aan te maken voor dezelfde periode en werksoort, die wel aan verschillende projecten gekoppeld zijn? Aanvullende details: - Speelt dit probleem specifiek bij meerdere projecten of onder specifieke voorwaarden? - zie beschrijving/bijlagen - Kan je de volledige instellingen/configuratie van de betrokken projecten/items delen? - zie beschrijving/bijlagen - Welke stappen heb je tot nu toe ondernomen om deze melding te analyseren of op te lossen? - zie beschrijving/bijlagen"
ERP,"[Wens] Inkoopaanvraag voor dezelfde zzp'er met verschillende tarieven en projecten geeft foutmelding: 'Deze inkooporderregel overlapt met inkoopordernummer 00009, volgnummer 1 en mag niet aangemaakt worden.'","Probleembeschrijving: Wij zijn op dit moment de functionaliteit voor inhuur derden aan het testen om te kijken of we dit kunnen gebruiken voor de zzp'ers die wij inzetten bij onze opdrachtgevers. zzp'ers kunnen bij ons op meerdere verschillende projecten tegelijk actief zijn, tegen verschillende tarieven. Nu probeer ik voor dezelfde zzp'er een inkoopaanvraag aan te maken (inkoopaanvraag 1 = gekoppeld aan project 1, met zzp'er x tegen een tarief voor gewerkte uren van 100 euro, en inkoopaanvraag 2 = gekoppeld aan project 2, met zzp'er x tegen een tarief voor gewerkte uren van 125 euro), maar dan krijg ik een melding 'Deze inkooporderregel overlapt met inkoopordernummer 00009, volgnummer 1 en mag niet aangemaakt worden. Wijzig de persoon en/of datum vanaf en/of datum tot en met en/of itemcode.'. Is het niet mogelijk om voor een en dezelfde zzp'er meerdere overlappende inkoopaanvragen aan te maken voor dezelfde periode en werksoort, die wel aan verschillende projecten gekoppeld zijn? Aanvullende details: - Speelt dit probleem specifiek bij meerdere projecten of onder specifieke voorwaarden? - zie beschrijving/bijlagen - Kan je de volledige instellingen/configuratie van de betrokken projecten/items delen? - zie beschrijving/bijlagen - Welke stappen heb je tot nu toe ondernomen om deze melding te analyseren of op te lossen? - zie beschrijving/bijlagen"
ERP,[Abonnement | Verkoopfactuur] BTW wordt berekend voor Belgische klant ondanks juiste instellingen.,"Probleembeschrijving: BTW wordt berekend, ondanks juiste instellingen lijkt het. Bij een belgische klant, wordt de btw alsnog berekend, terwijl ingesteld is dat het een belgische klant is met bijbehorend btw-tarief Aanvullende details: - Kun je precies aangeven welke instellingen je hebt gecontroleerd en wat deze momenteel zijn? - btw-plicht klant en - Welke stappen doorloop je om de factuur of transactie aan te maken waar de BTW wordt berekend? - de juiste instellingen gedaan en gecheckt - Is het probleem reproduceerbaar bij andere Belgische klanten met dezelfde instellingen? - nee"
HRM,"[Onboarden] Onboarden workflow niet direct doorgezet na afhandeling loonheffing, vertraagd. | Conditoneel via geplande taak","Probleembeschrijving: Wij maken gebruik van de nieuwe Onboarden functionaliteit. De taak voor het ondertekenen van de loonheffingsverklaring wordt opgestart via het Draaiboek. In de workflow zit de conditie 'Compleet verplichte draaiboekitem', de standaard van AFAS. De geplande taak Workflowtaken conditioneel afhandelen staat op Type planning: eerder uur. Naar mijn idee zou dan elk uur gekeken moeten worden of de Onboarden workflow doorgezet kan worden. Wij merken dat dit niet altijd zo is. Ik heb een voorbeeld. De medewerker heeft op 6-5-2025 om 10:05 de taak voor de Loonheffing afgehandeld. Zie screenshot. Ik zou dan verwachten dat de geplande taak van 11.00 deze taak doorgezet. Echter gebeurd dit pas op 07-05-2025 om 00:10 Zie screenshots Aanvullende details: - Kun je bevestigen of de geplande taak 'Workflowtaken conditioneel afhandelen' daadwerkelijk elk uur wordt uitgevoerd zoals ingesteld? - Ja, dit kan ik bevestigen. Deze word afgehandeld zonder fouten. - Kun je de instellingen van de geplande taak 'Workflowtaken conditioneel afhandelen' delen? - Ja dat kan ik - Kun je bevestigen of de taak 'Workflowtaken conditioneel afhandelen' correct wordt uitgevoerd op de geplande tijden? - Ja, deze worden correct uitgevoerd op de geplande tijden (ieder uur)"
ERP,"Export naar Excel opent niet automatisch, enkel opslaan venster verschijnt.","Probleembeschrijving: Wanneer je export naar Excel dan werden vroeger de Excels automatisch geopend nu krijgen we nog alleen het venster te zien waar we willen opslaan. PCC is geïnstalleerd echter iedere keer na het opstarten staat er een rood kruis bij. Als ik de settings dan opnieuw download dan werkt het wel weer maar ik wil dit niet elke keer na het opstarten doen. Dit probleem is begonnen nadat we afgestapt zij van lokale servers en offic365 business zijn gaan gebruiken. Alle user hebben gewoon een lokale PC met daarop geinstalleerde software Aanvullende details: - Kun je bevestigen of de PCC-software correct is geïnstalleerd en up-to-date? - ja - Hebben alle gebruikers hetzelfde probleem, of speelt dit alleen bij specifieke accounts? - ja - Kun je aangeven welke versie van Office 365 Business wordt gebruikt? - Microsoft 365 business Premium"
HRM,[Cao MITT] Loonschalen CAO MITT (Mode- Interieur- Tapijt- en Textielindustrie) onderhouden vanuit AFAS,"Probleembeschrijving: Een klant gaat per 01-04-2025 van Basis CAO naar CAO MITT. - Het lukt niet om de juiste loonschaal en trede op werknemers niveau - Ik krijg één bepaald looncomponent niet ingesteld Aanvullende details: - Kun je aangeven welke stappen je al hebt ondernomen om de verplichte pensioenregeling te deactiveren? - Gekeken in help.afas.nl en geen oplossing gevonden - Is er een specifieke foutmelding of probleem dat optreedt bij het aanpassen van de regeling? - n.v.t. - Wil je bevestigen of de vrijstelling voor de CAO-regeling in Profit is vastgelegd, en zo ja, hoe dit is gedaan? - n.v.t."
HRM,[Verlof] Handmatig extra verlof bijboeken en automatisch laten vervallen een jaar na toekenning,"Probleembeschrijving: Voor een aanpassing in ons verzuimbeleid willen wij medewerkers die zich een volledig kwartaal niet ziek hebben gemeld, belonen met een halve dag extra verlof (naar rato van hun dienstverband). Dit extra verlof willen we handmatig bijboeken in het verlofsaldo van de medewerker en automatisch laten vervallen exact één jaar na toekenning. Hierover heb ik een paar vragen: - Is het in AFAS mogelijk om per medewerker handmatig (naar rato van dienstverband) een halve dag verlof bij te boeken? - Kunnen we deze bijboekingen zodanig instellen dat het toegekende saldo automatisch vervalt na één jaar (dus niet aan het eind van het kalenderjaar)? - Hebben jullie advies over de best passende inrichting hiervoor binnen AFAS? Geen aanvullende vragen gesteld."
HRM,"[Licentie] Het aantal medewerkers binnen je licentie, overstijgt het aantal waarvoor je licentie bezit. Je kunt hierdoor geen nieuwe medewerker toevoegen.","Probleembeschrijving: Probleembeschrijving: We hebben een medewerker herindienst gemeld. We kunnen de workflow echter niet afhandelen, vanwege de volgende de onderstaande foutmelding. Echter, we overschrijden onze licenties niet en kunnen ondertussen ook gewoon indienstmeldingen doen. Alleen bij deze herindienst gaat het niet goed. Medewerker is al gestart maar staat nog niet in Profit, dus er is wel enige haast geboden om dit op te lossen? Betreft medewerker 166950, zie ook bijlage. We zijn naar onze licenties aan het kijken. Maar het is echt alleen deze herindienst die we niet kunnen afhandelen. Nieuwe medewerkers kunnen we gewoon indienstmelden. Hoe dit op te lossen? Aanvullende details: - Kun je precies aangeven welke foutmelding je ontvangt bij het afhandelen van de workflow? - Het aantal medewerkers binnen je licentie, overstijgt het aantal waarvoor je licentie beet. Je kunt hierdoor geen nieuwe medewerker toevoegen. - Welke stappen doorloop je in de workflow voordat de foutmelding verschijnt? - Medewerker herindienst gemeld. Collega wil deze goedkeuren (afhandelen). Daarna blijft de taak hangen met de melding status wachtrij - Is er iets bijzonders aan deze herindienstmelding, zoals afwijkende gegevens of instellingen? - Nee"
ERP,[bankafschrift] Waar vind je de ingelezen periode van een bankafschrift? Zijn de cijfers de datum van de eerste mutatie?,"Probleembeschrijving: Beste, Waar kan ik na het inlezen van een bankafschrift de betreffende periode (die is ingelezen) terug zien? Zijn de 4 cijfers tussen haakjes de datum van de eerste mutatie (het eerste Nr afschrift in 2e kolom ingelezen bankbestand) ? Groet, Gerios Aanvullende details: - Kun je aangeven welke bank je gebruikt en welk bankafschrift je hebt ingelezen? - ABN Amro - Kun je aangeven welke stappen je hebt gevolgd bij het inlezen? - Alle. - Kun je aangeven in welke module je zoekt naar de ingelezen periode? - Financieel boeken bankafschrift."
HRM,[Indienst] Document 'Oproepkracht AOK FRQ' wordt niet gegenereerd bij indienstmelding.,"Probleembeschrijving: Bij het indienstprofiel ""oproepkracht"" is aangegeven onder het tabblad document dat deze bij het registreren van de workflow het document: [dossier medewerker] Oproepkracht AOK FRQ moet genereren. bij medewerker N. Leussink is wel het dossieritem 36 Nu - Arbeidsvoorwaarden (Digitaal ondertekenen) gestart maar zonder bijlage. (zie prinstcreans). Kunnen jullie achterhalen waarom het document niet gegenereerd wordt? Aanvullende details: - Kun je precies aangeven welke stappen je hebt doorlopen bij het registreren van de workflow? - Via insite Medewerker in dienst gemeld. - Is er een specifieke foutmelding of afwijking zichtbaar tijdens het proces? - Nee alleen dat er geen bijlage is toegevoegd. - Kun je een schermafbeelding of meer details van de instellingen van het indienstprofiel 'oproepkracht' delen? - ja"
ERP,Crediteur in de VS verschijnt niet in betaalvoorstel door ontbrekende BIC.,"Probleembeschrijving: Goedemorgen Dennis, Even een vraagje..... Wij hebben een crediteur in de Verenigde Staten, hiervoor zijn de gegevens ingevuld, inclusief de bankrekening. Hiervoor is geen iban, maar wel een Swiftcode. het vinkje automatisch betalen staat aangevinkt. Nu het ""probleem"", de openstaande post komt niet naar voren in ons betaalvoorstel. Via de help heb ik kunnen vinden dat als er geen BIC is ingevuld, deze niet zichtbaar wordt in het betaalvoorstel. Hoe kunnen we dit in de toekomst voorkomen? Misschien een andere keuze maken in de betaalwijze? Jij weet vast hoe dit in elkaar zit...... Bij voorbaat dank voor je reactie. gr. ingrid Aanvullende details: - Kun je bevestigen of de Swiftcode correct is ingevuld en gekoppeld aan de crediteur? - swiftcode is ingevuld, hoe koppel je deze aan de crediteur? - Welke betaalwijze wordt momenteel gebruikt voor deze crediteur? - direct via onze bank - Is het mogelijk om een schermafbeelding van de instellingen van deze crediteur te delen, zodat we dit kunnen controleren? - bijgevoegd"
ERP,[Import | Csv] Import van bestand met 1.375 regels geeft 1.048.575 regels aan.,Probleembeschrijving: Wanneer ik een bestand met 1.375 regels wil importeren dan duurt dit ontzettend lang en wordt er bij de controle import aangegeven dat er 1.048.575 regels geimporteerd worden ipv de 1.375 regels in mijn bestand. Deze import voer ik dagelijks uit en nog nooit problemen mee gehad. Ik moet dus telkens annuleren en kan nu de belangrijke dagelijkse importen niet uitvoeren. Aanvullende details: - Kun je bevestigen of het bestand dat je probeert te importeren daadwerkelijk 1.375 regels bevat? - ja - Heb je gecontroleerd of er mogelijk verborgen gegevens in het bestand staan die de regelcount beïnvloeden? - ja - Is er recent iets gewijzigd in de instellingen van de importmodule of in het formaat van het bestand? - nee
ERP,[Berichtsjabloon I Afzender] Sjabloon aanpassen van de betaalspecificatie toont geen ex-collega's naam aan.,"Probleembeschrijving: Goedemiddag, Ik wil de sjabloon aanpassen van de betaalspecificatie (er staat een afzender in, die niet meer werkzaam is bij ons). Wanneer ik het pad volg volgens jullie uitleg (=wijzigen bericht sjabloon) en ik kom bij het overzicht van de berichtsjablonen, ben ik er vanuit gegaan dat ik soort ""Betaalspecificatie"" moet hebben. Als ik verder ga, dan zie ik nergens de naam van mijn ex collega staan. Hoe kan ik dit wijzigen? Aanvullende details: - Kun je precies aangeven waar je de naam van de ex-collega ziet staan? - In de afzender - Heb je gecontroleerd of de naam mogelijk in een ander veld of sjabloon staat? - Hoe doe ik dit? - Kun je een schermafbeelding toevoegen van het sjabloon of het veld waar de naam zichtbaar is? - Zie bijlage"
ERP,Roepnaam in plaats van voornaam verzonden in cXML order via OCI-koppeling voor Manutan.,
HRM,[iFrame] [OutSite] Foutmelding bij invullen frequentie in jobalert overlay: LoginSessionGuid mismatch,"Probleembeschrijving: Goedemiddag, Ik heb een vraag gekregen van onze afdeling Marketing. Zij zijn samen met onze websitebouwer bezig met het tonen van de jobalert (gebouwd in AFAS) om die te tonen in een overlay functie op onze Werken - bij site. Helaas lopen ze er tegenaan dat er een 500 error wordt teruggegeven. Dit gebeurt als ze via de overlay de frequentie invullen, het lijkt erop dat de beveiliging van AFAS iets tegenhoudt. Voor de overlay die is gebouwd, laadt de website bouwer enkel de aangeleverde link (https://solliciteren.xpect013.nl/inschrijven-job-alert-prs/standaard) in via een iFrame. Aanvullende details: - Kun je aangeven of de foutmelding consistent optreedt, bijvoorbeeld bij elke poging om de frequentie in te vullen? - ja - Is er een specifieke wijziging geweest aan het iFrame of de link die mogelijk deze fout veroorzaakt heeft? - nee - Hebben jullie al geprobeerd dezelfde actie uit te voeren buiten de overlay (bijvoorbeeld direct via een browser)? Zo ja, wat was het resultaat? - ja, op een ander tabblad openen gaat wel goed"
ERP,"[InSite | Contractverlenging] Hoe zijn de actieknoppen ''Aanpassen'', ''Verlengen'', ''Opzeggen'' en ''Verwijderen'' te autoriseren in de Tonen pagina van de eigenschappen van het contract in InSite","Probleembeschrijving: We zijn begonnen met het werken met contracten in de module financieel en hebben vanuit een signaal ook de workflow Contractverlenging ingericht (type dossieritem -63). Bij het beoordelen van het verlengen hebben we de optie om te verlengen en op te zeggen. Maar wat moet je doen als je wilt verlengen, maar niet onder dezelfde voorwaarden (bijvoorbeeld vanwege indexatie)? Ik krijg het namelijk niet voor elkaar om een knop Aanpassen beschikbaar te krijgen. Aanvullende details: - Kun je precies aangeven welke stappen je doorloopt in de workflow? - De workflow wordt aangemaakt vanuit een signaal. De taak beoordelen contractverlenging is de eerste en enige taak in deze workflow die een kopie is van de originele Profit workflow van AFAS. - Is er een specifieke foutmelding of ontbrekende optie die verschijnt wanneer je probeert aan te passen? - Nee, geen foutmeldingen. - Hebben andere gebruikers hetzelfde probleem ervaren, of speelt dit alleen bij jou? - Ja, de contractbeheerder/verantwoordelijke die taak krijgt heeft dit ook."
ERP,"[InSite | Contractverlenging] Hoe zijn de actieknoppen ''Aanpassen'', ''Verlengen'', ''Opzeggen'' en ''Verwijderen'' te autoriseren in de Tonen pagina van de eigenschappen van het contract in InSite","Probleembeschrijving: We zijn begonnen met het werken met contracten in de module financieel en hebben vanuit een signaal ook de workflow Contractverlenging ingericht (type dossieritem -63). Bij het beoordelen van het verlengen hebben we de optie om te verlengen en op te zeggen. Maar wat moet je doen als je wilt verlengen, maar niet onder dezelfde voorwaarden (bijvoorbeeld vanwege indexatie)? Ik krijg het namelijk niet voor elkaar om een knop Aanpassen beschikbaar te krijgen. Aanvullende details: - Kun je precies aangeven welke stappen je doorloopt in de workflow? - De workflow wordt aangemaakt vanuit een signaal. De taak beoordelen contractverlenging is de eerste en enige taak in deze workflow die een kopie is van de originele Profit workflow van AFAS. - Is er een specifieke foutmelding of ontbrekende optie die verschijnt wanneer je probeert aan te passen? - Nee, geen foutmeldingen. - Hebben andere gebruikers hetzelfde probleem ervaren, of speelt dit alleen bij jou? - Ja, de contractbeheerder/verantwoordelijke die taak krijgt heeft dit ook."
ERP,[Rapport | Concepten] Verplaatste conceptregels verschijnen op het rapport concept declaraties zonder wijzigingen.,"Probleembeschrijving: Op het rapport concept declaraties staan de volgende regels “Verplaatste conceptregel”. Deze horen er niet te staan. Vorige maand speelde dit niet. Deze regels zijn ook niet zichtbaar in het concept. Is dit na een update gebeurd? Aanvullende details: - Kun je aangeven welke stappen je precies doorloopt om het rapport te bekijken? - uren/declaratie/ concepten/ rapporten( zie bijlage rapport) - Zijn er specifieke wijzigingen of updates uitgevoerd sinds vorige maand? - nee, geen wijzigingen doorgevoerd - Kun je een voorbeeld van de regels of een schermafbeelding toevoegen voor meer duidelijkheid? - zit erbij"
ERP,"Beginbalans crediteur met negatief bedrag aanmaken geeft foutmelding: ""Het beschikbare bedrag vooruitbetaald op de crediteur is ontoereikend"".","Probleembeschrijving: https://adfiadon.afasfocus.nl/duffelscleaningservicebv/a/d7a8ade6-4b31-42fd-bf0f-4c76eac42c9f/inputbgnblnsopnstndpstcrd/6c500601-b364-4dc9-ba79-4ea6f6e4003f?context=%7B%7D Voor onze cliënt Duffels Cleaning Service willen wij een beginbalans creëren voor meerdere suppleties. Wij hebben gezien dat dit op dezelfde manier moet als met de omzetbelasting van kwartaal 4. Zie bijgevoegde screenshots om te zien hoe wij het invoeren. Wij krijgen na het aanmaken van de beginbalans de melding ""Het beschikbare bedrag vooruitbetaald op de crediteur is ontoereikend"". Door deze foutmelding komt de boeking ook niet te staan op de kolommenbalans, waardoor je beginbalans dus nooit zal aansluiten. Voor de omzetbelasting kwartaal 4 krijgen wij ook dezelfde melding. Dit konden wij oplossen door eerst de betaling van kwartaal 4 te boeken op ""Vooruitbetaald"" en daarna de beginbalans in te voeren. Als je het in die volgorde deed kregen wij die foutmelding niet en kwamen de bedragen ook op de kolommenbalans te staan. Nu is dit voor de suppletie niet mogelijk, aangezien er nog niets is betaald. Dus wij kunnen ook niet eerst de betaling koppelen. Wij hebben dit voor elke administratie, maar hebben dus even als voorbeeld Duffels Cleaning Service gebruikt. Hoe moeten wij nu verder? Wij kunnen namelijk nu geen begin balansen opboeken door deze foutmelding. Aanvullende details: - Kun je precies aangeven welke stappen je volgt bij het invoeren van de beginbalans? - Zie screenshot om de ingevulde stappen te zien. - Heb je gecontroleerd of er specifieke instellingen in de administratie zijn die deze foutmelding veroorzaken? - Ja, wij hebben niets kunnen vinden. - Speelt dit probleem alleen bij Duffels Cleaning Service, of ook bij andere administraties? - Dit speelt bij alle administraties in ons pakket."
HRM,"[Algemene Ziekenhuizen (NVZ)] Stagevergoeding wordt bij iedereen toegepast of bij niemand toegepast, hoe alleen bij bepaalde medewerkers toepassen?","Probleembeschrijving: Ik probeer de stagevergoeding in gebruik te nemen maar het lukt me niet. Of de stagevergoeding wordt bij iedereen toegepast, of bij niemand. In de Help kan ik niet het juiste artikel vinden (alleen deze: https://help.afas.nl/cao/cao_28641720?query=stage), en de toelichting van de looncomponent lijkt onvoldoende. Tot op heden verlonen wij stagiaires door een vast salaris toe te passen maar de functie van de cao looncomponent (LC 353 / 135.133.003) zou natuurlijk heel fijn zijn zodat wij de vergoeding niet bij elke cao-wijziging individueel bij alle stagiaires moeten aanpassen. Ik weet niet wat ik fout doe. Ik heb de volgende stappen gedaan: - Bij CAO LC353, volgnummer 24 op ja gezet - parameter Parttime% toepassen (volgnr.2) op ja gezet - bij berekenen (volgnr.3) had ik de waarde per 1 jan.'25 op ja gezet. Met als gevolg dat alle medewerkers een stagevergoeding krijgen, die dus weer verwijderd. Daarna (dus nadat ik 'berekenen' in de cao weer uit had gezet) bij een stagiair de LC toegevoegd met datum 1 jan.'25. Maar dan gebeurt er niets. Ook hier gebeurt er alleen wat als ik bij de werkgever 'stagevergoeding berekenen' op ja zet, maar ook net als hierboven: dan wordt het bij alle medewerkers toegepast. Kun je me uitleggen wat ik fout heb gedaan, of me aan een correcte link met informatie helpen, of ajb. vr.gr.Joyce Aanvullende details: - Kun je aangeven welke instellingen je hebt toegepast bij de stagiair zelf, zoals specifieke parameters of velden die zijn ingevuld? - zie inhoud tekst - Heb je gecontroleerd of er aanvullende voorwaarden in de CAO zijn ingesteld die invloed kunnen hebben op het toepassen van de stagevergoeding? - zie inhoud tekst - Kun je een screenshot toevoegen van de instellingen bij zowel de CAO als bij een individuele medewerker waar dit speelt? - zie inhoud tekst"
ERP,"[Autorisatie | Insite] Erwin heeft alle rechten in Insite, maar ontvangt een foutmelding bij het inzien van projecten en beoordelen van facturen.",Probleembeschrijving: Zie bijgaande mail van collega Erwin. Hij zou alle rechten moeten hebben in Insite om projecten te kunnen inzien en facturen te beoordelen. Hij krijgt bijgaande foutmelding. Welke stap mis ik in het proces? Aanvullende details: - Kun je precies aangeven welke foutmelding Erwin ontvangt? - Zie bijlage - Welke rechten zijn er momenteel ingesteld voor Erwin in Insite? - voor zo ver ik kan zien alle benodigde rechten - Heb je gecontroleerd of de autorisatie-instellingen correct zijn geconfigureerd voor de betreffende functionaliteiten? - yes
HRM,[Onboarden] Inrichten van onboarding voor vrijwilligers zonder toegang tot InSite.,"Probleembeschrijving: Dag, Onze vrijwilligers hoeven geen toegang tot InSite. Hoe kan dit ingericht worden bij het onboarden? Is die mogelijkheid er? Het veld voor applicatietoegang medewerker is verplicht (keuze uit: bij registreren workflow of bij datum indienst). Zie bijlage. Alvast bedankt, Marieke Aanvullende details: - Kun je aangeven welke stappen je nu volgt bij het onboarden van vrijwilligers? - digitaal ondertekenen overeenkomst - Kun je toelichten wat er precies gebeurt als je het veld voor applicatietoegang invult? - dan krijgt diegene toegang tot insite bij indienst, maar dit willen wij niet. - Wat is de gewenste situatie voor de applicatietoegang van vrijwilligers? - Geen applicatietoegang"
ERP,[BTW] Factuurregel kan niet afgeboekt worden. Geen geldige btw-code gevonden.,"Probleembeschrijving: Bij een factuur krijg ik een regel niet afgeboekt. Hier hadden we via detailregels een artikel 901 geboekt. nu wil ik deze regel op afboeken zetten maar dan krijg ik een foutmelding zie hieronder. Als ik het artikel wijzig dan krijg ik weer een andere foutmelding zie foutmelding 2 hieronder. Wij kunnen nu deze factuur helemaal niet meer factureren. Wat kunnen we doen om dit probleem op te lossen? Mvg. Joost Vreijsen Aanvullende details: - Kun je de volledige foutmeldingen delen, inclusief 'foutmelding 2'? - gedaan - Welke stappen doorloop je precies voordat de foutmelding verschijnt? - zie tekst hierboven - Is er recent iets gewijzigd in jullie btw-instellingen of artikelinstellingen? - artikel 901 aangemaakt."
ERP,[BTW] Factuurregel kan niet afgeboekt worden. Geen geldige btw-code gevonden.,"Probleembeschrijving: Bij een factuur krijg ik een regel niet afgeboekt. Hier hadden we via detailregels een artikel 901 geboekt. nu wil ik deze regel op afboeken zetten maar dan krijg ik een foutmelding zie hieronder. Als ik het artikel wijzig dan krijg ik weer een andere foutmelding zie foutmelding 2 hieronder. Wij kunnen nu deze factuur helemaal niet meer factureren. Wat kunnen we doen om dit probleem op te lossen? Mvg. Joost Vreijsen Aanvullende details: - Kun je de volledige foutmeldingen delen, inclusief 'foutmelding 2'? - gedaan - Welke stappen doorloop je precies voordat de foutmelding verschijnt? - zie tekst hierboven - Is er recent iets gewijzigd in jullie btw-instellingen of artikelinstellingen? - artikel 901 aangemaakt."
ERP,Overzicht van digitaal ingevulde velden per leverancier en controleopties.,"Probleembeschrijving: Hi Dennis, graag zouden we een overzicht willen hebben bij welke leverancier welke velden digitaal zijn ingevuld. Of waar bv geen velden digitaal zijn ingevuld, misschien via een rapport/analyse of kan ik daar misschien een signaal voor maken. Zodat onze backoffice inkoop eenvoudig kan controleren of alle leveranciers goed zijn ingevoerd. De enige optie die ze nu hebben is door elke leverancier te openen. Ik heb via verschillende manieren geprobeerd in de weergave. En in de help gezocht, maar niet gevonden of en zo ja hoe dit goed inzichtelijk gemaakt kan worden. Alvast bedankt voor het meedenken. Heeft geen haast, kunnen we do bespreken. Aanvullende details: - Kun je precies aangeven welke velden je bedoelt met 'digitaal ingevuld'? - digitaal inkooporder, offerte - Welke stappen heb je al geprobeerd om dit inzichtelijk te maken? - weergave aanpassen. help zoeken - Wil je een rapport, een analyse of een signaal als oplossing? - maakt niet uit"
ERP,"Bodemwaarde in Profit moet kleiner zijn dan aanschafwaarde, foutmelding verschijnt.","Probleembeschrijving: Goedemorgen, In Financieel / Vaste Activa / Actief hebben wij in een administratie in de activagroep Onroerende zaken een actief opgenomen. De aanschafwaarde van dit actief is € 56.393,28. In 2023 was bij dit actief een bodemwaarde aangegeven van € 34.650,-. De balans-/boekwaarde 31-12-2023 van dit actief is € 47.163,58. Er was dus op dat moment nog ruimte voor afschrijving. Door een fiscale wijziging vanaf 2024 (zie bijgevoegde print screen van de Belastingdienst) wordt de bodemwaarde voor dit pand € 66240,-. Het is dus niet meer mogelijk om af te schrijven in 2024. Ik wil deze bodemwaarde aangeven in Profit echter geeft deze de melding. De bodemwaarde moet kleiner zijn dan de aanschafwaarde. Vervolgens heb ik nog geprobeerd om bij de restwaarde € 47.163,58 in te vullen, maar dit wordt niet geaccepteerd. Hoe dien ik het bovenstaande te verwerken in Profit? Met vriendelijke groet, Ellen Maathuis Aanvullende details: - Kun je bevestigen of de aanschafwaarde van het actief correct is ingevoerd in Profit? - Ja - Heb je geprobeerd om een andere waarde voor de bodemwaarde te testen, bijvoorbeeld net onder € 56.393,28? - Ja, ik krijg dezelfde foutmelding. - Speelt dit probleem bij meerdere activa binnen dezelfde activagroep of alleen bij deze specifieke situatie? - Op dit moment speelt alleen deze situatie in deze administratie."
ERP,"[Staartkosten] Staartkosten worden direct als resultaat gezien in projectprognose, maar zijn niet bijstelbaar.","Probleembeschrijving: Bij het gebruik van de functionaliteit staartkostenberekening worden staartkosten in de projectprognose direct als resultaat gezien, maar bijvoorbeeld de CAR-verzekering komen nog kosten op dus is geen resultaat. En staartkosten kun je ook niet bijstellen (zie mijn eerdere incident: 2347679). Dus de projectprognose klopt zo niet. Aanvullende details: - Kun je precies uitleggen wat je bedoelt met 'staartkosten worden direct als resultaat gezien' en hoe dit zich uit in de software? - nvt - Welke stappen doorloop je in de software waar je dit gedrag ziet? - nvt - Heeft het eerder anders gewerkt, en zo ja, wat is er sindsdien veranderd? - Ja voordat we gebruik maakten van de functionaliteit staartkostenberekening."
ERP,Beginbalans aanpassen lukt niet na splitsen van bankrekeningen op grootboekrekening.,"Probleembeschrijving: Ik heb een nieuwe klant waarvoor ik stukken op basis van de vorige boekhouder de beginbalans heb ingevoerd. Nu heeft mijn vrouw de bankrekeningen aangemaakt en daarbij zijn 2 bankrekeningen op hetzelfde grootboekrekeningnummer terecht gekomen. Nu heb ik om de jaarrekening te kunnen opstellen de mutaties verwijderd en een grootboekrekening aangemaakt voor de bedrijfsspaarrekening en de mutaties opnieuw geboekt. Dit is wel goed gegaan alleen het saldo dat ik op de beginbalans had ingeboekt kan ik niet verwijderen of opnieuw inboeken. Daardoor is het saldo niet juist, het beginsaldo van de spaarrekening zit nu op de bedrijfsrekening erbij. Hoe kan ik dat oplossen? Heb geprobeerd de beginbalans aan te passen maar het lukt me met geen mogelijkheid. Aanvullende details: - Kun je precies aangeven welke stappen je hebt doorlopen om de beginbalans aan te passen? - geprobeerd een nieuwe mutatie aan te maken maar dat kan niet, kunt geen 2 keer een beginsaldo opgeven. geprobeerd aan te passen maar dat lukt me ook nergens. - Heb je gecontroleerd of er nog openstaande signalen in de administratie zijn die dit probleem kunnen veroorzaken? - Ja het is gewoon fout gegaan bij de beginbalans, ik snap ook niet echt waarom je 2 bankrekeningen kan koppelen aan 1 grootboekrekening. - Sinds wanneer speelt deze situatie en is er iets gewijzigd sinds het invoeren van de beginbalans? - Het saldo van bank en spaarrekening stonden samen op 1 grootboekrekening en dat wilde ik splitsten, mutaties zijn hersteld maar beginbalans krijg ik dus niet voor elkaar"
ERP,"[Afschrift I verwerken] Bankmutaties zijn niet zichtbaar na automatische verwerking, wat gebeurt er met het verwerkte saldo?","Probleembeschrijving: Bij het verwerken van de bankmutaties zijn enkele mutaties gedurende het proces niet meer zichtbaar. Als je bankafschriften automatisch verwerkt krijgen de meeste betalingen een vinkje. Zie ook de bijgevoegde afbeelding. Als je daarna via de knop ""mutaties"" ""acties"" de journaalpost verder wil verwerken zijn de betalingen met het vinkje niet meer zichtbaar. Blijkbaar zijn ze op de achtergrond verwerkt want je kan de openstaande facturen ook niet meer vinden. Klopt dit en wat die ik dan met het verwerkte saldo? Aanvullende details: - Kun je bevestigen of de journaalposten van de verwerkte mutaties correct zijn aangemaakt? - nee - Zijn er specifieke bankrekeningnummers betrokken bij dit probleem? - nee - Kun je aangeven sinds wanneer dit probleem zich voordoet? - sinds 1 week"
ERP,"Creditfacturen verkeerd gejournaliseerd op 09-05-2025, foutmelding: ""Datum valt buiten de geselecteerde periode.""","Probleembeschrijving: Klant heeft AFAS ordermanagement, voor diverse onbetaalde debiteuren in het verleden jaar factureert klant via projectfacturen ( handmatig factureren) creditfacturen in 2024. Echter heeft hij zich vergist, te snel gedrukt en heeft de facturen gejournalisseerd op vandaag 09- 05-2025. Wij kunnen de periode en datum met wijzigen boekingen niet veranderen. Wat kunnen wij doen om dit recht te trekken en zodat de creditfacturen op de juiste periode terecht komt : periode 12/ 30-12-2024? Aanvullende details: - Kun je bevestigen of de creditfacturen al zijn verwerkt in de financiële administratie? - ja - Heb je al geprobeerd de boekingsdatum aan te passen via de optie 'Wijzigen boekingen' in de administratie? - ja - Kun je aangeven of er specifieke foutmeldingen verschijnen bij het wijzigen van de boekingsdatum? - Datum valt buiten de geselecteerde periode"
HRM,[Licentietelling] Wat voor invloed heeft het aanmaken van nieuwe werkgevers / BV's op mijn licentietelling?,"Probleembeschrijving: Beste, Ik wil 2 BV's aanmaken. Is dat mogelijk binnen de licentie? Zie bijlage. Daar staat niets over aantal BV's. Beide directeuren gaan vanuit hun eigen BV verloond worden. Dus qua aantal medewerkers gaat er niets wijzigen. Alleen het aantal BV's gaat van 3 naar 5. Ik hoor het graag. Met vriendelijke groet, Richard de Vries Aanvullende details: - Kun je bevestigen of je licentie specifieke beperkingen heeft op het aantal BV's? - ja - Kun je aangeven of je licentie-informatie volledig is weergegeven in de bijlage? - ja - Kun je bevestigen of de bijlage de licentie-informatie volledig dekt? - ja"
ERP,[export] [data timeout] Te veel tijd nodig om groot bestand van meer dan 27000 regels naar Excel te converteren. DataSet timeout: 180 seconds.,"Probleembeschrijving: we willen graag een groot bestand downloaden maar het systeem heeft te veel tijd nodig om het volledig om te zetten naar excel. we hebben dit grote bestand nodig om alle data naar onze klanten kunnen sturen en het nieuwe assortiment kunnen gaan gebruiken ik heb de foutcode toegevoegd, hoop dat jullie ons kunnen helpen. alvast bedankt, Harmen Aanvullende details: - Kun je aangeven welke module of functionaliteit in AFAS je gebruikt om het bestand te genereren? - artikel cockpit - Wat is de exacte foutmelding die verschijnt, inclusief eventuele codes en omschrijvingen? - ================================================================ at AntaDataAccess.AntaSqlClient.ExecuteWithSqlErrorHandler[T](Func`1 parFunc) in C:\Dev\profit-release\08\src\Anta\Projects\Object Projects\Anta DataAccess Object\Class Modules\AntaSqlClient.cs:line 367 at AntaDataAccess.AntaSqlClient.FGetRows(Int32 parRows) in C:\Dev\profit-release\08\src\Anta\Projects\Object Projects\Anta DataAccess Object\Class Modules\AntaSqlClient.cs:line 231 at AntaViewBuffer.ASOMain.GetData(String parEnvironment, String parSql, Int32 parRowCount) in C:\Dev\profit-release\08\src\Anta\Projects\Object Projects\Anta View Buffer Object\Class Modules\ASOMain.vb:line 104 --- End of stack trace from previous location --- at AntaViewBuffer.ASOMain.GetData(String parEnvironment, String parSql, Int32 parRowCount) in C:\Dev\profit-release\08\src\Anta\Projects\Object Projects\Anta View Buffer Object\Class Modules\ASOMain.vb:line 125 at InvokeStub_ASOMain.GetData(Object, Span`1) at System.Reflection.MethodBaseInvoker.InvokeWithFewArgs(Object obj, BindingFlags invokeAttr, Binder binder, Object[] parameters, CultureInfo culture) --- End of stack trace from previous location --- at PipeResponse<T> Afas.Profit.AssemblyLoader.PipeClient.Receive<T>(byte requestType, Func<IAntaDeserializer, T> deserializeAction, IAppObject appObject) in C:/Dev/profit-release/08/src/Anta/Projects/Cool Projects/Afas.Profit.Core/AssemblyLoader/ServerProxy/PipeClient.cs:line 135 at T Afas.Profit.AssemblyLoader.PipePool.Send<T>(byte requestType, Action<IAntaSerializer> serialize, Func<IAntaDeserializer, T> deserialize, IAppObject appObject, Guid? objectId) at object Afas.Profit.PipePoolClientProxy.InvokeMethod(string methodName, object[] arguments) in C:/Dev/profit-release/08/src/Anta/Projects/Cool Projects/Afas.Profit.Core/ServerProxy/PipePoolClientProxy.cs:line 88 at T Afas.Profit.PipePoolClientProxy.InvokeMethodWithResult<T>(string methodName, object[] arguments) in C:/Dev/profit-release/08/src/Anta/Projects/Cool Projects/Afas.Profit.Core/ServerProxy/PipePoolClientProxy.cs:line 46 at void AntaViewBuffer.Main.GetDataFromServer(ref object parReturnData, string parEnvironment, string parSql, int parRowCount, string callerMemberName) in C:/Dev/profit-release/08/src/Anta/Projects/Object Projects/Anta View Buffer Object/Class Modules/Main.vb:line 4489 at object AntaViewBuffer.Main.GetRowDataSetFirst(int parRowCount) in C:/Dev/profit-release/08/src/Anta/Projects/Object Projects/Anta View Buffer Object/Class Modules/Main.vb:line 4326 at bool Afas.Anta.OpenXml.ViewToExcelGenerator.PrepareNextSet(Main viewBufferMain, bool first, out object[,] data) in C:/Dev/profit-release/08/src/Anta/Projects/Object Projects/Anta OpenXml Object/Anta OpenXml Object/ViewToExcelGenerator.cs:line 402 ================================================================ Landmark.........: AntaViewBuffer.ASOMain.GetData [4BDF16C0] SQL VBU..........: Sp_ExecuteSql N'WITH TotalView AS ( SELECT Vw_AfasFb2051BD914D28D72ABBAFFA9AE69816C3.AfasQWFbU002, Vw_AfasFb2051BD914D28D72ABBAFFA9AE69816C3.AfasFbFuturePrice, Vw_AfasFb2051BD914D28D72ABBAFFA9AE69816C3.AfasFbFuturePriceBegin, Vw_AfasFb2051BD914D28D72ABBAFFA9AE69816C3.AfasQWFbU014, Vw_AfasFb2051BD914D28D72ABBAFFA9AE69816C3.AfasQWFbU004, Vw_AfasFb2051BD914D28D72ABBAFFA9AE69816C3.AfasFbCurrentPrice, Vw_AfasFb2051BD914D28D72ABBAFFA9AE69816C3.AfasQWFbU005, Vw_AfasFb2051BD914D28D72ABBAFFA9AE69816C3.AfasQWFbU021, Vw_AfasFb2051BD914D28D72ABBAFFA9AE69816C3.AfasQWFbU006, Vw_AfasFb2051BD914D28D72ABBAFFA9AE69816C3.AfasQWFbU011, Vw_AfasFb2051BD914D28D72ABBAFFA9AE69816C3.AfasQWFbU027, Vw_AfasFb2051BD914D28D72ABBAFFA9AE69816C3.AfasQWFbU056, Vw_AfasFb2051BD914D28D72ABBAFFA9AE69816C3.AfasQWFbU010, Vw_AfasFb2051BD914D28D72ABBAFFA9AE69816C3.AfasQWKnU049, Vw_AfasFb2051BD914D28D72ABBAFFA9AE69816C3.AfasQWKnU050, Vw_AfasFb2051BD914D28D72ABBAFFA9AE69816C3.AfasQWKnU051, Vw_AfasFb2051BD914D28D72ABBAFFA9AE69816C3.AfasQWKnU028, Vw_AfasFb2051BD914D28D72ABBAFFA9AE69816C3.AfasQWFbU016, Vw_AfasFb2051BD914D28D72ABBAFFA9AE69816C3.AfasQWFbU023, Vw_AfasFb2051BD914D28D72ABBAFFA9AE69816C3.AfasQWKnU030, Vw_AfasFb2051BD914D28D72ABBAFFA9AE69816C3.AfasQWFbU009, Vw_AfasFb2051BD914D28D72ABBAFFA9AE69816C3.AfasQWFbU042, Vw_AfasFb2051BD914D28D72ABBAFFA9AE69816C3.AfasQWFbU012, Vw_AfasFb2051BD914D28D72ABBAFFA9AE69816C3.AfasQWFbU043, Vw_AfasFb2051BD914D28D72ABBAFFA9AE69816C3.AfasQWFbU013, Vw_AfasFb2051BD914D28D72ABBAFFA9AE69816C3.AfasQWFbU044, Vw_AfasFb2051BD914D28D72ABBAFFA9AE69816C3.AfasQWFbU024, Vw_AfasFb2051BD914D28D72ABBAFFA9AE69816C3.AfasQWFbU025, Vw_AfasFb2051BD914D28D72ABBAFFA9AE69816C3.AfasQWFbU040, Vw_AfasFb2051BD914D28D72ABBAFFA9AE69816C3.AfasQWFbU026, Vw_AfasFb2051BD914D28D72ABBAFFA9AE69816C3.AfasQWFbU036, Vw_AfasFb2051BD914D28D72ABBAFFA9AE69816C3.AfasQWKnU007, Vw_AfasFb2051BD914D28D72ABBAFFA9AE69816C3.AfasQWFbU017, Vw_AfasFb2051BD914D28D72ABBAFFA9AE69816C3.AfasQWFbU018, Vw_AfasFb2051BD914D28D72ABBAFFA9AE69816C3.AfasQWFbU022, Vw_AfasFb2051BD914D28D72ABBAFFA9AE69816C3.AfasQWKnU032, Vw_AfasFb2051BD914D28D72ABBAFFA9AE69816C3.AfasQWKnU001, Vw_AfasFb2051BD914D28D72ABBAFFA9AE69816C3.AfasQWKnU015, Vw_AfasFb2051BD914D28D72ABBAFFA9AE69816C3.AfasQWFbU035, Vw_AfasFb2051BD914D28D72ABBAFFA9AE69816C3.AfasQWFbU033, Vw_AfasFb2051BD914D28D72ABBAFFA9AE69816C3.AfasQWFbU034, Vw_AfasFb2051BD914D28D72ABBAFFA9AE69816C3.AfasQWKnU008, Vw_AfasFb2051BD914D28D72ABBAFFA9AE69816C3.AfasQWKnU037, Vw_AfasFb2051BD914D28D72ABBAFFA9AE69816C3.AfasQWKnU038, Vw_AfasFb2051BD914D28D72ABBAFFA9AE69816C3.AfasQWKnU039, Vw_AfasFb2051BD914D28D72ABBAFFA9AE69816C3.AfasQWKnU029, Vw_AfasFb2051BD914D28D72ABBAFFA9AE69816C3.AfasQWFbU041, Vw_AfasFb2051BD914D28D72ABBAFFA9AE69816C3.AfasQWFbU031, Vw_AfasFb2051BD914D28D72ABBAFFA9AE69816C3.AfasQWFbU003, Vw_AfasFb2051BD914D28D72ABBAFFA9AE69816C3.AfasQWKnU019, Vw_AfasFb2051BD914D28D72ABBAFFA9AE69816C3.AfasQWKnU020, Vw_AfasFb2051BD914D28D72ABBAFFA9AE69816C3.AfasFbCurPriceVatIncl, Vw_AfasFb2051BD914D28D72ABBAFFA9AE69816C3.AfasFbStockActual, Vw_AfasFb2051BD914D28D72ABBAFFA9AE69816C3.AfasFbStockReserved, Vw_AfasFb2051BD914D28D72ABBAFFA9AE69816C3.AfasFbStockOrdered, Vw_AfasFb2051BD914D28D72ABBAFFA9AE69816C3.AfasFbStockEconomic, Vw_AfasFb2051BD914D28D72ABBAFFA9AE69816C3.AfasFbStockBackorder, Vw_AfasFb2051BD914D28D72ABBAFFA9AE69816C3.AfasFbStockBackorderRes, Vw_AfasFb2051BD914D28D72ABBAFFA9AE69816C3.AfasFbPurchasePrice, Vw_AfasFb2051BD914D28D72ABBAFFA9AE69816C3.AfasFbStandardPrice, Vw_AfasFb2051BD914D28D72ABBAFFA9AE69816C3.AfasFbStockActualRes, Vw_AfasFb2051BD914D28D72ABBAFFA9AE69816C3.AfasFbStockOrderedRes, Vw_AfasFb2051BD914D28D72ABBAFFA9AE69816C3.AfasFbConsumerPrice, Vw_AfasFb2051BD914D28D72ABBAFFA9AE69816C3.AfasQWFbFbBitVaIt, Vw_AfasFb2051BD914D28D72ABBAFFA9AE69816C3.AfasQWFbFbBitBiId, Vw_AfasFb2051BD914D28D72ABBAFFA9AE69816C3.AfasFbStockDecimals, Vw_AfasFb2051BD914D28D72ABBAFFA9AE69816C3.AfasFbStockAvailable, Vw_AfasFb2051BD914D28D72ABBAFFA9AE69816C3.AfasFbMarge, Vw_AfasFb2051BD914D28D72ABBAFFA9AE69816C3.AfasFbFutPriceVatIncl, Vw_AfasFb2051BD914D28D72ABBAFFA9AE69816C3.AfasFbFutPriceBeginIncl, Vw_AfasFb2051BD914D28D72ABBAFFA9AE69816C3.AfasFbConsumerPriceIncl, Vw_AfasFb2051BD914D28D72ABBAFFA9AE69816C3.AfasFbPurPriceCred, Vw_AfasFb2051BD914D28D72ABBAFFA9AE69816C3.AfasFbStockTransOrdered, Vw_AfasFb2051BD914D28D72ABBAFFA9AE69816C3.AfasFbStockTransReserved, Vw_AfasFb2051BD914D28D72ABBAFFA9AE69816C3.AfasFbLatestGoodsReceived, Vw_AfasFb2051BD914D28D72ABBAFFA9AE69816C3.AfasFbAmountCost, Vw_AfasFb2051BD914D28D72ABBAFFA9AE69816C3.AfasQWFbFbBitBiSt, Vw_AfasFb2051BD914D28D72ABBAFFA9AE69816C3.AfasFbActionPrice, Vw_AfasFb2051BD914D28D72ABBAFFA9AE69816C3.AfasFbActionPriceVatIncl, Vw_AfasFb2051BD914D28D72ABBAFFA9AE69816C3.AfasFbLatestPurchase, Vw_AfasFb2051BD914D28D72ABBAFFA9AE69816C3.AfasFbLatestSales, Vw_AfasFb2051BD914D28D72ABBAFFA9AE69816C3.AfasFbLatestDelivery, Vw_AfasFb2051BD914D28D72ABBAFFA9AE69816C3.AfasFbStockFree, Vw_AfasFb2051BD914D28D72ABBAFFA9AE69816C3.AfasQWFbFbBitItCd, Vw_AfasFb2051BD914D28D72ABBAFFA9AE69816C3.AfasFbQuantityAdvice, Vw_AfasFb2051BD914D28D72ABBAFFA9AE69816C3.AfasFbQuantityCallOff, Vw_AfasFb2051BD914D28D72ABBAFFA9AE69816C3.FbBitD001, Vw_AfasFb2051BD914D28D72ABBAFFA9AE69816C3.KnCtvD002, Vw_AfasFb2051BD914D28D72ABBAFFA9AE69816C3.KnCtvD003, Vw_AfasFb2051BD914D28D72ABBAFFA9AE69816C3.KnCtvD004, Vw_AfasFb2051BD914D28D72ABBAFFA9AE69816C3.KnCtvD005, Vw_AfasFb2051BD914D28D72ABBAFFA9AE69816C3.KnCtvD006, Vw_AfasFb2051BD914D28D72ABBAFFA9AE69816C3.KnCtvD007, Vw_AfasFb2051BD914D28D72ABBAFFA9AE69816C3.KnCtvD008, Vw_AfasFb2051BD914D28D72ABBAFFA9AE69816C3.KnCtvD009, Vw_AfasFb2051BD914D28D72ABBAFFA9AE69816C3.KnCtvD010, Vw_AfasFb2051BD914D28D72ABBAFFA9AE69816C3.KnCtvD011, Vw_AfasFb2051BD914D28D72ABBAFFA9AE69816C3.KnCtvD012 ,ROW_NUMBER() OVER (ORDER BY Vw_AfasFb2051BD914D28D72ABBAFFA9AE69816C3.AfasQWFbU002) AS AntaRowNumber FROM Vw_AfasFb2051BD914D28D72ABBAFFA9AE69816C3 WHERE ( (((Vw_AfasFb2051BD914D28D72ABBAFFA9AE69816C3.AfasFbFuturePriceBegin >= ''20250101 00:00:00'' AND Vw_AfasFb2051BD914D28D72ABBAFFA9AE69816C3.AfasFbFuturePriceBegin <= ''20251231 00:00:00''))) ) AND ( (Vw_AfasFb2051BD914D28D72ABBAFFA9AE69816C3.AfasQWFbU003 <> @Vw_AfasFb2051BD914D28D72ABBAFFA9AE69816C3#AfasQWFbU003#1#0) ) ) SELECT  FROM TotalView WHERE AntaRowNumber >= @RowNumberStart AND AntaRowNumber <= @RowNumberEnd ORDER BY AntaRowNumber ;' ,N'@RowNumberStart BIGINT,@RowNumberEnd BIGINT,@Vw_AfasFb2051BD914D28D72ABBAFFA9AE69816C3#AfasQWFbU003#1#0 CHAR(1)' ,@RowNumberStart=1,@RowNumberEnd=2147483647,@Vw_AfasFb2051BD914D28D72ABBAFFA9AE69816C3#AfasQWFbU003#1#0='1'; ----------------- DataSet timeout..: 180 seconds ================================================================ Version..........: 2.9.1400.8 EnvironmentId....: O82599AA UserId...........: 82599.harmen AppMode..........: 0 Time.............: 09-05-2025 16:21:43.696 +02:00 Session..........: AFAS\82599.harmen on AFAS\XENAPPP27086$ UnitId...........: 3 MemberId.........: 82599 MemberNumber.....: 82599 - Hoe groot is het bestand dat je probeert te downloaden (bijvoorbeeld aantal regels of MB)? - meer dan 27000 regels"
ERP,"[Verkeerde boeking] Wijzigen van verkeerd geboekte creditnota in kostenboek, saldo is +€ 30.000,= in plaats van € 0,=.","Probleembeschrijving: Ik heb een creditnota verkeerd geboekt (debet ipv credit) via kostenboek (want geen goederen maar een provisie) De betaling (gelden van crediteur) is ontvangen en het dagafschrift is verwerkt. Hoe kan ik de kostennota (credit nota) nu wijzigen? Ik zou verwachten dat ik de journaalpost zou kunnen wijzigen van debet naar credit maar dat gaat niet Er is nu namelijk een een Openstaand saldo van +€. 30.000,= ipv €. 0,= Creditnota via kostenboek - €. 15.000,= en ontvangst betaling via bank van €. 15.000, = zou NUL moeten zijn Aanvullende details: - Kun je aangeven in welk scherm of menu je de creditnota hebt geboekt? - e-factuur - kostenboek - Heb je geprobeerd een correctieboeking te maken om het saldo recht te trekken? - nee, bedrag is al ontvangen via vbank - Speelt dit probleem bij meerdere boekingen of alleen deze specifieke situatie? - Uitsluitend kostenboek en Crediteurenkaart"
HRM,[Signaal] Uitvoeren signaal | De ingevulde waarde voor veld 'Organisatie/persoon' bestaat niet. Gebruik het zoekvenster om een waarde te selecteren,"Probleembeschrijving: Ik krijg een foutmelding bij het versturen van een signaal. Ik heb de foutmelding hieronder toegevoegd. Hij geeft een melding op organisatie/persoon, maar in het filter heb ik het personeelsnummer van de medewerker opgenomen. Ook als de personeelsnummers via het zoekscherm selecteer krijg ik deze melding. Terwijl het resultaat van het filter en het proefsignaal kloppen. Aanvullende details: - Kun je precies aangeven welke stappen je doorloopt voordat de foutmelding verschijnt? - Ik heb personeelsnummer geselecteerd in het signaal. Ik ga het signaal uitvoeren en dan krijg ik deze melding - Speelt dit probleem bij meerdere medewerkers of alleen bij één specifieke medewerker? - Bij meerdere medewerkers - Kun je de volledige foutmelding delen, inclusief alle details? - Ik heb een printscreen bijgevoegd"
ERP,Afschrijving van vaste activa tijdelijk stopzetten in de vaste activa module.,Probleembeschrijving: Ik heb een aantal vaste activa waarvan ik de afschrijving tijdelijk wil stopzetten. Hoe kan ik dat doen? Aanvullende details: - Kun je aangeven in welk scherm je je bevindt en welke stappen je hebt doorlopen? - Vaste activa module - Zijn er specifieke activa waarvan je de afschrijving wilt stopzetten? - ja - Kun je aangeven welke periode je wilt stopzetten? - nee
ERP,[projecten] Samenstellingsartikel (explosie) kan niet geselecteerd worden in voorcalculatie.,"Probleembeschrijving: Hallo, Op insite kunnen wij op dit moment forecase met voorcalculaties/offertes maken. In het gedeelte van de voorcalculatie kunnen wij alleen geen samenstellingsartikel(explosie) selecteren. Het type samenstelling kunnen wij wel selecteren. Maar als we dan naar de artikelen gaan zoeken op code b.v. dan blijft dit leeg. Standaard type artikelen functioneren wel naar behoren. M.v.g. Sven Duteweerd Aanvullende details: - Kun je aangeven of dit probleem zich voordoet bij alle gebruikers of slechts bij een specifieke gebruiker? - Alle gebruikers - Sinds wanneer speelt dit probleem precies? - Sins het begin - Hebben er recent wijzigingen plaatsgevonden in de instellingen van InSite of in de artikelgegevens? - Niet wat van toepassing zou moeten zijn op dit probleem"
ERP,"[wens[ Navigeren tussen rapporten sluit niet correct af, gaat terug naar afbeelding 1.","Probleembeschrijving: Hoi, Wij vinden dat de scherm rapporten een scherm teveel terug gaat. 1. Wij openen afbeelding 1. Rapporten 2. Afbeelding 2 opent. Openstaande posten debiteuren. 3. afbeelding 3 opent. Lijst openstaande posten in pdf. 4. Afbeelding 1 opent weer als wij afbeelding 3 sluiten openstaande posten sluiten. Wij zouden graag na afsluiten van punt 4 naar afbeelding 2 willen gaan waar wij de debiteurnummer in hoeven te vullen. Dit zelfde stappen gelden ook bij crediteuren. Geen aanvullende vragen gesteld."
HRM,[Familie] Aanpassen van de workflow om extra opties voor contactpersonen toe te voegen.,Probleembeschrijving: Ik ben bezig met het inrichten van het onboarden proces. Daarbij heb ik een draaiboektaak aangemaakt voor het aanmaken van een contactpersoon ingeval van nood. Zie afbeeldingen. Nu zie ik dat ik via de tabel alleen een partner en kind kan toevoegen. Als ik meer opties toevoeg aan deze tabel worden deze niet zichtbaar in de workflow. Een contactpersoon in geval van nood kan natuurlijk ook iemand naders zijn. Hoe kan ik dit aanpassen? Aanvullende details: - Kun je precies aangeven welke stappen je hebt doorlopen om de extra opties toe te voegen aan de tabel? - Algemeen -- vrije tabel -- familierelatie -- Opa toegevoegd. - Sinds wanneer speelt dit probleem? - vrijdag - Heb je gecontroleerd of de instellingen van de workflow correct zijn en of deze de nieuwe opties ondersteunen? - waar kan ik dit vinden?
HRM,[Verlof] Aanpassing verlofprioriteit leidt tot waarschuwing over ongewenste gevolgen voor verlofsaldi.,"Probleembeschrijving: Goedemorgen, Wij hebben verlof ingericht met samengesteld verlof voor wettelijke en bovenwettelijke vakantiedagen. Nu krijg ik van een medewerker te horen dat zijn verlof 'Vakantieuren 2024' eerder worden afgeschreven dan 'Wettelijk rechten 2025' die een kortere geldigheid hebben. Nu dacht ik de oplossing te hebben door de prioriteit van het verlof 'Wettelijk rechten 2025' te verlagen en onder het verlof 'Vakantieuren 2024' te zetten maar dan krijg ik de waarschuwing dat dit ongewenste effecten kan hebben op het verlof van medewerkers. Kunnen jullie ons adviseren of het aanpassen van de prioriteit de juiste actie is? Aanvullende details: - Kun je precies aangeven welke waarschuwing er verschijnt bij het aanpassen van de prioriteit? - Waarschuwing: Let op: deze actie kan bij onsjuist ebruik ongewenste gevolgen hebben voor de verlofsaldi van de medewerkers. Wijzigingen van prioriteit kan enige tijd duren en invloed hebben op de performance van het systeem. Melding 2 na klikken op voltooien Let op: je staat op het punt om de verlofprioriteiten te wijzigen. Nadat de verlofprioriteiten zijn ingericht kun je niet meer terug naar de situatie zonder verlofprioriteiten. Weet je zeker dat je door wilt gaan? - Hebben jullie al getest wat het effect is op een testomgeving of met een specifieke medewerker? - Nee - Wat zijn de huidige instellingen en prioriteiten voor beide verlofsoorten in Profit? Kun je hiervan schermafbeeldingen delen, inclusief tabblad Prioriteit? - Zie screenshot"
ERP,[Analyse I voorraadplanning] Overzicht toekomstige voorraad per artikel en datum/week in Excel.,"Probleembeschrijving: Goedemorgen, Is het mogelijk om een overzicht in Excel te krijgen met de toekomstige voorraad. Dit per artikel en per datum/week. We sturen naar onze salesmensen elke week een overzicht van de huidige voorraad met daarbij alle voorraad die in bestelling staan maar hierbij staan geen data van binnenkomst van deze producten. Het zou fijn zijn als er 1 bestand gemaakt kan worden waarbij op datum te zien is wanneer de nieuwe voorraad binnen gaat komen. Alvast bedankt. Aanvullende details: - Kun je aangeven welke gegevens je precies wilt opnemen in het Excel-overzicht? - Op productniveau de huidige voorraad en alle data wanneer nieuwe voorraad binnen gaat komen - Welke specifieke velden of kolommen wil je in het bestand zien? - Artikelcode, artikel, voorraad, toekomstige voorraad - Gebruik je al een specifieke module of rapportage in AFAS voor voorraadbeheer? - Nee"
ERP,"[Tellers] Foutmelding bij genereren concept factuur: autonummering lengte aangepast, maar fout blijft. De waarde 999 valt buiten de opgegeven grenzen van de reeks (001 t/m )","Probleembeschrijving: Goedemorgen, Wij krijgen een foutmelding bij het genereren van een concept factuur. Ik heb de lengte van de autonummering al aangepast naar een lengte van 10 maar de foutmelding blijft. Echt geen idee hoe ik dit oplos. Aanvullende details: - Kun je bevestigen of je de reeksinstellingen van de autonummering voor factuurnummers hebt gecontroleerd en aangepast, en wat je daar hebt ingevoerd? - Ja heb ik beschreven - Blijft de foutmelding hetzelfde nadat je de lengte van de autonummering hebt aangepast? - Ja - Kun je precies aangeven of de grenzen van de reeks correct zijn ingesteld in het systeem? - Eindwaarde is leeg"
HRM,"Jaaroverschrijdende correctie voor pensioenfonds na sluiten dienstverband, effect en consequenties?","Probleembeschrijving: Goedemorgen, wij ontvangen vanaf januari 2025 een signaal vanuit het pensioenfonds 'er is voor de inkomstenverhouding nog geen aangifte ontvangen ver het tijdvak'. De medewerker had in 2024 2 dienstverbanden. Een van de 2 dienstverbanden is per 31-12-2024 gesloten. De einddatum van dit dienstverband is verwerkt op 21-1-2025 terwijl het jaar in Afas is afgesloten per 18-1-2025. De einddatum is daarom niet meegenomen met de aangifte naar het pensioenfonds. Volgens het pensioenfonds moet ik een correctie maken. In de help lees ik dat wij dit kunnen oplossen door een jaaroverschrijdende correctie. Wat voor effect heeft dit? Raakt dit dan alle perioden in 2024? Creëert Profit dan ook een nieuwe aangifte naar de belastingdienst? Kunnen hier nog meer consequenties aanzitten? Graag hoor ik wat jullie ons adviseren. Bvd! Aanvullende details: - Kun je bevestigen of je al een jaaroverschrijdende correctie hebt uitgevoerd of dat je dit nog moet doen? - Dit moet ik nog doen als het nodig is - Kun je aangeven of je al hebt gecontroleerd of de correctie de gewenste gegevens naar het pensioenfonds zal sturen? - Nee - Kun je bevestigen of de foutmelding specifiek betrekking heeft op het gesloten dienstverband of op een ander aspect? - Alleen op het gesloten dienstverband. Zie printscreen"
HRM,[Medewerker] Onvindbare medewerkers,"Probleembeschrijving: Er zijn velden en vrije velden op InSite met een bestandskoppeling naar Medewerker. Bij Vredehof is de situatie ontstaan dat 8 medewerkers dubbel in deze lijst staan. Dit schept verwarring. De oorzaak hiervoor is onbekend. Dat zou ook geen probleem hoeven te zijn, mits de dubbele medewerkers getraceerd kunnen worden zodat dit in Profit kan worden opgelost. Echter zijn de dubbele medewerkers op geen enkele manier te traceren in Profit, waardoor dit niet opgelost kan worden. Voor de goede orde beschik ik over alle autorisaties. Ik heb de volgende stappen gevolgd: 1. Zie bijlage ""Dubbele medewerker"" met een voorbeeld van een dubbele medewerker op InSite. In totaal dus 8. De bovenste waarde is de dubbele waarde. 2. In de zoekweergave via Profit is deze medewerker ook dubbel. Tot zover traceerbaar. 3. Echter als ik onder HRM bij Medewerkers kijk kan ik op medewerkercode 127221 géén medewerker vinden. Deze medewerker is bijv. ook nooit sollicitant geweest. En ja, ik heb natuurlijk ook geblokkeerde regels zichtbaar gemaakt, ik kijk in een weergave met alle medewerkers (zonder filters) en zoals ik eerder aangaf beschik ik over alle rechten. 4. Verder heb ik in de zoekweergave het nummer van de gekoppelde organisatie/persoon toegevoegd. Ook op dit nummer (127221) kan ik níks vinden. Oftewel nu kom ik niet verder. Het lijkt erop alsof er achter de schermen toch een record is van deze medewerker, maar ik kan hier in Profit niks van terugvinden. Graag verneem ik waardoor dit veroorzaakt wordt en nog belangrijker, hoe dit kan worden opgelost. Mogelijk komt dit vaker voor. Alvast bedankt. Met vriendelijke groet, Edwin Eeftink Aanvullende details: - Kun je bevestigen of je de bijlage 'Dubbele medewerker.png' hebt toegevoegd? - Ja - Kun je aangeven of de dubbele medewerkers in de zoekweergave in Profit exact dezelfde gegevens hebben? - Ja, de zoekweergave heeft exact dezelfde gegevens als de getoonde gegevens op InSite. - Kun je aangeven of er recent wijzigingen in de inrichting of gegevens in Profit hebben plaatsgevonden? - Ja natuurlijk, maar niks wat de dubbele record zou kunnen verklaren."
HRM,"Workflow bereikt hoofdverantwoordelijke niet bij vacature, hoe kan dit?","Probleembeschrijving: In de stap tekenen door leidinggevende , die verwijst naar de hoofdverantwoordelijke danwel contactpersoon van de vacature komt de workflow niet bij deze bestemming terecht. Zie ook de printscreens, de sollicatie is wel aan de vacature gekoppeld. Hoe kan dit? Aanvullende details: - Kun je precies aangeven welke instellingen in de workflow zijn geconfigureerd voor het bepalen van de bestemming? - - - Is er een specifieke foutmelding of afwijkend gedrag zichtbaar in de logs of interface? - - - Heb je gecontroleerd of de hoofdverantwoordelijke/contactpersoon correct is ingesteld bij deze vacature? - -"
HRM,Aanpassen van de volgorde van documenten in de onboarding workflow.,"Probleembeschrijving: Onze onboarding workflow kent 2 documenten, namelijk het voorstel en de arbeidsovereenkomst. In de stap voor HR om de arbeidsovereenkomst te controleren/aanvullen wordt het contractvoorstel getoond als default dat is onhandig en niet wenselijk. HOe kan ik de volgorde hiervan aanpassen? Aanvullende details: - Kun je aangeven hoe de documenten momenteel zijn geconfigureerd in de workflow? - - - Welke stappen doorloop je precies om bij dit probleem te komen? - - - Is er een specifieke volgorde waarin de documenten moeten worden weergegeven, en zo ja, wat is die gewenste volgorde? - -"
ERP,[Vervaldatum I boekstukdatum] Vervaltermijn van inkoopfactuur wordt berekend op boekingsdatum in plaats van factuurdatum.,"Probleembeschrijving: Ik zie bij een boeking van een inkoopfactuur, waarop de datum boeking een maand later staat dan de factuurdatum, dat de vervaltermijn van de factuur wordt berekend op de datum boeking en niet op de factuurdatum. Dat is volgens mij niet juist, althans niet onze bedoeling. Het komt niet heel vaak voor dat dit afwijkt, vandaar dat het mij nu pas opvalt. Hoe kan dit worden aangepast. Aanvullende details: - Kun je aangeven welke instellingen je momenteel gebruikt voor de berekening van de vervaltermijn? - ik ga er vanuit dat men het destijds heeft ingericht op basis van de factuurdatum+het aantal dagen - Sinds wanneer merk je dit gedrag op? - vandaag, aangezien ik een herinnering ontvang van een factuur van maart, welke vervallen is maar pas na 2 maanden betaald moet worden volgens AFAS - Heb je gecontroleerd of er specifieke instellingen in de betalingscondities zijn die dit gedrag veroorzaken? - de instellingen zijn naar mijn idee, zover ik weet, niet gewijzigd"
ERP,[Totalizer ] Totaliseren werkt niet op kolom aanschafwaarde in vaste activa.,"Probleembeschrijving: financieel/vaste activa/activa: totaliseren werkt niet op kolom aanschafwaarde. je wil dit vergelijken met saldo op grootboekrekening. (nu moet ik exporteren naar excel en kan ik optellen) Aanvullende details: - Kun je aangeven welke stappen je precies doorloopt om de totalisering te bekijken? - financieel/vaste activa/activa: - Sinds wanneer ervaar je dit probleem? - al langer - Heeft het eerder gewerkt, en zo ja, wat is er sindsdien veranderd in de instellingen of omgeving? - nee"
HRM,[Geplande taken] Maximaal aantal van 20 geplande taken bereikt | ophogen geplande taken,"Probleembeschrijving: Wij moeten een geplande taak toevoegen voor het inrichten van Power BI. Wij zitten echter aan het max van 20 geplande taken op dit moment en we kunnen de geplande taak van het verversen van de dashboards nog niet verwijderen nu. Graag het verzoek om meer geplande taken mogelijk te maken? Met vriendelijke groet, Marieke van der Sanden Aanvullende details: - Kun je aangeven of je een foutmelding krijgt bij het toevoegen van een nieuwe geplande taak? - ja, dat het max aantal geplande taken is bereikt. - Welke stappen volg je precies bij het proberen toe te voegen van een nieuwe geplande taak? - Standaard, via nieuw - Kun je bevestigen of er specifieke beperkingen zijn ingesteld in jullie omgeving die dit limiet van 20 taken veroorzaken? - Dat is door AFAS ingesteld."
ERP,[facturatiecockpit abonnementen] Verkoopfacturen genereren uit abonnement module mislukt door ontbrekende factuurdatum of btw-code.,"Probleembeschrijving: We proberen uit de abonnement module verkoopfacturen te genereren, deze lopen nu fout maar er zijn er 631 aangemaakt en 106 nog niet. Dit loopt fout door onderstaande foutmelding. We willen met spoed dat deze 105 of 106 (mag ook zonder de factuur die fout) eruit kunnen gaan. echter deze staan niet meer via ""abonnementen automatisch genereren"" klaar. Hoe kunnen we deze z.s.m. klaar zetten. We hebben al geprobeerd de BTW code van de klant van de foutmelding aan te passen (staat nu weer terig in oude stand) maar we weten niet hoe we het moeten aanzwengelen dat de rest doorgaat. De abonnementen module is wel bijgewerkt, alle regels hebben al een datum ""gefactureerd tot 31-05-2025) Aanvullende details: - Kun je de volledige foutmelding delen? Het lijkt erop dat deze is afgebroken. - De levering van KPN1 (KPN1) aan debiteur (10624) kan niet worden gefactureerd. De factuurdatum is niet ingevuld, of de vereiste btw-code is niet ingericht. Voeg een btw-code toe met de volgende gegevens: - Land: NL - Inkoop / verkoop: Verkoop - Btw-plicht: Verkopen binnen EU (3) - Land tarief: NL - Diensten berekening: Ja ================================================================ Description....: General message: De levering van KPN1 (KPN1) aan debiteur (10624) kan niet worden gefactureerd. De factuurdatum is niet ingevuld, of de vereiste btw-code is niet ingericht. Voeg een btw-code toe met de volgende gegevens: - Land: NL - Inkoop / verkoop: Verkoop - Btw-plicht: Verkopen binnen EU (3) - Land tarief: NL - Diensten berekening: Ja Type...........: AntaErr.EnumeratedException HResult........: -2147180996 (0x80049e3c) Source.........: AntaErr --------------- FieldId........: VaRc --------------- FieldId........: BiId ================================================================ at void AfasFbOrderFunc.CMain.FillVatCode(Props parDetailProps, Props parMainProps) in C:/Dev/profit-release/08/src/Financial Basic/Business Components Projects/AfasFbOrderFunc/Class Modules/CMain.vb:line 2263 at AfasFbSalesOrder.CFbOrderValHelper.HandleValueValidationDetail(Prop parProperty, Props parProperties) in C:\Dev\profit-release\08\src\Financial Basic\Classes\CFbOrderValHelper.vb:line 8792 --- End of stack trace from previous location --- at AfasFbSalesOrder.CFbOrderValHelper.HandleValueValidationDetail(Prop parProperty, Props parProperties) in C:\Dev\profit-release\08\src\Financial Basic\Classes\CFbOrderValHelper.vb:line 9320 at AntaDataBuffer.Prop.set_Value(Object Value) in C:\Dev\profit-release\08\src\Anta\Projects\Object Projects\Anta Data Buffer\Prop.vb:line 673 at AfasFbSalesOrder.CFbOrderValHelper.HandleValueValidationBiId(Prop parProperty, Props parProperties) in C:\Dev\profit-release\08\src\Financial Basic\Classes\CFbOrderValHelper.vb:line 9830 at AfasFbSalesOrder.CFbOrderValHelper.HandleValueValidationDetail(Prop parProperty, Props parProperties) in C:\Dev\profit-release\08\src\Financial Basic\Classes\CFbOrderValHelper.vb:line 8069 --- End of stack trace from previous location --- at AfasFbSalesOrder.CFbOrderValHelper.HandleValueValidationDetail(Prop parProperty, Props parProperties) in C:\Dev\profit-release\08\src\Financial Basic\Classes\CFbOrderValHelper.vb:line 9320 at AntaDataBuffer.Prop.set_Value(Object Value) in C:\Dev\profit-release\08\src\Anta\Projects\Object Projects\Anta Data Buffer\Prop.vb:line 673 at AfasFbAutoInvoiceUpd.PSInvProject.CreateInvoiceLine(Props parLtiProps, Boolean parVatRefAlt) in C:\Dev\profit-release\08\src\Financial Basic\Parameter Component Projects\AfasFb AutoInvoiceUpd Param component\Class Modules\PSInvProject.vb:line 1545 at AfasFbAutoInvoiceUpd.PSInvProject.CreateInvoicesPerInvoiceGroup(Int32 parTotPos, Int32 parTotCnt, Boolean parFilterGuid, Boolean parFilterView) in C:\Dev\profit-release\08\src\Financial Basic\Parameter Component Projects\AfasFb AutoInvoiceUpd Param component\Class Modules\PSInvProject.vb:line 341 --- End of stack trace from previous location --- at AfasFbAutoInvoiceUpd.PSInvProject.CreateInvoicesPerInvoiceGroup(Int32 parTotPos, Int32 parTotCnt, Boolean parFilterGuid, Boolean parFilterView) in C:\Dev\profit-release\08\src\Financial Basic\Parameter Component Projects\AfasFb AutoInvoiceUpd Param component\Class Modules\PSInvProject.vb:line 515 at AfasFbAutoInvoiceUpd.PSInvProject.Execute(AntaObject parAntaObject) in C:\Dev\profit-release\08\src\Financial Basic\Parameter Component Projects\AfasFb AutoInvoiceUpd Param component\Class Modules\PSInvProject.vb:line 133 --- End of stack trace from previous location --- at AfasFbAutoInvoiceUpd.PSInvProject.Execute(AntaObject parAntaObject) in C:\Dev\profit-release\08\src\Financial Basic\Parameter Component Projects\AfasFb AutoInvoiceUpd Param component\Class Modules\PSInvProject.vb:line 157 at AntaComponentGateway.Client.ExecuteParam(AntaObject parAO) in C:\Dev\profit-release\08\src\Anta\Projects\Object Projects\Anta Data Buffer\ComponentGateway\Client.vb:line 60 at AfasFbAutoInvoiceUpd.PClientAutoInv.Execute_Invoices() in C:\Dev\profit-release\08\src\Financial Basic\Parameter Component Projects\AfasFb AutoInvoiceUpd Param component\Class Modules\PClientAutoInv.vb:line 283 at AfasFbAutoInvoiceUpd.PClientAutoInv.Execute() in C:\Dev\profit-release\08\src\Financial Basic\Parameter Component Projects\AfasFb AutoInvoiceUpd Param component\Class Modules\PClientAutoInv.vb:line 117 at AfasFbBatchService.JSFbServer.ExecParamComponent(IParamClient parObject, Object parArchive, Boolean parHasProgress, String parSystemId, String parParamId) in C:\Dev\profit-release\08\src\Financial Basic\Projects\AfasFbBatchService\Class Modules\JSFbServer.vb:line 410 at AfasFbBatchService.JSFbServer.ExecBatchJob(String parJobId, DataSet parDataSet, Int32 parBatchJobTypeId, Object parArchive) in C:\Dev\profit-release\08\src\Financial Basic\Projects\AfasFbBatchService\Class Modules\JSFbServer.vb:line 217 --- End of stack trace from previous location --- at AfasFbBatchService.JSFbServer.ExecBatchJob(String parJobId, DataSet parDataSet, Int32 parBatchJobTypeId, Object parArchive) in C:\Dev\profit-release\08\src\Financial Basic\Projects\AfasFbBatchService\Class Modules\JSFbServer.vb:line 358 at AfasFbBatchService.JSFbServer.ExecuteBatch(String parJobId, String parUserIdQueued) in C:\Dev\profit-release\08\src\Financial Basic\Projects\AfasFbBatchService\Class Modules\JSFbServer.vb:line 103 --- End of stack trace from previous location --- at AfasFbBatchService.JSFbServer.ExecuteBatch(String parJobId, String parUserIdQueued) in C:\Dev\profit-release\08\src\Financial Basic\Projects\AfasFbBatchService\Class Modules\JSFbServer.vb:line 130 at Afas.Profit.BatchService.Core.Common.<>c__DisplayClass3_0.<<StartJob>b__0>d.MoveNext() --- End of stack trace from previous location --- ================================================================ Landmark.......: AfasFbOrderFunc.CMain.FillVatCode [516E23A1] --------------- Landmark.......: CFbOrderValHelper.HandleValueValidationDetail [25350A2D] FieldId........: VaRc Interne value..: U Interne item...: 1536 OrderType......: 05 --------------- Landmark.......: CFbOrderValHelper.HandleValueValidationDetail [25350A2D] FieldId........: BiId Interne value..: 1536 Interne item...: 1536 OrderType......: 05 --------------- Landmark.......: AfasFbAutoInvoiceUpd.PSInvProject.CreateInvoicesPerInvoiceGroup [079A0EAA] --------------- Landmark.......: AfasFbAutoInvoiceUpd.PSInvProject.IParamServer_Execute [07980DB7] --------------- Landmark.......: AfasFbBatchService.JSFbServer.ExecBatchJob [56C82D2E] --------------- Landmark.......: AfasFbBatchService.JSFbServer.IJobServer_ExecuteBatch [6B0B16D0] ================================================================ Version........: 2.9.1400.8 EnvironmentId..: O96573AA UserId.........: 96573.SMA AppMode........: 0 Time...........: 12-05-2025 15:06:56.786 +02:00 Session........: AFAS\96573.SMA on AFAS\XENAPPP35019$ UnitId.........: 3 MemberId.......: 96573 MemberNumber...: 96573 - Kun je aangeven welke stappen je hebt doorlopen om de facturen te genereren? - we hebben de abonnementregels bijgewekt met de data die gefactureerd moet worden en we hebben in openstaande facuren gedrukt op ""automatisch genereren"" - Heb je gecontroleerd of er specifieke instellingen of beperkingen zijn bij de debiteur met foutmelding? - ja, maar weten niet hoe we deze kunnen oplossingen of deze kunnen negeren en de rest inlezen. Dan doen we deze wel handmatig"
ERP,[facturatiecockpit abonnementen] Verkoopfacturen genereren uit abonnement module mislukt door ontbrekende factuurdatum of btw-code.,"Probleembeschrijving: We proberen uit de abonnement module verkoopfacturen te genereren, deze lopen nu fout maar er zijn er 631 aangemaakt en 106 nog niet. Dit loopt fout door onderstaande foutmelding. We willen met spoed dat deze 105 of 106 (mag ook zonder de factuur die fout) eruit kunnen gaan. echter deze staan niet meer via ""abonnementen automatisch genereren"" klaar. Hoe kunnen we deze z.s.m. klaar zetten. We hebben al geprobeerd de BTW code van de klant van de foutmelding aan te passen (staat nu weer terig in oude stand) maar we weten niet hoe we het moeten aanzwengelen dat de rest doorgaat. De abonnementen module is wel bijgewerkt, alle regels hebben al een datum ""gefactureerd tot 31-05-2025) Aanvullende details: - Kun je de volledige foutmelding delen? Het lijkt erop dat deze is afgebroken. - De levering van KPN1 (KPN1) aan debiteur (10624) kan niet worden gefactureerd. De factuurdatum is niet ingevuld, of de vereiste btw-code is niet ingericht. Voeg een btw-code toe met de volgende gegevens: - Land: NL - Inkoop / verkoop: Verkoop - Btw-plicht: Verkopen binnen EU (3) - Land tarief: NL - Diensten berekening: Ja ================================================================ Description....: General message: De levering van KPN1 (KPN1) aan debiteur (10624) kan niet worden gefactureerd. De factuurdatum is niet ingevuld, of de vereiste btw-code is niet ingericht. Voeg een btw-code toe met de volgende gegevens: - Land: NL - Inkoop / verkoop: Verkoop - Btw-plicht: Verkopen binnen EU (3) - Land tarief: NL - Diensten berekening: Ja Type...........: AntaErr.EnumeratedException HResult........: -2147180996 (0x80049e3c) Source.........: AntaErr --------------- FieldId........: VaRc --------------- FieldId........: BiId ================================================================ at void AfasFbOrderFunc.CMain.FillVatCode(Props parDetailProps, Props parMainProps) in C:/Dev/profit-release/08/src/Financial Basic/Business Components Projects/AfasFbOrderFunc/Class Modules/CMain.vb:line 2263 at AfasFbSalesOrder.CFbOrderValHelper.HandleValueValidationDetail(Prop parProperty, Props parProperties) in C:\Dev\profit-release\08\src\Financial Basic\Classes\CFbOrderValHelper.vb:line 8792 --- End of stack trace from previous location --- at AfasFbSalesOrder.CFbOrderValHelper.HandleValueValidationDetail(Prop parProperty, Props parProperties) in C:\Dev\profit-release\08\src\Financial Basic\Classes\CFbOrderValHelper.vb:line 9320 at AntaDataBuffer.Prop.set_Value(Object Value) in C:\Dev\profit-release\08\src\Anta\Projects\Object Projects\Anta Data Buffer\Prop.vb:line 673 at AfasFbSalesOrder.CFbOrderValHelper.HandleValueValidationBiId(Prop parProperty, Props parProperties) in C:\Dev\profit-release\08\src\Financial Basic\Classes\CFbOrderValHelper.vb:line 9830 at AfasFbSalesOrder.CFbOrderValHelper.HandleValueValidationDetail(Prop parProperty, Props parProperties) in C:\Dev\profit-release\08\src\Financial Basic\Classes\CFbOrderValHelper.vb:line 8069 --- End of stack trace from previous location --- at AfasFbSalesOrder.CFbOrderValHelper.HandleValueValidationDetail(Prop parProperty, Props parProperties) in C:\Dev\profit-release\08\src\Financial Basic\Classes\CFbOrderValHelper.vb:line 9320 at AntaDataBuffer.Prop.set_Value(Object Value) in C:\Dev\profit-release\08\src\Anta\Projects\Object Projects\Anta Data Buffer\Prop.vb:line 673 at AfasFbAutoInvoiceUpd.PSInvProject.CreateInvoiceLine(Props parLtiProps, Boolean parVatRefAlt) in C:\Dev\profit-release\08\src\Financial Basic\Parameter Component Projects\AfasFb AutoInvoiceUpd Param component\Class Modules\PSInvProject.vb:line 1545 at AfasFbAutoInvoiceUpd.PSInvProject.CreateInvoicesPerInvoiceGroup(Int32 parTotPos, Int32 parTotCnt, Boolean parFilterGuid, Boolean parFilterView) in C:\Dev\profit-release\08\src\Financial Basic\Parameter Component Projects\AfasFb AutoInvoiceUpd Param component\Class Modules\PSInvProject.vb:line 341 --- End of stack trace from previous location --- at AfasFbAutoInvoiceUpd.PSInvProject.CreateInvoicesPerInvoiceGroup(Int32 parTotPos, Int32 parTotCnt, Boolean parFilterGuid, Boolean parFilterView) in C:\Dev\profit-release\08\src\Financial Basic\Parameter Component Projects\AfasFb AutoInvoiceUpd Param component\Class Modules\PSInvProject.vb:line 515 at AfasFbAutoInvoiceUpd.PSInvProject.Execute(AntaObject parAntaObject) in C:\Dev\profit-release\08\src\Financial Basic\Parameter Component Projects\AfasFb AutoInvoiceUpd Param component\Class Modules\PSInvProject.vb:line 133 --- End of stack trace from previous location --- at AfasFbAutoInvoiceUpd.PSInvProject.Execute(AntaObject parAntaObject) in C:\Dev\profit-release\08\src\Financial Basic\Parameter Component Projects\AfasFb AutoInvoiceUpd Param component\Class Modules\PSInvProject.vb:line 157 at AntaComponentGateway.Client.ExecuteParam(AntaObject parAO) in C:\Dev\profit-release\08\src\Anta\Projects\Object Projects\Anta Data Buffer\ComponentGateway\Client.vb:line 60 at AfasFbAutoInvoiceUpd.PClientAutoInv.Execute_Invoices() in C:\Dev\profit-release\08\src\Financial Basic\Parameter Component Projects\AfasFb AutoInvoiceUpd Param component\Class Modules\PClientAutoInv.vb:line 283 at AfasFbAutoInvoiceUpd.PClientAutoInv.Execute() in C:\Dev\profit-release\08\src\Financial Basic\Parameter Component Projects\AfasFb AutoInvoiceUpd Param component\Class Modules\PClientAutoInv.vb:line 117 at AfasFbBatchService.JSFbServer.ExecParamComponent(IParamClient parObject, Object parArchive, Boolean parHasProgress, String parSystemId, String parParamId) in C:\Dev\profit-release\08\src\Financial Basic\Projects\AfasFbBatchService\Class Modules\JSFbServer.vb:line 410 at AfasFbBatchService.JSFbServer.ExecBatchJob(String parJobId, DataSet parDataSet, Int32 parBatchJobTypeId, Object parArchive) in C:\Dev\profit-release\08\src\Financial Basic\Projects\AfasFbBatchService\Class Modules\JSFbServer.vb:line 217 --- End of stack trace from previous location --- at AfasFbBatchService.JSFbServer.ExecBatchJob(String parJobId, DataSet parDataSet, Int32 parBatchJobTypeId, Object parArchive) in C:\Dev\profit-release\08\src\Financial Basic\Projects\AfasFbBatchService\Class Modules\JSFbServer.vb:line 358 at AfasFbBatchService.JSFbServer.ExecuteBatch(String parJobId, String parUserIdQueued) in C:\Dev\profit-release\08\src\Financial Basic\Projects\AfasFbBatchService\Class Modules\JSFbServer.vb:line 103 --- End of stack trace from previous location --- at AfasFbBatchService.JSFbServer.ExecuteBatch(String parJobId, String parUserIdQueued) in C:\Dev\profit-release\08\src\Financial Basic\Projects\AfasFbBatchService\Class Modules\JSFbServer.vb:line 130 at Afas.Profit.BatchService.Core.Common.<>c__DisplayClass3_0.<<StartJob>b__0>d.MoveNext() --- End of stack trace from previous location --- ================================================================ Landmark.......: AfasFbOrderFunc.CMain.FillVatCode [516E23A1] --------------- Landmark.......: CFbOrderValHelper.HandleValueValidationDetail [25350A2D] FieldId........: VaRc Interne value..: U Interne item...: 1536 OrderType......: 05 --------------- Landmark.......: CFbOrderValHelper.HandleValueValidationDetail [25350A2D] FieldId........: BiId Interne value..: 1536 Interne item...: 1536 OrderType......: 05 --------------- Landmark.......: AfasFbAutoInvoiceUpd.PSInvProject.CreateInvoicesPerInvoiceGroup [079A0EAA] --------------- Landmark.......: AfasFbAutoInvoiceUpd.PSInvProject.IParamServer_Execute [07980DB7] --------------- Landmark.......: AfasFbBatchService.JSFbServer.ExecBatchJob [56C82D2E] --------------- Landmark.......: AfasFbBatchService.JSFbServer.IJobServer_ExecuteBatch [6B0B16D0] ================================================================ Version........: 2.9.1400.8 EnvironmentId..: O96573AA UserId.........: 96573.SMA AppMode........: 0 Time...........: 12-05-2025 15:06:56.786 +02:00 Session........: AFAS\96573.SMA on AFAS\XENAPPP35019$ UnitId.........: 3 MemberId.......: 96573 MemberNumber...: 96573 - Kun je aangeven welke stappen je hebt doorlopen om de facturen te genereren? - we hebben de abonnementregels bijgewekt met de data die gefactureerd moet worden en we hebben in openstaande facuren gedrukt op ""automatisch genereren"" - Heb je gecontroleerd of er specifieke instellingen of beperkingen zijn bij de debiteur met foutmelding? - ja, maar weten niet hoe we deze kunnen oplossingen of deze kunnen negeren en de rest inlezen. Dan doen we deze wel handmatig"
ERP,[Scan en herken] Geen tekst- of bedragveld selecteren in PDF bij e-factuur bewerking.,"Probleembeschrijving: Als ik met scan- en herken wil gaan werken, en via e-factuur een ingelezen factuur wil bewerken, kan ik in de PDF geen tekst- of bedragveld selecteren, om dan vervolgens met de rechtermuisknop het scherm te zien zoals in de bijlage rood omcirkeld. Kan hierover niets terugvinden in jullie helpteksten. Aanvullende details: - Kun je aangeven wat er wel gebeurt wanneer je probeert een veld te selecteren? - Er gebeurt letterlijk niets - Heb je de bijlage toegevoegd waarin de rode omcirkeling zichtbaar is? - Ja - Sinds wanneer speelt dit probleem of is dit de eerste keer dat je dit probeert te gebruiken? - Eerste keer dat ik het probeer te gebruiken"
ERP,Foutmelding bij inlezen doorberekeningen door niet-verwijzing naar Veld 9 (credit).,"Probleembeschrijving: Ter attentie van Dennis van Woensel Wij krijgen bij het inlezen van doorberekeningen uit SpendCloud Kas & Pas een foutmelding gekregen op 2 regels waarbij Veld 9 (credit) gevuld is. In het script wordt niet verwezen naar Veld 9 daarom werkt het niet. Ik heb in de testomgeving geprobeerd regels toe te voegen gelijk aan die van Veld_8 echter werkt dit niet. Nu opgelost door de creditbedragen in Veld 8 in te vullen met een min-teken ervoor. Kan het ook anders opgelost worden? Zie script bij geüpload bestand Aanvullende details: - Kun je precies aangeven welke foutmelding je krijgt bij het inlezen van de doorberekeningen? - Zie boven bij foutmelding - Kun je toelichten of de oplossing met het min-teken in Veld 8 functioneel voldoet aan je wensen? - ja voldoet functioneel, maar is extra handeling - Kun je uitleggen wat de gewenste situatie is voor het verwerken van deze gegevens? - Aanpassen script?"
HRM,[Onboarden] Weergave 'Te onboarden sollicitanten' en 'Onboarden workflows',"Probleembeschrijving: Goedemiddag, Op de portaalpagina onboarden zie ik 2 overzichten staan: Onboarden workflows en Te onboarden sollicitanten. Wat zijn de filters achter deze pagina's? Aanvullende details: - Kun je specificeren in welke omgeving of module van AFAS dit probleem speelt? - Nee - Weet je of de filters standaard zijn ingesteld, of dat deze aangepast kunnen worden? - Standaard - Wil je weten hoe de huidige filters werken, of ben je op zoek naar een mogelijkheid om ze aan te passen/veranderen? - Huidige"
HRM,[Onboarden] Onboarding sollicitant verschijnt niet in de weergave te onboarden sollicitanten.,"Probleembeschrijving: Ik heb op onze testomgeving onboarding een sollicitant laten solliciteren via een vacature. In de sollicitatie workflow zit een actieknop registeren onboarden. Ik verwacht dat de sollicitant daarna in de weergave te onboarden sollicitanten terecht komt. Maar dat is niet zo. Als ik een sollicitant aanklik. Dan kom ik daarna op deze pagina terecht. https://89957.insitetest.afas.online/onboarding/sollicitant-zonder-sollicitatie-stamkaart-prs?EmId=1017082&BcId=20866 Eerder werd aangegeven dat bij de profielen voor aanvullende gegevens enkel sollicitant zonder sollicitatie gekoppeld kan worden. Omdat onboarden zowel voor de sollicitant met en zonder kan. Dan zou ik verwachten dat de sollicitant ook in deze weergave komt. Of moet ze dan toch via de oude manier en de oude 'sollicitant stamkaart? Ik heb een filmpje gemaakt die mijn vraag hopelijk iets verduidelijkt. Aanvullende details: - Kun je aangeven welke stappen je precies doorloopt vanaf de sollicitatie tot aan het probleem? - Ik doorloop de hele sollicitatieworkflow. Als deze is afgerond dan wil ik de het onboarden opstarten vanaf de pagina te onboarden sollicitaten - Wordt er een specifieke foutmelding getoond of gebeurt er iets onverwachts? - Ik kan de sollicitant daar niet vinden - Heeft dit proces eerder gewerkt en zo ja, is er sindsdien iets gewijzigd in de workflow of instellingen? - Nee nieuwe inrichting van onboarden"
HRM,Unexpected agency foutmelding bij registreren onboarden,
HRM,[parameter] [hoog][laag] Premie Aof aanpassen,"Probleembeschrijving: Aof laag moet toegepast worden bij één van de drie BV's. Echter bij de aanpassing welke ik dacht dat correct was, heeft er geen verandering plaatsgevonden en wordt vooralsnog aof hoog toegepast. Ik zou het op prijs stellen wanneer er iemand met mij mee kan kijken wat ik aan zou moeten passen zodat aof laag toegepast wordt. Aanvullende details: - Kun je aangeven welke stappen je hebt doorlopen om de aanpassing te maken? - aof hoog op nee gezet - Bij welke BV speelt dit probleem precies? - Gaston Schul Facilities BV - Kun je bevestigen of de wijziging in de instellingen correct is opgeslagen? - ja"
HRM,[Rooster] Rooster wijzigen geeft de melding: Het rooster kan niet worden aangepast vanwege de volgende reden(en): Het rooster bevat meerdere roosterblokken op één dag.'.,"Probleembeschrijving: Wat betekent de melding: Het gekozen rooster kan wel worden opgeslagen, maar niet worden aangepast in InSite. Het rooster kan niet worden aangepast vanwege de volgende reden(en): - Het rooster bevat meerdere roosterblokken op één dag. Op de Help is hier eigenlijk niets over terug te vinden, en we kunnen het rooster van deze medewerker nu niet aanpassen. Aanvullende details: - Kun je aangeven welk rooster je probeert aan te passen? - Rooster van medewerker Marjon Keizers - Bevat het rooster inderdaad meerdere roosterblokken op één dag? - Geen idee - Heb je geprobeerd om de roosterblokken te combineren of aan te passen in Profit? - Ik weet niet hoe of wat dit is."
HRM,"[Vakantietoeslag] Vakantiegeld ontbreekt op loonstrook van medewerker, uurloner naar vaste medewerker","Probleembeschrijving: Medewerker welke eerder was ingericht als uurloner en inmiddels - per 1 februari - als vaste medewerkers is aangemerkt, krijgt geen vakantiegeld op zijn loonstrook te zien. Wanneer wij kijken bij de parameters, staan daar vele extra componenten die andere medewerkers niet hebben. Wij krijgen deze niet verwijderd. Zou u kunnen aangeven welke acties wij moeten ondernemen om te zorgen dat het vakantiegeld wordt uitbetaald over de maanden februari tm mei? Zou u ons zsm kunnen bellen op telefoonnummer: 088-7070734 (Ilja Arnoldus) Aanvullende details: - Kun je aangeven welke looncomponenten precies extra zichtbaar zijn bij deze medewerker? - zie afbeelding (betreft zeer veel extra looncomponenten) - Wat is het stamnummer van het looncomponent dat betrekking heeft op het vakantiegeld? - zie afbeelding (betreft zeer veel extra looncomponenten) - Heb je gecontroleerd of de medewerker correct is gekoppeld aan de juiste CAO en pensioenregeling? - ja"
ERP,Lid van gebruikersgroep SJG-FA+ kan geen facturen toevoegen aan activadossier.,"Probleembeschrijving: Een gebruiker lid van de gebruikersgroep SJG-FA+ kan ondanks de autorisatie binnen de vaste activa geen facturen toevoegen aan het activadossier van een activum ondanks dat naar mijn weten de autorisaties zijn open gezet (zie bijlage) Aanvullende details: - Kun je precies aangeven welke stappen de gebruiker doorloopt en op welk scherm dit probleem zich voordoet? - financieel-actief-een regels van een actief - tabblad dossier - Is het probleem specifiek voor deze gebruiker of speelt het bij meerdere gebruikers in dezelfde groep? - alle gebruikers binnen de groep - Kun je bevestigen of er recent wijzigingen zijn aangebracht in de autorisaties of instellingen? - ze konden het voorheen niet, dus ik heb de groep autorisaties toegevoegd welke mijn inziens nodig zijn. Echter deze voldoen niet."
HRM,[Autorisatie] Medewerker krijgt 'No data to be shown' bij contractverlenging in InSite.,"Probleembeschrijving: Goedemiddag! Bij Cordaid kunnen medewerkers in laag 7 contracten verlengen en beeindigen in InSite. Wanner onze medewerkers Esther Birhega dit probeert te doen, krijgt ze de melding 'No data to be shown'. We hebben gekeken naar het organigram en haar rollen in de autorisatietool, maar alles lijkt te zijn ingesteld zoals het zou moeten. Hebben wij iets over het hoofd gezien? Aanvullende details: - Speelt dit probleem ook bij andere medewerkers met dezelfde functies en rechten? - Nee - Kun je precies aangeven bij welke stappen of acties de melding 'No data to be shown' verschijnt? - https://81204.afasinsite.nl/ Klik op de tab Country Office Klik op Contract renewal of End of contract Bij beiden krijgt ze de melding 'No data to be shown' - Zijn de autorisatierollen van Esther Birhega exact hetzelfde als van andere medewerkers op dezelfde functie, en kun je dit bevestigen? - Ja, om contracten te kunnen verlengen moeten ze de rol 'Country Offices mutatie gebruikers' hebben. Op screenshot 4 is te zien dat zij ook in deze gebruikersgroep zit"
ERP,Foutmelding bij handmatig boeken in P1 2026: teller nog niet ingesteld.,"Probleembeschrijving: t.a.v. Dennis van Woensel, Teller boekstuk dagboek Memoriaal. Wij willen wat handmatig boeken in P1 2026 en krijgen wij foutmelding dat teller nog niet is ingesteld voor 2026? Terwijl bij tellers wel aangevinkt is Na einddatum automatisch nieuwe reeks toevoegen. Aanvullende details: - Kun je bevestigen of de optie 'Na einddatum automatisch nieuwe reeks toevoegen' correct is ingesteld voor het specifieke dagboek? - ja - Heb je gecontroleerd of de tellerreeks voor het memoriaal dagboek daadwerkelijk is aangemaakt voor 2026? - ja - Kun je aangeven welke stappen precies zijn gevolgd toen de foutmelding verscheen? - Boeken Dagboek Memo Boekjaar 2025 Periode Januari (1)"
ERP,[FiInvoice / FiEntries] Foutmelding 500 bij het ophalen van een inkoopfactuur via AFAS Connect: Object reference not set to an instance of an object.,"Probleembeschrijving: Hoi Femke, Ik probeer via AFAS Connect een xml van een inkoopfactuur in de testomgeving van Profit (BA) te krijgen, maar krijg daarbij steeds dezelfde foutmelding (500). De xml is gebaseerd op het bericht van Filelinx. De connector, de xml en de autorisaties heb ik even gecheckt, maar ik zie daar geen issues. Zou je hier eens naar willen kijken, wat het probleem is? Alvast bedankt. Mvg, Ronald Aanvullende details: - Kun je precies aangeven welke stappen je doorloopt voordat de foutmelding verschijnt? - Connector ingericht. Afas Connect xml geladen Foutmelding bij uitvoeren - Sinds wanneer speelt dit probleem, en werkte het eerder wel? - Vandaag eerste test Voorheen niet getest - Zijn er recente wijzigingen in de testomgeving of in de configuratie van AFAS Connect? - Nee, alleen de connector ingericht voor Afas connect + token toegevoegd."
ERP,"Toevoegen van BTW-codering met percentage 0,00 in SpendCloud zonder mutatie.","Probleembeschrijving: t.a.v. Dennis van Woensel mag op agenda voor maandag 18-05-2025 BTW terugvordering nu hebben wij keuze uit 1 niet terugvorderbaar en 2 Volledig ik wil hier graag toevoegen 3 BTW codering BTW-terugvorderingspercentage 0,00 en 4 BTW ProRata nu nog met BTW-terugvorderingspercentage 0,00, deze laatste nog blokkeren pas gebruiken als wij daar toe besluiten. Dit willen wij graag om vanuit SpendCloud de BTW codering mee te geven zonder dat hier een BTW mutatie (bedrag) wordt geboekt. Aanvullende details: - Kun je precies aangeven waar in het systeem deze aanpassing moet worden doorgevoerd? - Financieel/Btw/icp/inrichting/Btw-terugvordering - Welke stappen volg je momenteel om de BTW-codering te verwerken? - zie hierboven - Wat is de gewenste werking van optie 4 (BTW ProRata) als deze niet geblokkeerd is? - BTW codering juist vast leggen"
HRM,[Solliciteren] Werking actie Sollicitant en Portaltoegang bijwerken,"Probleembeschrijving: Ik ben bezig met de migratie naar de nieuwe onboarden workflow. Allemaal niet zo heel spannend qua inrichting, maar er is wel wat onduidelijkheid over de sollicatie workflow. De help zegt hierover: Maak je gebruik van de workflow Sollicitatie (-44)? Pas deze dan aan. Er zijn nieuwe speciale acties bijgekomen. Je kan gebruik maken van de speciale actie Sollicitant en portaltoegang bijwerken. Met deze actie worden de gegevens van de persoon en de sollicitant bijgewerkt op basis van de gegevens die zijn ingevuld bij de sollicitatie. Daarnaast wordt er ook portaltoegang verleend, maar er wordt nog geen mail met inloggegevens naar de sollicitant verzonden. Laat je inspireren door de twee workflows die AFAS standaard meelevert: Sollicitatie met e-mail portaltoegang (Profit) Sollicitatie zonder e-mail portaltoegang (Profit) Mijn vragen zijn de volgende: 1) In de oude sollicitatie workflow (Sollicitatie (Profit)), wordt gebruik gemaakt van de actie ""Aanmaken sollicitant"". In de nieuwe workflows wordt deze actie niet meer gebruikt, maar wordt gebruik gemaakt van de actie ""Sollicitant en portaltoegang bijwerken"". Het helpartikel over de twee nieuwe workflows geven niet aan wanneer de sollicitant wordt aangemaakt in deze nieuwe workflows. Wel staat er: Automatisch registreren. Met behulp van deze workflowactie worden de gegevens van de persoon en de sollicitant bijgewerkt op basis van de gegevens die zijn ingevuld bij de sollicitatie en wordt ook portaltoegang verleend. De workflowactie 'automatisch registreren' bestaat echter niet. Kan het zijn dat het help artikel outdated is en dat er moet staan ""Sollicitant en portaltoegang bijwerken: Met behulp van deze ....""? Als dit zo is, dan is de benaming ""Sollicitant en portaltoegang bijwerken"" een beetje vreemd. Immers: de sollicitant bestaat nog niet. Hoe kan je dan iets bijwerken? Aanvullende details: - Kun je bevestigen of je specifiek wilt weten of de actie 'Sollicitant en portaltoegang bijwerken' de sollicitant aanmaakt of alleen bijwerkt? - Ik wil weten wanneer de sollicitant wordt aangemaakt in de nieuwe workflow. - Kun je aangeven of je de nieuwe workflow al hebt getest en wat de resultaten waren? - nee - Kun je de exacte tekst of een screenshot van het helpartikel delen? - Sollicitatie onboarden met e-mail (Profit) Met de workflow Sollicitatie onboarden met e-mail ben je in staat om het sollicitatieproces volledig digitaal af te handelen. Van het uitnodigen tot aan het in dienst nemen. In deze workflow wordt ook de e-mail voor portaltoegang verzonden. Waarom welke stappen? Automatisch registreren Met behulp van deze workflowactie worden de gegevens van de persoon en de sollicitant bijgewerkt op basis van de gegevens die zijn ingevuld bij de sollicitatie en wordt ook portaltoegang verleend. E-mail portaltoegang verlenen Met deze actie wordt de e-mail portaltoegang verstuurd aan de sollicitant. Beoordelen De verantwoordelijke van de vacature beoordeelt de sollicitatie. Het verdere verloop van het in dienst/onboarden proces pak je op vanaf de stamkaart van de sollicitant."
ERP,[btw-tariefgroep] Foutmelding bij aanmaken termijn met BTW verlegd: Subquery returned more than 1 value.,"Probleembeschrijving: Bij het aanmaken van termijnen willen we een termijn aanmaken middels BTW verlegd. In een Demo omgeving kan dit gewoon, maar in omgeving van Nettenstigt krijgen we een foutmelding. Wij kunnen er niet achter komen waar de discrepantie in zit. Op de AFAS help vinden we helaas geen informatie. Bijgevoegd is de foutmelding. Alvast bedankt voor het antwoord. Aanvullende details: - Kun je de volledige foutmelding delen? Het lijkt erop dat deze is afgebroken. - Description.................: Subquery returned more than 1 value. This is not permitted when the subquery follows =, !=, <, <= , >, >= or when the subquery is used as an expression. Type........................: System.Exception HResult.....................: -2146233088 (0x80131500) Source......................: Core Microsoft SqlClient Data Provider TargetSite..................: System.Object InvokeMethod(Method, System.Object[], Boolean[], System.Reflection.BindingFlags) DeclaringType...............: Microsoft.VisualBasic.CompilerServices.Symbols+Container, Microsoft.VisualBasic.Core ProductVersion..............: 8.0.15+50c4cb9fc31c47f03eac865d7bc518af173b74b7 ---------------------------- PAR: parCommandText.........: Sp_AfasKnDetermineVATcode PAR: parCommandTimeOut......: 900 ---------------------------- FieldId.....................: VaDu_Act ---------------------------- FieldId.....................: VaDu ---------------------------- Source......................: UpdateAntaValue in C:\Dev\profit-release\08\src\Anta\Projects\Cool Projects\Afas.Profit.Forms\FormDefinitions\Editors\Properties\PropertyElement`TValue.cs:line 283 SystemId....................: Fb TableId.....................: Ins FieldId.....................: VaDu ================================================================ at Microsoft.Data.SqlClient.TdsParser.ThrowExceptionAndWarning(TdsParserStateObject stateObj, SqlCommand command, Boolean callerHasConnectionLock, Boolean asyncClose) at Microsoft.Data.SqlClient.TdsParser.TryRun(RunBehavior runBehavior, SqlCommand cmdHandler, SqlDataReader dataStream, BulkCopySimpleResultSet bulkCopyHandler, TdsParserStateObject stateObj, Boolean& dataReady) at Microsoft.Data.SqlClient.SqlDataReader.TryConsumeMetaData() at Microsoft.Data.SqlClient.SqlCommand.FinishExecuteReader(SqlDataReader ds, RunBehavior runBehavior, String resetOptionsString, Boolean isInternal, Boolean forDescribeParameterEncryption, Boolean shouldCacheForAlwaysEncrypted) at Microsoft.Data.SqlClient.SqlCommand.RunExecuteReaderTds(CommandBehavior cmdBehavior, RunBehavior runBehavior, Boolean returnStream, Boolean isAsync, Int32 timeout, Task& task, Boolean asyncWrite, Boolean inRetry, SqlDataReader ds, Boolean describeParameterEncryptionRequest) at Microsoft.Data.SqlClient.SqlCommand.RunExecuteReader(CommandBehavior cmdBehavior, RunBehavior runBehavior, Boolean returnStream, TaskCompletionSource`1 completion, Int32 timeout, Task& task, Boolean& usedCache, Boolean asyncWrite, Boolean inRetry, String method) at Microsoft.Data.SqlClient.SqlCommand.ExecuteReader(CommandBehavior behavior) at Afas.Anta.Data.Sql.SqlClient.ExecuteStoredProcedure(String commandText, Int32 commandTimeout, IReadOnlyCollection`1 parameters) in C:\Dev\profit-release\08\src\Anta\Projects\Object Projects\Anta DataAccess Object\SqlClient\SqlClient.cs:line 180 at AntaDataAccess.AntaSqlClient.ExecuteWithSqlErrorHandler[T](Func`1 parFunc) in C:\Dev\profit-release\08\src\Anta\Projects\Object Projects\Anta DataAccess Object\Class Modules\AntaSqlClient.cs:line 363 at AntaDataAccess.AntaSqlClient.ExecuteWithSqlErrorHandler[T](Func`1 parFunc, AddInfo parAddInfoCallback) in C:\Dev\profit-release\08\src\Anta\Projects\Object Projects\Anta DataAccess Object\Class Modules\AntaSqlClient.cs:line 343 at AntaDataAccess.AntaSqlClient.ExecuteStoredProcedure(String parCommandText, Int32 parCommandTimeOut, Parameters parParameters) in C:\Dev\profit-release\08\src\Anta\Projects\Object Projects\Anta DataAccess Object\Class Modules\AntaSqlClient.cs:line 290 at AfasFbOrderFunc.SKnVatFunc.DetermineVatCode(DataSet parDataSet, Int16 parUnitIdFin, String parCodePurchSales, String parTransactionCode, String parCountryIdLaw, String parVatRefCode, DateTime parDate, Boolean parCreditNotaYN, Boolean parEUService, String parItemType, String parDimAxis, String parDimCode, String parProject, Boolean parStock, String parPurCod, String parPurAccount, String& parVatCode, String& parVatClaimCode, Double& parVatPercentage, Double& parVatClaimPercentage, Double& parBcfClaimPercentage, Double& parVatCostPercentage) in C:\Dev\profit-release\08\src\Kernel\Library\Server\SKnVatFunc.vb:line 155 at AfasFbOrderFunc.ASOMain.GetVatData_ByRef(Int16 parUnitIdFin, String parCodePurchSales, String parTransactionCode, String parCountryIdLaw, String parVatRefCode, DateTime parDate, Boolean parCreditNotaYN, Boolean parEUService, String parItemType, String parDimAxis, String parDimCode, String parProject, Boolean parStock, String parPurAccount, String& parVatCode, String& parVatClaimCode, Double& parVatPercentage, Double& parVatClaimPercentage, Double& parBcfClaimPercentage, Double& parVatCostPercentage) in C:\Dev\profit-release\08\src\Financial Basic\Business Components Projects\AfasFbOrderFunc\Class Modules\ASOMain.vb:line 3986 --- End of stack trace from previous location --- at AfasFbOrderFunc.ASOMain.GetVatData_ByRef(Int16 parUnitIdFin, String parCodePurchSales, String parTransactionCode, String parCountryIdLaw, String parVatRefCode, DateTime parDate, Boolean parCreditNotaYN, Boolean parEUService, String parItemType, String parDimAxis, String parDimCode, String parProject, Boolean parStock, String parPurAccount, String& parVatCode, String& parVatClaimCode, Double& parVatPercentage, Double& parVatClaimPercentage, Double& parBcfClaimPercentage, Double& parVatCostPercentage) in C:\Dev\profit-release\08\src\Financial Basic\Business Components Projects\AfasFbOrderFunc\Class Modules\ASOMain.vb:line 3995 at AfasFbOrderFunc.ASOMain.GetVatData(Int16 parUnitIdFin, String parCodePurchSales, String parTransactionCode, String parCountryIdLaw, String parVatRefCode, DateTime parDate, Boolean parCreditNotaYN, Boolean parEUService, String parItemType, String parDimAxis, String parDimCode, String parProject, Boolean parStock, String parPurAccount, String parVatCode, String parVatClaimCode, Double parVatPercentage, Double parVatClaimPercentage, Double parBcfClaimPercentage, Double parVatCostPercentage) in C:\Dev\profit-release\08\src\Financial Basic\Business Components Projects\AfasFbOrderFunc\Class Modules\ASOMain.vb:line 4054 at InvokeStub_ASOMain.GetVatData(Object, Span`1) at System.Reflection.MethodBaseInvoker.InvokeWithManyArgs(Object obj, BindingFlags invokeAttr, Binder binder, Object[] parameters, CultureInfo culture) --- End of stack trace from previous location --- at object Microsoft.VisualBasic.CompilerServices.Symbols+Container.InvokeMethod(Method targetProcedure, object[] arguments, bool[] copyBack, BindingFlags flags) at object Microsoft.VisualBasic.CompilerServices.NewLateBinding.ObjectLateGet(object instance, Type type, string memberName, object[] arguments, string[] argumentNames, Type[] typeArguments, bool[] copyBack) at object Microsoft.VisualBasic.CompilerServices.NewLateBinding.LateGet(object Instance, Type Type, string MemberName, object[] Arguments, string[] ArgumentNames, Type[] TypeArguments, bool[] CopyBack) at void AfasFbOrderFunc.CMain.GetVatData_ByRef(object parServer, short parUnitIdFin, string parCodePurchSales, string parTransactionCode, string parCountryIdLaw, string parVatRefCode, DateTime parDate, bool parCreditNotaYN, bool parEUService, string parItemType, string parDimAxis, string parDimCode, string parProject, bool parStock, string parPurAccount, ref string parVatCode, ref string parVatClaimCode, ref double parVatPercentage, ref double parVatClaimPercentage, ref double parBcfClaimPercentage, ref double parVatCostPercentage) in C:/Dev/profit-release/08/src/Financial Basic/Business Components Projects/AfasFbOrderFunc/Class Modules/CMain.vb:line 15134 at void AfasFbOrderFunc.CMain.GetVatData(short parUnitIdFin, string parCodePurchSales, string parTransactionCode, string parCountryIdLaw, string parVatRefCode, DateTime parDate, bool parCreditNotaYN, bool parEUService, string parItemType, string parDimAxis, string parDimCode, string parProject, bool parStock, string parPurAccount, ref string parVatCode, ref string parVatClaimCode, ref double parVatPercentage, ref double parVatClaimPercentage, ref double parBcfClaimPercentage, ref double parVatCostPercentage) in C:/Dev/profit-release/08/src/Financial Basic/Business Components Projects/AfasFbOrderFunc/Class Modules/CMain.vb:line 11748 at void AfasFbInstalment.CFbInsVal.FillVatCode(Props parDetailProps) in C:/Dev/profit-release/08/src/Financial Basic/Validation Classes/CFbInsVal.vb:line 608 at void AfasFbInstalment.CFbInsVal.ValueValidation(Prop parProperty, Props parProperties, PropsPointers parPropsPointers) in C:/Dev/profit-release/08/src/Financial Basic/Validation Classes/CFbInsVal.vb:line 377 at void AntaDataBuffer.Prop.set_Value(object Value) in C:/Dev/profit-release/08/src/Anta/Projects/Object Projects/Anta Data Buffer/Prop.vb:line 673 at void AfasFbInstalment.CFbInsVal.ValueValidation(Prop parProperty, Props parProperties, PropsPointers parPropsPointers) in C:/Dev/profit-release/08/src/Financial Basic/Validation Classes/CFbInsVal.vb:line 365 at void AntaDataBuffer.Prop.set_Value(object Value) in C:/Dev/profit-release/08/src/Anta/Projects/Object Projects/Anta Data Buffer/Prop.vb:line 673 at void AntaDataBuffer.Prop.set_ANTAValue(object parData) in C:/Dev/profit-release/08/src/Anta/Projects/Object Projects/Anta Data Buffer/Prop.vb:line 1088 at void Afas.Profit.Forms.PropertyElement<TValue>.UpdateAntaValue(TValue value) in C:/Dev/profit-release/08/src/Anta/Projects/Cool Projects/Afas.Profit.Forms/FormDefinitions/Editors/Properties/PropertyElement`TValue.cs:line 263 ================================================================ Landmark....................: AfasFbOrderFunc.ASOMain.GetVatData [516E239E] PAR: parUnitIdFin...........: 6 PAR: parCodePurchSales......: 2 PAR: parTransactionCode.....: 2 PAR: parCountryIdLaw........: NL PAR: parVatRefCode..........: 2 PAR: parDate................: 2025-05-13 00:00:00 PAR: parCreditNotaYN........: False PAR: parEUService...........: False PAR: parItemType............: 6 PAR: parStock...............: False PAR: parVatPercentage.......: 0 PAR: parVatClaimPercentage..: 0 PAR: parBcfClaimPercentage..: 0 PAR: parVatCostPercentage...: 0 ---------------------------- Landmark....................: AfasFbOrderFunc.CMain.GetVatData [16BB2C8F] PAR: parUnitIdFin...........: 6 PAR: parCodePurchSales......: 2 PAR: parTransactionCode.....: 2 PAR: parCountryIdLaw........: NL PAR: parVatRefCode..........: 2 PAR: parDate................: 2025-05-13 00:00:00 PAR: parCreditNotaYN........: False PAR: parEUService...........: False PAR: parItemType............: 6 PAR: parVatPercentage.......: 0 PAR: parVatClaimPercentage..: 0 PAR: parBcfClaimPercentage..: 0 PAR: parVatCostPercentage...: 0 ================================================================ Version.....................: 2.9.1400.8 EnvironmentId...............: O93882AB UserId......................: 42184.boudewijn AppMode.....................: 0 Time........................: 13-05-2025 15:51:57.496 +02:00 Session.....................: AFAS\42184.boudewijn on AFAS\XENAPPP35046$ UnitId......................: 6 MemberId....................: 93882 MemberNumber................: 93882 - Welke stappen doorloop je precies voordat de foutmelding verschijnt? - Aanpassen btw plicht op debiteur naar verlegd, aanmaken nieuwe factuurtermijn. - Is er een verschil in instellingen of configuratie tussen de demo-omgeving en de omgeving van Nettenstigt? - Nee, voor zover wij kunnen constateren."
HRM,[Vrij veld] Vrije velden bij aanvullende gegevens zijn niet zichtbaar in Profit.,"Probleembeschrijving: Vrije velden bij aanvullende gegevens niet zichtbaar in profit bij de medewerker, zie bijlage voor details Aanvullende details: - Kun je aangeven welke vrije velden precies niet zichtbaar zijn? - zie bijlage - Sinds wanneer speelt dit probleem? - sinds ik dit heb ingericht - Hebben deze vrije velden eerder wel gewerkt of waren ze nooit zichtbaar in Profit? - de velden zijn wel zichtbaar maar ze worden niet gevuld"
HRM,[Jaaroverschrijdend twk] Correctie 30% regeling voor medewerker in 2022 zonder gegevens vanuit oude salarispakket,"Probleembeschrijving: Voor 1 van onze dochterondernemingen moeten wij voor een medewerker een correctie doen in 2022 maar wij verlonen dit bedrijf pas sinds 2023. Is het mogelijk om 2022 in AFAS na te maken zonder de xml bestanden van de aangiftes loonheffingen? ik hoor het graag en alvast bedankt! M.vr.gr. Angelien Koghee Aanvullende details: - Kun je aangeven welke specifieke correctie je wilt doen voor 2022? - correctie 30% regeling bij 1 medewerker - Heb je al geprobeerd om het jaar 2022 in AFAS aan te maken, en zo ja, wat ging er precies mis? - nee, we hebben geen xml files van de LH aangiftes, is er een andere manier? - Zijn er andere gegevens of documenten beschikbaar die kunnen helpen bij het reconstrueren van 2022 zonder de XML-bestanden? - alleen csv bestanden van de loonjournaalposten en pdf bestanden van standenregisters"
ERP,[Koppeling] Medewerker kan niet als beoordelaar gekozen worden bij inkoopfacturen.,"Probleembeschrijving: CRM + medewerker aangemaakt en toegang gegeven tot Insite via autorisatie, toegekend aan de juiste groepen. Echter, zij kan niet als beoordelaar gekozen worden bij het boeken van inkoopfacturen. Het gaat om medewerker: WC01 Willeke Clement. Aanvullende details: - Kun je precies aangeven welke foutmelding je ontvangt, als die er is? - Er is geen foutmelding - Kun je bevestigen of de medewerker de juiste rollen en rechten heeft binnen de autorisatie-instellingen? - Ja, vergelijkbaar met iemand die wel gekozen kan worden als beoordelaar. - Is er een specifieke fout of beperking zichtbaar bij het selecteren van de medewerker als beoordelaar? - Nee"
HRM,"[Verlof][2344524] Foutmelding bij mutaties van uitdienstgetreden medewerkers over negatief saldo. Verlofboeking overschrijd verlofsaldo, negatief verlof niet toegestaan","Probleembeschrijving: Incident 2344524 is reeds afgemeld, maar wij blijven bij elke mutatie (nu weer het tijdelijk deblokkeren van de medewerker) waarbij we onterecht deze foutmelding krijgen. Met de eerdere uitleg kan ik in zoverre niet uit de voeten, dat deze uitleg niet relevant is. Er is nooit een negatief saldo geweest op het potje van de betreffende medewerker, niet voor, niet na en niet tijdens het herberekenen van verlof (en dat is regelmatig gedaan voor de gehele CAO). Het slaat dus ook nergens op dat we deze foutmeldingen alleen maar kunnen skippen door tijdelijk in te stellen dat het verlofpotje een negatief saldo mag bevatten. We hebben inmiddels bij meerdere medewerkers in deze omgeving hetzelfde probleem gehad, waarbij er onterecht een melding ontstaat over een negatief saldo op enig moment. (Zie bijgevoegde printscreen). Ik wil graag echter even verder borduren op de eerdere casus, want daar hebben jullie eerder ook naar gekeken. Volgens mij is er sprake van een fout in de programmatuur en niet van een potje dat ergens toch onder 0 heeft gestaan. Want dat laatste is namelijk nooit het geval geweest. Aanvullende details: - _Kun je bevestigen of de foutmelding consistent optreedt bij alle mutaties, of alleen bij specifieke acties?_ - Bij elke mutatie op een uitdienst getreden/tredende medewerker - _Welke stappen doorloop je precies wanneer deze foutmelding verschijnt?_ - We wijzigen een willekeurig gegeven bij de uitdienstgetreden medewerker en worden dan geblokkeerd door betreffende foutmelding. - _Hebben jullie al geprobeerd om een testomgeving te gebruiken om het probleem na te bootsen en zo meer inzicht in de oorzaak te krijgen?_ - Nee, we kunnen het probleem ook nabootsen zonder testomgeving."
HRM,Medewerker werkt door na AOW-gerechtigde leeftijd | meerdere dienstverbanden,"Probleembeschrijving: Bij een personeelslid hebben we vanwege pensionering voor 2 dienstverbanden gezorgd. We hebben geconstateerd het het totale brutoloon hoger is dan het maandloon, terwijl de periodes aansluitend zijn. DV 1: 01-01-2025 t/m 06-01-2025 Brutoloon: 1216,04 DV 2: 07-01-2025 t/m 31-01-2025 Brutoloon: 6131,41 Het totaal van deze bedragen komt op 7347,45. Het bruto maandloon is schaal LD 12 6992. Ons viel op dat dit niet overeenkomt. Kunnen jullie dit verklaren? Aanvullende details: - Kun je aangeven op basis van welke berekening je verwacht dat het totale brutoloon gelijk zou moeten zijn aan het maandloon? - De periodes zijn aaneensluitend, dus gingen we ervanuit dat het bedrag op 6992 uit zou komen. - Kun je de berekening zoals Profit deze nu maakt toevoegen, samen met de berekening zoals je deze verwacht? - Zie bijlage. - Is er een specifieke reden waarom je denkt dat de berekening onjuist is? - Er zit verschil tussen de bedragen."
HRM,Geboortedatum bij aanmaken familielid in tabblad 'Familie' blijft verplicht ondanks instellingen,"Probleembeschrijving: Ik wil graag in het tabblad 'familie' dat het veld 'geboortedatum' niet verplicht is. Soms willen collega's de geboortedatum van een partner of ander contactpersoon in geval van nood, niet geven. Maar zonder daar iets in te vullen, kan ik de rest van de gegevens niet opslaan. Ik heb bij de beheerdersinstellingen van dat betreffende veld gekeken, en er staat geen vinkje bij 'verplicht'. Maar toch blijft het een verplicht veld. Ik heb bij de Help artikelen gekeken naar hoe je een veld verplicht stelt. Aanvullende details: - Kun je aangeven in welke module of omgeving dit probleem zich voordoet? - AFAS Profit - Heb je gecontroleerd of er mogelijk een andere instelling, zoals een validatieregel, actief is die het veld verplicht maakt? - Nee, en naar aanleiding van deze vraag heb ik in de help artikelen gezocht naar 'validatieregel', maar ik kan het juiste artikel niet vinden? - Speelt dit probleem bij alle gebruikers of alleen bij specifieke rollen/gebruiker(s)? - Ook bij mijn collega Ellen."
HRM,[Import] Verwijderen van een dubbele salarisjournaalimport in de administratie-instellingen.,"Probleembeschrijving: Ik heb in april 2x het journaal van de salarissen geïmporteerd. Hoe kan ik er 1 verwijderen? Aanvullende details: - Kun je aangeven in welke module of welk scherm je dit hebt geprobeerd? - via Afas Help geprobeerd op te zoeken, helaas geen info gevonden. - Heb je al geprobeerd om het dubbele journaal te verwijderen via de administratie-instellingen? - Nee - Kun je een schermafbeelding toevoegen van het journaal dat je wilt verwijderen? - ja"
HRM,[Weergave] Onverwachte fout bij openen salariscomponenten in salarisverwerkingsplan,"Probleembeschrijving: Hoi, Onderstaand incident stuur ik in voor een collega van salarisadministratie. Voor vragen graag contact met haar opnemen. Contactgegevens staan onderaan het incident. Als ik in het salarisverwerkingsplan een component willen openklikken door dubbel te klikken krijg ik een onverwachte fout, zie afbeelding. Dit krijg ik ook als ik een correctie uit vorige periode wil openklikken. De detailmelding is hetzelfde, zie afbeelding. Mijn collega Petra Josten krijgt deze foutmeldingen niet en zij kan wel de looncomponenten verder inzien door dubbel te klikken. Het ligt dus aan mijn gebruiker verwacht ik. Ik heb meerdere Afas Help artikelen bekeken en Chat GPT laten zoeken naar een oplossing. Het lijkt niet iets wat ik zelf kan oplossen. Zoë Eggen - de Poortere, tel 088 0031492 z.de.poortere@ggdbzo.nl Aanvullende details: - Kun je bevestigen of de foutmelding consistent optreedt bij dezelfde acties? - ja - Heb je al geprobeerd om met een andere gebruiker in te loggen op jouw werkstation om te zien of het probleem zich blijft voordoen? - ja - Kun je aangeven welke stappen precies worden uitgevoerd voordat de foutmelding verschijnt, zodat we dit kunnen reproduceren? - zie het incident"
ERP,Wijzigen van een periode tabel van kwartaal naar maand in Financieel.,"Probleembeschrijving: Hoe kan ik een periode tabel wijzigen van kwartaal naar maand? Wichert Aanvullende details: - Kun je aangeven in welk onderdeel van de software je dit wilt aanpassen? - Financieel - Heb je al geprobeerd een nieuwe periode tabel aan te maken of de bestaande te bewerken? - Ja - Sinds wanneer wil je deze wijziging doorvoeren, en zijn er specifieke periodes die aangepast moeten worden? - Nee"
HRM,"Onboarden van sollicitant geeft foutmelding: ""De bestemming komt niet overeen met de inrichting van het type dossieritem.""","Probleembeschrijving: De workflow voor onboarden geeft de melding: ""De bestemming komt niet overeen met de inrichting van het type dossieritem."" Ik probeer een sollicitant te onboarden, maar deze is nog geen medewerker. Doe ik iets verkeerd? Aanvullende details: - Kun je aangeven welk type dossieritem je probeert te gebruiken? - -170 - Heb je gecontroleerd of de inrichting van het dossieritem overeenkomt met de bestemming die is ingesteld in de workflow? - - - Speelt dit probleem bij meerdere sollicitanten of alleen bij deze specifieke persoon? - Alleen sollicitanten die nog geen medewerker zijn, bij herindienst speelt dit probleem niet."
ERP,[Journaalpost wijzigen | memo boeking] Verwijderen van memoriaalboeking mislukt: 'dossieritem bevindt zich nog in een workflow.',"Probleembeschrijving: Beste medewerker, Het verwijderen van een memoriaal boeking lukt niet, ik krijg een foutmelding (zie onderstaand en bijlage). En geen idee hoe ik dit kan oplossen. Alvast bedankt voor je reactie. Aanvullende details: - Kun je aangeven in welke workflow de memoriaalboeking zich precies bevindt? - Als ik kijk in de workflow staat het op status 'ingestuurd' - Heb je geprobeerd om eerst de boeking uit deze workflow te halen voordat je het verwijderde? - Ja, ik kan de boeking niet uit de workflow halen; geeft dan aan: 'dossieritem bevindt zich nog in een workflow.' - Is er een specifieke reden waarom deze memoriaalboeking verwijderd moet worden, of kan dit op een andere manier opgelost worden (bijvoorbeeld door aanpassing)? - De memoriaalboeking is foutief en hierdoor was er 2 maal een baten ipv 1 maal. Ik heb nu de bedragen op € 0,00 gezet."
HRM,[Conditie] Controle mogelijkheid bij aanmaken betermelden/ziekmelden | WENS,"Probleembeschrijving: We gebruiken de workflow afsluiten ziekmelding (-22) voor betermelden door de medewerker. Echter, bij het opstarten van de workflow hebben we een controle opgenomen dat de einddatum van de ziekmelding niet in de toekomst mag liggen. Echter, hier gaat iets niet goed: Zodra de workflow wordt opgestart en er wordt een datum in de toekomst opgegeven en daarmee vanuit de controle een foutmelding wordt gegeven, gaan er 3 dingen fout: 1. De ziekmelding wordt wél afgesloten met de datum in de toekomst (ondanks dat de controle afgaat) 2. De datum kan niet meer worden gewijzigd in het scherm (zie foutmelding in bijlage (foutbijcorrectiedatumbetermelding.png) 3. Er wordt géén dossier betermelding gemaakt. 4. De workflow wordt direct gestopt, terwijl we nog een groot aantal vervolgacties in de workflow hebben staan. Dit lijkt me geen juiste afhandeling van de workflow en eerder een bug. Vrg. petra Remijn. Aanvullende details: - Kun je de workflow instellingsdetails delen, zoals de configuratie van de controle op het niet toestaan van toekomstige datums? - Zie bijlage 'Controle' - Heeft deze workflow ooit gewerkt zoals verwacht? - Ik verwacht het niet. We zijn dit nu pas tot ontdekking gekomen omdat we betermeldingen missen - Welke betermeldingen zijn uitgevoerd en wat deden die precies (bijvoorbeeld het gegenereerde dossier of logs)? - Zie mijn beschrijving. Deze geeft een goed beeld"
ERP,"[Mollie] Betalingsverschil bij Mollie, hoe werkt dit","Probleembeschrijving: onderwerp j.a.o.u. Voor Jasper Super dat even voor mij kunt kijken. Het betreft het betalingsverschil van Mollie. Groet, Corinne Geen aanvullende vragen gesteld."
HRM,[Re-integratieverslag] AFAS document Re-integratieverslag mist UWV invultabellen | Plan van aanpak,"Probleembeschrijving: Hallo, Wij willen het AFAS document Re-integratieverslag Plan van aanpak gebruiken. Tot nu toe gebruiken we het standaard UWV formulier hiervoor, dat handmatig gevuld wordt en ondertekend en dan ge-upload in het systeem. In het UWV document zie je onder nr. 7 nog 4 meer invultabellen staan die niet in jullie Re-integratieverslag Plan van aanpak staan. Dat matcht dan niet met wat het UWV wil. Passen jullie dit nog aan of blijft het een doc wat we niet kunnen gebruiken, wat ik dan wel heel raar zou vinden. In de bijlage stuur ik je het actuele UWV doc. Ook heb ik voor het re-integratieverslag (Eerstejaars)evaluatie een zelfde soort omissie gevonden en melding gemaakt. Zie hiervoor nummer 2283691 van 24-09-2024 (!). Deze staat nog steeds open bij productontwikkeling. Kijk als deze documenten niet conform het UWV zijn dan kunnen we er ook niks mee en het lijkt mij dat AFAS dit wel conform UWV uit zou leveren, wat heb je er anders aan? Graag zou ik je reactie ontvangen. Aanvullende details: - Kun je aangeven welke specifieke invultabellen onder nummer 7 in het UWV-document ontbreken in het AFAS-document? - 1. Arbeidsvoorwaarden, 2. Arbeidverhoudingen, 3. Sociaal medische zaken en 4. Overige activiteiten. - Heb je een voorbeeld van hoe deze invultabellen eruitzien of wat er precies ingevuld moet worden? - zie bijlage - Wil je dat we dit doorgeven aan productontwikkeling als een verzoek tot aanpassing? - wel als de aanpassing ook gebeurt (en niet een jaar later ofzo)"
ERP,[Excel I Datum] Importeren van uren via CSV met ongewijzigde velden en datumformaat.,"Probleembeschrijving: Beste, Wij willen uren gaan importeren via een CSV bestand. Ik heb de sjablonen al bekeken die bij ons in AFAS staan maar er staan heel veel velden die we in kunnen vullen. Ik heb geprobeerd wat velden te verwijderen maar dat gaat niet, Het datum veld heeft 0 tekens en dat kan ik ook niet wijzigen. Hebben jullie voor mij een helpartikel waarin staat hoe ik de import naar onze manier kan inrichten met wat we nodig hebben of kan ik een mondelinge toelichting krijgen? Met vriendelijke groet, Miriam de Vos Aanvullende details: - _Kun je aangeven welke specifieke velden je wilt gebruiken of verwijderen?_ - Zie excel - _Wat bedoel je precies met 'het datum veld heeft 0 tekens'? Kun je dit verder toelichten?_ - Onze datum ziet er als volgt uit 20-05-2025 maar de voorwaarde bij datum daar staat acht 0 tekens. dat kan ik niet wijzigen en is te weinig voor een datum. - _Heb je al geprobeerd een nieuw sjabloon aan te maken dat beter aansluit bij je wensen?_ - Nee want ik weet niet hoe dat moet daar wil ik een help artikel voor of een mondelinge toelichting"
HRM,[Payroll Auditor] Vraag over de werking van de Payroll Auditor bij afwijkend percentage BT 100.009.413 Audit: percentage BT via beschikking lager dan berekend.,"Probleembeschrijving: Bij een van onze klanten ging de Payroll Auditor ""Audit: percentage BT via beschikking lager dan berekend"" (stamnr 100.009.413) af, naar onze mening onterecht. Ik heb echter het idee dat deze berekening niet klopt. De toelichting hierbij is: De audit controleert het verschil van minimaal 10% tussen het ingegeven percentage en het via het jaarloon berekende percentage bijzonder tarief. Bij de medewerker was het verschil tussen het afwijkende percentage en het oorspronkelijke percentage 6,3% (33,56% en 35,82%), dus dan zou ik de Payroll auditor niet verwachten. Als ik naar de berekening kijk, gaat deze Payroll Auditor af wanneer het toegepaste perceentage lager is dan het oorspronkelijke percentage, maar juist wanneer het verschil minder dan 10% is: IF ( [I] >= [H] ; 0 ; IF ( FILLED([G]) ; IF ( [I] < [H]  ( 1 - [D] /100 ) ; 0 ; 1 ) ; 0 ) ) IF( Percentage bijzonder tarief >= Percentage bijzonder tarief (oorspronkelijk) ;0;IF(FILLED( Afwijkend percentage bijzonder tarief );IF( Percentage bijzonder tarief < Percentage bijzonder tarief (oorspronkelijk) (1- Percentage verschil /100);0;1);0)) Mijn vraag is dus eigenlijk of dit wel de bedoeling is? Aanvullende details: - Kun je bevestigen of de berekening zoals beschreven in jouw melding overeenkomt met wat er daadwerkelijk wordt toegepast? - Ja - Speelt dit probleem bij meerdere medewerkers, of alleen bij deze specifieke situatie? - Ik theorie kan het bij iedereen voorkomen - Heb je al geprobeerd om een testberekening te maken zonder afwijkend percentage bijzonder tarief en gekeken naar het resultaat daarvan? - Zeker"
HRM,Toevoegen van parameter 'Berekenen' en vinden van salaristabel 135.230.717.,"Probleembeschrijving: wij zien bij het looncomponent ' stagevergoeding coassistenten 28642 de volgende 3 punten in de toelichting staan: - Zet de parameter 'Berekenen' op niveau van CAO of werkgever op 'Ja'. --> zie vraag 1 hieronder - Zet de parameter 'Berekenen op basis van dienstbetrekking (via salaristabel)' op 'Ja' --> gelukt - Voeg aan salaristabel 135.230.717 'Dienstbetrekking tbv vergoeding coassistent' een regel toe met de dienstbetrekking die je hebt ingericht voor coassistenten, en geef deze regel de waarde '1'. --> zie vraag 2 vraag 1: De parameter berekenen is voor ons niet zichtbaar. hoe voegen wij de parameter berekenen toe om deze vervolgens op ja te zetten? zie screenshot 2 vraag 2 wij zien bij ons in de salaristabel nr 135.130.722 staan. waar kunnen wij 135.230.717 vinden? zie screenshot 1 Aanvullende details: - Kun je bevestigen of de parameter 'Berekenen' mogelijk op een ander niveau of locatie in de omgeving te vinden is? - als wij naar hrm --> cao gaan zien wij deze staan maar wij zien deze niet staan als wij eerst naar het betreffende looncomponent gaan. - Kun je aangeven of de salaristabel met nummer 135.230.717 wellicht een andere naam of beschrijving heeft in jullie omgeving? - ander nr. zie toelichting - Zijn de bijgevoegde screenshots bedoeld om de huidige situatie te verduidelijken? Zo ja, kun je toelichten wat er precies op de screenshots te zien is? - zeker. hier is de plek op te zien waar wij zoeken"
HRM,[Wens] Vacatures aangemaakt vanuit verschillende documentsjablonen tonen in één overzichtspagina,"Probleembeschrijving: Verschillende document sjablonen gezamenlijk in 1 overzicht plaatsen. Goedemiddag, Vanuit een wijziging in de inrichting bij een klant willen ze van verschillende overzichten voor de vacature naar 1 overzicht. Ze gebruiken meerdere document sjablonen voor de vacatures. Ik heb wat rondgespeeld maar krijg of alleen van 1 sjabloon een overzicht. Of geen gegevens om te tonen. Verder heb ik een ander overzicht gemaakt waarin wel alle vacatures te zien zijn maar hier heb je geen velden voor de vacatures en kan ik de verlopen vacatures er dus niet uit filteren. Wat is er mogelijk? of moeten de vacatures opnieuw geplaatst worden in allemaal hetzelfde document sjabloon. Aanvullende details: - Kun je precies aangeven welke document sjablonen je gebruikt? - Zie schermafbeelding - Welke velden wil je in het overzicht opnemen? - Einddatum vacature Status vacature - Kun je uitleggen hoe de huidige overzichten zijn opgebouwd en wat er ontbreekt? - Nu krijg ik alleen vacatures te zien van 1 specifiek document sjabloon."
HRM,[Transitievergoeding] Transitievergoeding workflow start niet bij uitdiensttreding met rede: Opzegging/ontslag door de werkgever binnen de proeftijd door werkgever,"Probleembeschrijving: Bij een uitdiensttreding wordt de workflow transitievergoeding conditoneel opgestart. Volgens het HelpCenter (https://help.afas.nl/help/NL/SE/Pay_WgImpl_Trans.htm?query=transitieverfoeding&refinementList%5Bworkareacode%5D%5B0%5D=Payroll&refinementList%5Bworkareacode%5D%5B1%5D=HRM) zou bij de reden ""Opzegging/ontslag door de werkgever binnen de proeftijd"" de workflow transitievergoeding wel gestart worden. Dit is bij mdw. 10610 echter niet gebeurd. Zie screenshot. Aanvullende details: - Kun je bevestigen of de reden voor uitdiensttreding bij medewerker 10610 correct is ingesteld op 'Opzegging/ontslag door de werkgever binnen de proeftijd'? - Ja, deze is correct ingesteld. - Is er een specifieke foutmelding zichtbaar in het logboek van workflows? Zo ja, kun je deze delen? - Nee. - Hebben andere medewerkers met dezelfde reden voor uitdiensttreding hetzelfde probleem ondervonden? - Wij hebben nog niet eerder een medewerker met dezelfde reden uitdienst gemeld."
ERP,[Rapport I Script] Nulregels op pakbon onderdrukken zodat ze niet zichtbaar zijn op de factuur.,"Probleembeschrijving: Hoe kunnen nulregels op een pakbon op de bijbehorende factuur onderdrukt worden, zodat deze niet zichtbaar zijn op de factuur Aanvullende details: - Kun je uitleggen wat je precies bedoelt met nulregels? Zijn dit regels zonder hoeveelheid, bedrag of een andere waarde? - regels zonder hoeveelheid - Welke instellingen heb je al geprobeerd om de nulregels te onderdrukken op de factuur? - boekinslayout aanpassen - In welke module van AFAS werk je precies en in welk scherm speelt het probleem zich af? - Ordermanagement"
HRM,"Salarisberekening toont splitsing in Salaris en Salaris (Uit uren verlof), waar komt dit vandaan?","Probleembeschrijving: Per 1-5-2025 is door ons het salaris aangepast. Nu verschijnen er in de berekening twee regels: Salaris en Salaris (Uit uren verlof). Bij elkaar geteld is dit wel het totale (nieuwe) bedrag aan bruto salaris, maar waarom deze splitsing? Waar komt dit vandaan? Aanvullende details: - Kun je aangeven of er specifieke wijzigingen zijn doorgevoerd in de inrichting van de looncomponenten of verlofregelingen? - Nee - Is het mogelijk om de berekening zoals Profit deze nu maakt toe te voegen, samen met de berekening zoals je deze verwacht? - Zie de bijlage - Kun je bevestigen of dit gedrag ook voorkomt bij andere medewerkers of alleen bij deze specifieke situatie? - ook bij andere medewerkers die een salarisaanpassing per 1-5-2025 hebben gekregen"
HRM,[Loonmutatie] Looncomponent voorschot verrekening kan niet geboekt worden: mutaties via boekingsprogramma niet toegestaan,Probleembeschrijving: kan looncomponent 2841 niet boeken Aanvullende details: - Kun je aangeven welke foutmelding er precies verschijnt? - kan looncomponent 2841 niet boeken - Heb je gecontroleerd of looncomponent 2841 correct is ingesteld in de omgeving? - Ja is ingesteld - Welke stappen doorloop je wanneer deze foutmelding optreedt? - Loonmutatie verrekening voorschot loon
HRM,[Import] Foutmelding: De ingevoegde waarde voor veld X is van een verkeerd type of te lang,"Probleembeschrijving: Beste, Onlangs zijn wij overgegaan op een nieuw roostersysteem, waardoor er een andere importdefinitie gemaakt moet worden. Dit is tot dusver redelijk gelukt, echter lukt het niet om een veldtype aan te passen waardoor de controle import aangeeft dat er fouten zijn. Het gaat om het veld 'waarde 1', wat gekoppeld moet worden aan het veld 'soort medewerker'. Ik zie dat het veld waard 1 nu op type 'getal' staat, maar dit moet op type 'tekst' komen te staan. Het lukt mij niet om dit aan te passen, waardoor ik vermoed dat de fout ontstaat in het controle rapport. Op de screenshot wordt bovenstaande weergegeven. De fout die tevoorschijn komt vanuit het controle rapport is 'de ingevoerde waarde veld 'waarde 1' is van verkeerd type of te lang'. Hoe kan ik het veldtype aanpassen, zodat we verder kunnen met het importeren (en verlonen) van het bestand? Ik hoor graag van jullie. Alvast bedankt! Vriendelijke groet, Lieke Peeters Kindercentra Puck&Co Aanvullende details: - Kun je aangeven in welk specifieke onderdeel van AFAS Profit je deze importdefinitie probeert aan te passen? - Via bestaande definitie bewerken en importeren. (import medewerker payrol -> loonmutatie) - Heb je geprobeerd de importdefinitie opnieuw te configureren, en zo ja, welke stappen heb je precies gevolgd? - . - Kun je bevestigen of het veld 'waarde 1' een standaard veld is of een eigen aangemaakt veld? - Dit weet ik niet zeker. Dit veld is niet veranderd ten opzicht van het oude importsjabloon."
ERP,[Termijnfactuur] Koppelen factuur aan termijnschema zonder crediteren van factuur.,Probleembeschrijving: Er is een handmatige factuur verstuurd. Later heeft de opdrachtgever te kennen gegeven dat deze aan een termijnschema gekoppeld dient te worden. De eerste termijn is dus feitelijk al handmatig gefactureerd voordat deze gereed gemeld is. Ik heb in de help helaas geen oplossing gevonden zonder de factuur te crediteren en opnieuw te versturen (wat niet gaat omdat deze al bij de klant is). Hebben jullie nog een andere oplossing? Het betreft onderstaande facturen VF24-04704 en VF24-04725 voor project P241533. Aanvullende details: - Kun je precies aangeven wat je al hebt geprobeerd om de handmatige factuur aan het termijnschema te koppelen? - Geen oplossing gevonden - Welke stappen heb je gevolgd om te controleren of er een alternatieve oplossing mogelijk is? - Help geraadpleegd - Is het mogelijk om meer details te geven over de huidige status van de facturen en het termijnschema? - Reeds beschreven.
HRM,"[Werkgever][Stop] Verloning stopzetten voor werkgever in AFAS per 1-5, geen salarisberekening of loonaangifte.","Probleembeschrijving: Hoi, wij hebben een werkgever waar we al een jaar niet voor verlonen en per 1-5 wordt ook de loonheffing stopgezet, dit is bevestigd door de Belastingdienst. Hoe kan ik dit in AFAS verwerken zodat er geen salarisberekening en loonaangifte meer wordt aangemaakt? Geen aanvullende vragen gesteld."
HRM,"[Actuele gegevens][Weergave] Contractverlenging zichtbaar in Afas, maar einddatum medewerkerslijst blijft op de eerste regel staan","Probleembeschrijving: Hi Afas, Ik heb twee vragen: 1. In de weergaves van HRM > Medewerker > Medewerker, hebben we bij meerdere weergaves de kolom ""einddatum contract"". Afas laat dan de einddatum zien van het huidige contract. Het kan voorkomen dat dit contract al is verlengd (met een nieuwe contractregel). Is er een manier om in de weergaves de einddatum van het laatste contract te laten zien? Ik heb een paar printscreens toegevoegd van medewerker Nick van Zuijlen (1013762), waarbij je einddatum van zijn huidige contract ziet in de weergave, maar in de gegevens van de medewerker zie je dat hij een nieuw contract heeft met als nieuwe einddatum 31-10-2025. Is het mogelijk om die datum van oktober zichtbaar te maken in de weergaves of in een analyse? 2. Mijn tweede vraag gaat over de analyses. Bij HRM > Uitvoer > Analyse HRM , daar kan je niet analyses draaien op een bepaalde peildatum toch? Of kan dat wel? En kan dat eventueel wel bij Rapport HRM? Ik hoor het graag. Groetjes, Marloes Aanvullende details: - Kun je bevestigen of je de weergave wilt aanpassen zodat altijd de einddatum van het meest recente contract wordt getoond, ongeacht of dit een verlenging is? - ja, dus de einddatum van het nieuwste contract. - Wil je dat we specifiek kijken naar hoe dit in analyses kan worden weergegeven, en zo ja, kun je aangeven welke analyse(s) relevant zijn? - Nee, ik wil weten hoe je die einddatum in weergaves verwerkt. - Kunnen we meer details krijgen over hoe peildatums in jouw situatie gebruikt zouden moeten worden voor analyses en rapportages? - We willen bijvoorbeeld onze headcount terugzien op een bepaalde einddatum. Bijvoorbeeld einde boekjaar."
ERP,[Procuratie] Afwijkingen in workflow goedkeuring inkoopfactuur met meerdere beoordelaars. Workflow komt niet bij volgende beoordelaar.,"Probleembeschrijving: Factuur - meerdere geblokkeerde verplichtingen - 2 beoordelaars - wf afgesloten na 1 goedkeuring Goedemorgen, We hebben af en toe afwijkingen van verwachting bij de workflow inkoopfactuur en nu de volgende: We hebben een factuur met meerdere (geblokkeerde) verplichtingen met 2 verschillende beoordelaars. We verwachten dat ze allebei de factuur moeten goedkeuren voordat deze wordt afgerond, echter is het dus al gebeurt na goedkeuring van 1 beoordelaar. Ik zie niet in waarom dit gebeurt en dit lijkt mij ook niet dat het zo werkt. Wil je is meekijken? Betreft factuur 148864150 van kpn Aanvullende details: - Kun je precies aangeven welke instellingen je hebt geconfigureerd in de workflow voor inkoopfacturen? - Nee - Zijn de instellingen voor de beoordelaars in de workflow correct geconfigureerd? - Ja - Kun je bevestigen of de workflow voorheen correct werkte? - Zover we weten wel"
ERP,"Intercompany facturen blijven geblokkeerd, verzoek om automatisch deblokkeren voor betaling.","Probleembeschrijving: Hi Dennis, zoals besproken vanmorgen, het gaat er dan om wat Aukje graag wil: Ha Ciska, Vraagje, in 126 hebben we een aantal facturen vanuit de intercompany module ontvangen. Nu blijven deze op geblokkeerd staan, en ik zie er gene gebruikers aan hangen. Zou jij deze naar Laura willen doorzetten voor goedkeuring? Dan kunnen wij ze betalen. Thx. Ha beide, Deze facturen moeten we niet gaan inboeken en komen idd niet in de flow omdat ze vanuit de IC journaliseringstaken in beide administraties automatisch geboekt worden. @ Stan, kunnen we inregelen dat deze IC facturen aan de crediteurenkant automatisch gedeblokkeerd worden voor betaling, dan is het probleem volgens mij opgelost. Groet, Aukje Aanvullende details: - Kun je precies aangeven welke stappen je hebt doorlopen om dit probleem te identificeren? - automatisch deblokkeren - Welke specifieke facturen of administraties zijn hierbij betrokken? - zie bijlage - Is er een specifieke foutmelding of gedrag dat optreedt bij het blokkeren van de facturen? - nee, vraag voor first class"
ERP,[Inkoopfacturen | wens] Een overzicht krijgen van inkoopfacturen en door wie deze beoordeeld moeten worden in de workflow in InSite of in Profit.,"Probleembeschrijving: In AFAS (Profit), kun je niet-geautoriseerde facturen terugvinden via het Insite-portaal of via de Profit-applicatie, afhankelijk van jouw rol en rechten. Hier zijn de stappen om ze te bekijken: Via AFAS Insite (webportaal): Log in op Insite Ga naar jouw AFAS Insite-omgeving (bijv. jouwbedrijf.afasinsite.nl). Ga naar het takenoverzicht of autorisatietaken Zoek naar: ""Te autoriseren facturen"" Of: ""Workflow taken"" → Filter op: Niet geautoriseerd / in behandeling Gebruik de zoekfunctie Typ bijv. facturen of inkoopfacturen in de zoekbalk om relevante workflows of rapporten te vinden. Gebruik rapportages of analyses Als jouw organisatie rapportages heeft ingericht, kun je mogelijk een rapport of analyse bekijken met: Status = Niet geautoriseerd Soort document = Inkoopfactuur Aanvullende details: - Kun je precies aangeven welke foutmelding je ontvangt? - Niet - Heb je eerder toegang gehad tot deze rechten in Insite? - Nee - Kun je bevestigen of je rol of rechten recent zijn aangepast? - Nee"
HRM,Onboarden vanaf stamkaart HRM pagina niet zichtbaar in bannerconfiguratie.,"Probleembeschrijving: Pagina Aanmaken onboarden vanaf stamkaart HRM: Regulier (Onboarden) kan niet worden toegevoegd aan onze sollicitant stamkaart. De pagina is wel geautoriseerd/toegevoegd in de HR Functioneel beheer functionaliteit. Via onderhouden pagina's is de pagina wel terug te vinden, maar zodra ik deze in een banner wil toevoegen is er geen enkele onboarden vanaf stamkaart pagina meer te vinden. (zie bijlagen) Aanvullende details: - Kun je precies aangeven welke stappen je doorloopt om de pagina toe te voegen aan de banner? - Via sitebheer ga ik naar bewerken en dan klik ik op indeling, dan onderhouden, nieuw en daar zoek ik de pagina op. - Kun je bevestigen of de pagina zichtbaar is in de lijst van beschikbare pagina's in de bannerconfiguratie? - nee, die is niet beschikbaar. - Kun je aangeven of dit probleem zich voordoet bij meerdere gebruikers of alleen bij jou? - ook bij mijn collega"
HRM,[Verlof] Aantal uren in verlofaanvraag is niet aan te passen,"Probleembeschrijving: Goedemorgen, Wij willen dat als iemand een vakantie aanvraag indient dat het veld met uren standaard leeg is. Het zelfde geldt ook voor het doen van andere verlofsoorten. De medewerker dient zelf een aantal uren in te voeren. Nu valt het mij op dat het profiel niet aanpasbaar is. Ik kan de instellingen niet wijzigen. Kunnen jullie mij vertellen wat ik fout doe? Ik zit trouwens in de live omgeving van ons in Profit te kijken bij de instellingen van profielen. Met vriendelijke groet, Claudia ten Cate Aanvullende details: - Kun je aangeven welk profiel of welke instellingen precies niet aanpasbaar zijn? - vakantie aanvraag en dan het snelfilter. Ik kan geen waarde invoeren. - Heb je geprobeerd in een testomgeving te kijken of de instellingen daar wel wijzigbaar zijn? - ja maar daar kan het ook niet. - Welke stappen volg je om bij deze instelling uit te komen, zodat we dit kunnen naspelen en controleren wat er gebeurt? - ik ga naar profielen in & outsite. Ik zoek vakantie (verlofaanvraag) en klik hierop. Dan klik ik op de context voor onderhouden en wil ik het veld aantal uren aanpassen, zodat het een blanco veld is bij het openen van dat scherm en men zelf een getal moet invoeren. Maar als ik dubbel klik op aantal uren (veldregel) dan zie ik grijze vlakken en ik kan niets invoeren."
HRM,[Digitaal ondertekenen] Datum ondertekening document komt niet overeen met SignServiceLog.,"Probleembeschrijving: Wij maken gebruik van de AFAS eigen contract verlenging. We zien dat het document door de medewerker ondertekend is op 16-05-2025, zie bijlage “workflow historie” en bijlage “Eigenschappen medewerker – Contracten”. Maar wanneer ik de ondertekening / SignServiceLog bekijk, zie ik staan dat de medewerker het document ondertekend heeft op 29-03-2025. Zie bijlage “SignServiceLog”. Dus datum ondertekening document komt niet overeen met de daadwerkelijke ondertekening. Aanvullende details: - Kun je aangeven of je al hebt gecontroleerd of er een verschil is in tijdzones of instellingen in het systeem die dit verschil in data kunnen verklaren? - Gecontroleerd - Kun je bevestigen of dit verschil in data eenmalig is of vaker voorkomt? - Eerste keer dat dit geconstateerd is - Kun je aangeven of er een specifieke actie of wijziging in het systeem is geweest die dit verschil in data zou kunnen verklaren? - Nee geen wijziging"
ERP,Foutmelding 48233: personeelsnummer zonder naam in betaalopdrachten toont onvoldoende informatie.,"Probleembeschrijving: Bij een foutmelding komt altijd het nummer 48233. en dan het personeelsnummer, kan hier ook de naam van de persoon weergegeven worden, zodat je kunt vragen of deze er uit wil gaan? zie bijlage een voorbeeld van de betaalopdracht van vandaag, Dit bleek Jolanda Roelofs te zijn, zie ook al niet meer in die taak zat. We weten hoe we dit kunnen oplossen d.m.v. deblokkeren. Aanvullende details: - _Kun je specifiek beschrijven in welk scherm je deze foutmelding ziet verschijnen?_ - betaalopdrachten - _Welke stappen volg je precies voordat deze melding verschijnt?_ - standaard afas stappen voor betaalopdrachten - _Wil je dat er een wijziging wordt aangebracht in het systeem, zoals het tonen van de naam naast het personeelsnummer?_ - Dat zou heel erg fijn zijn!"
ERP,Verwijderen van de knop 'Verlengen' voor budgethouders in AFAS contractmiddelen.,Probleembeschrijving: Een budgethouder/manager (contracteigenaar) kan op dit moment bij een lopend contract klikken op de knop Verlengen. Dit willen we graag weghalen bij deze personen. Waar kan ik in AFAS er voor zorgen dat vanuit de eigenschappen van een financieel contract de knop Verlengen uitgeschakeld wordt (in ieder geval voor budgethouders)? Krijg het in de workflow niet gevonden en ook niet in de profielen. Aanvullende details: - Kun je aangeven in welk specifieke menu of functionaliteit deze knop zich bevindt? - Eigenschappen financieel contract - Kun je toelichten welke stappen je hebt genomen om de instellingen in de workflow en profielen te controleren? - Gekeken of ik ergens 'verlengen' zie staan in de workflow - Zijn er andere gebruikersrollen die wél toegang moeten houden tot deze knop? - Contractbeheerder
HRM,Automatische verlenging salarisverwerkingsplannen faalt door volle periodetabel. Klopt deze beredenering?,"Probleembeschrijving: Beste AFAS collega, Graag willen we ervoor zorgen dat de salarisverwerkingsplannen automatisch worden verlengd voor het volgende boekjaar, zodat wij deze actie niet handmatig hoeven uit te voeren. Deze instelling is op werkgeversniveau te bepalen, alleen merken we dat deze al enige jaren niet naar behoren functioneert. Zo ook dit jaar, voor het boekjaar 2026 zijn geen salarisverwerkingsplannen aangemaakt (dit geldt voor alle AFAS omgevingen in ons beheer). Bij het uitzoeken van de situatie constateren we echter het volgende en zijn benieuwd of dit wellicht de oorzaak hiervan is: De Periodetabel Maand HRM / HRM/Payroll (5) is gevuld tot en met 2040 en wordt daarom niet jaarlijks verlengd. Onze verwachting is dat bij de actie van het verlenging van deze tabel, er opvolgend ook een actie is voor het aanmaken van het salarisverwerkingsplan. Met deze beredenering zou het automatisch verlenging dus pas in 2041 goed gaan. Zie AFAS Help: https://help.afas.nl/help/NL/SE/Pay_Config_Plan.htm#o113223 Klopt deze beredenering? En zo ja, kunnen we dan de periodetabel aanpassen zodat alle jaren na 2025 worden verwijderd? En is het daaropvolgend mogelijk dat de actie van het automatisch verlenging opnieuw wordt getriggerd? Mochten er vragen zijn, laat het mij dan weten. Met vriendelijke groet, Team IJK Berend van de Laar e-HRM adviseur outsourcing Aanvullende details: - Kun je bevestigen of de optie voor automatische verlenging van de salarisverwerkingsplannen correct is ingesteld in jullie omgeving? - Ja, zie bijlage. - Hebben de salarisverwerkingsplannen voor eerder jaren automatisch gewerkt, of heeft deze situatie zich al eerder voorgedaan? - Nee, deze functionaliteit heeft tot nu toe niet eerder gewerkt. - Kun je specificeren welke stappen jullie uitvoeren om te controleren of de automatische verlenging werkt, en op welk moment van het proces dit lijkt stil te vallen? - Op AFAS Help staat dat dit proces normaal gezien in juli wordt uitgevoerd, maar we zien dat de salarisverwerkingsplannen nergens zijn aangemaakt voor het nieuwe jaar."
HRM,"Mutaties blijven langer hangen in Profit, waardoor Insite trager werkt.","Probleembeschrijving: De mutaties blijven langer dan we gewend zijn hangen in Profit. De personeelsadmin kan daardoor moeilijker werken in Insite, het duurt soms wel tot 30 minuten voordat een taak daadwerkelijk afgerond is en verder doorgezet kan worden na akkoord. Aanvullende details: - Sinds wanneer merk je dat de mutaties langer blijven hangen in Profit? - Vandaag (15-09-2025) - Zijn er specifieke soorten mutaties die langer blijven hangen of gebeurt dit bij alle soorten mutaties? - Bij alle soorten mutaties - Speelt dit probleem bij meerdere gebruikers in jullie organisatie? - Ja"
ERP,[insite I indeling] Factuur weergave in InSite aanpassen naar de rechterkant van het scherm.,"Probleembeschrijving: Na de update ziet het scherm van InSite er iets anders uit. Graag zou ik de factuur willen zien aan de rechterkant van het scherm. Deze staat nu helemaal onderaan. Hoe kan ik dit aanpassen? Aanvullende details: - Kun je bevestigen welk scherm binnen InSite je precies gebruikt, bijvoorbeeld het factuurscherm of een specifiek rapportagescherm? - Financieel - inkoopfactuur - Heb je geprobeerd om de vensters te herschikken door bijvoorbeeld kolommen of secties te slepen? - Ja, alleen dit lukt mij niet in InSite. - Is dit gedrag bij meerdere gebruikers hetzelfde of speelt dit alleen op jouw account? - Bij alle gebruikers"
ERP,[P6] Uitzetten van bevestiging bij productgroepaanvragen in Profit 6: De artikelen zijn toegevoegd aan je inkoopaanvraag,"Probleembeschrijving: Sinds Profit 6 krijg je bij productgroepaanvragen bij ieder artikel dat je aanvraagt (ook bij het selecteren van meerdere tegelijk) de vraag of je direct de bestelling wilt afronden, of wilt doorgaan met winkelen. Voor onze bestellers werkt dit erg vertragend. Het is ook niet nodig/heeft geen toegevoegde waarde, want er staat al een knop ""Naar mijn inkoopaanvraag"". Is het ook mogelijk deze functionaliteit uit te zetten? Aanvullende details: - Kun je aangeven in welke module, scherm of functionaliteit je deze situatie tegenkomt? - productgroep aanvragen - Heeft het eerder zonder dit gedrag gewerkt? Zo ja, weet je wat er is veranderd? - Ja, voor Profit 6 - Wil je bevestigen of de optie mogelijk al gedocumenteerd is binnen de instellingen van inkoopaanvragen? - Ik kan het niet vinden waar dit kan worden uitgezet."
ERP,Onjuiste veldtoewijzing NEW_ITEM_MANUFACTCODE in OCI-koppeling naar Profit.,"Probleembeschrijving: OCI-koppeling Bechtle Via de punchout wordt o.a. de NEW_ITEM_MANUFACTCODE van een artikel meegestuurd naar Profit. Echter komt deze bij ons in het verkeerde veld terecht. Hoe kunnen we dit aanpassen? De informatie komt nu in het veld ""Barcode"" op het tabblad ""Extra"" terecht en zou op het tabblad ""Extra info"" veld ""Artikelnr distributeur"" en/of op het tabblad ""Data wetgeving"" in het veld ""Artikelcode fabrikant"" terecht moeten komen. Bijvoorbeeld artikel 60935 De punchout: NEW_ITEM-DESCRIPTION%5b1%5d=Jabra+BIZ+2400+II+Leath.Ear.Cush.+M+10er NEW_ITEM-MATNR%5b1%5d= NEW_ITEM-QUANTITY%5b1%5d=20.000 NEW_ITEM-UNIT%5b1%5d=PCE NEW_ITEM-PRICE%5b1%5d=32.990 NEW_ITEM-CURRENCY%5b1%5d=EUR NEW_ITEM-PRICEUNIT%5b1%5d=1 NEW_ITEM-LEADTIME%5b1%5d=2 NEW_ITEM-LONGTEXT_1%3a132%5b%5d=%2b%2b%2b+Leather+ear+cushions%2c+size+M%2c+for+Jabra+BIZ+2400+II+headsets%0d%0a10+pack%2c+Producttype%3a+Oorkussens%2c+Uitvoering%3a+Europa+%2b%2b%2b NEW_ITEM-VENDOR%5b1%5d= NEW_ITEM-VENDORMAT%5b1%5d=4013932 NEW_ITEM-MANUFACTCODE%5b1%5d=Jabra+GN+A NEW_ITEM-MANUFACTMAT%5b1%5d=14101-48 NEW_ITEM-MATGROUP%5b1%5d= NEW_ITEM-EXT_PRODUCT_ID%5b1%5d=4013932 NEW_ITEM-CUST_FIELD1%5b1%5d=21 NEW_ITEM-CUST_FIELD2%5b1%5d= NEW_ITEM-CUST_FIELD3%5b1%5d= NEW_ITEM-CUST_FIELD4%5b1%5d= NEW_ITEM-CUST_FIELD5%5b1%5d= Aanvullende details: - Kun je aangeven welke veldconfiguratie in AFAS momenteel is ingesteld voor de verwerking van deze gegevens via de OCI-koppeling? - ? - Wat is exact de huidige toewijzing van de NEW_ITEM_MANUFACTCODE (zoals gedefinieerd in de koppeling) binnen de applicatie? - ? - Is de mapping aanpasbaar via gebruikersinstellingen, of ligt deze technisch vast in een specifieke module? - ?"
HRM,[WENS][taken bij uitdienst]Overdracht openstaande taken van medewerkers naar nieuwe leidinggevende mislukt.,"Probleembeschrijving: Een leidinggevende blijft gebruiker van taken voor medewerkers waarvan zij geen leidinggevende meer is. Normaal wordt het automatisch bijgewerkt en gaan openstaande taken mee naar de nieuwe leidinggevende, maar in dit geval dus niet. In totaal gaat het om 7 taken van 2 verschillende medewerkers die bij 1 leidinggevende blijven staan. Beide medewerkers hebben wel een overplaatsing BV gehad (dus uitdienst en weer indienst bij een andere werkgever), maar voor zover ik weet zou dat geen problemen moeten geven. De taken zijn van een vrij type dossieritem. Ik heb in de betreffende workflow op de bestemming van de taak een groep toegevoegd, de workflow gepubliceerd en de extra groep weer weggehaald en weer de workflow gepubliceerd. Ik hoopte dat hierdoor de workflowtaken bijgewerkt zouden worden en de taken alsnog naar de juiste leidinggevende zouden gaan, maar dat is niet gebeurt. In de bijlage een voorbeeld van Dynaida Hobijn in het organigram. Haar taak staat bij Miquela Veen, maar zij is geen leidinggevende van Dynaida. De bestemming op de taak is ""leidinggevende en vervangers - bestemming dossieritem"". Ik zou het wel kunnen oplossen door tijdelijk een overdragen knop aan de workflow toe te voegen, maar eigenlijk wil ik eerst weten waardoor het hier misgaat. Aanvullende details: - Welke versie van de software gebruik je precies? - Profit 6 - Zijn de overplaatsingen correct verwerkt met de juiste historische datums? - De overplaatsing met ingang 1-8-25 is verwerkt op 19-8-25. Dit is voor de afsluiting van de salarisverwerking. - Doen de problemen zich ook voor bij nieuwe taken of alleen bij reeds bestaande taken? - Voor zover ik weet alleen bij deze reeds bestaande taken. Ik heb steekproefsgewijs andere taken van hetzelfde type dossieritem gecontroleerd en deze lijken wel bij de juiste gebruiker te staan. Ik heb het ook maar van 1 leidinggevende teruggehoord."
ERP,Foutmelding bij openen pagina op InSite: STATUS_ACCESS_VIOLATION,"Probleembeschrijving: Onze collega Freddy Klompen van afdeling Techniek probeert een dienst aan te vragen met meerdere regels. Hij heeft de eerste regel zo ver klaar gemaakt en klikt dan in het volgende scherm op +Nieuw om een nieuwe regel toe te voegen. Het volgende scherm opent en op het moment dat hij één van de itemcodes aan klikt (maakt niet uit welke) komt het scherm met de foutmelding. Als ik de stappen zelf doorloop op mijn pc heb ik niet. Heb daarom op zijn pc al de cookies en cache verwijderd in Edge, dacht wellicht dat dit zou kunnen helpen, maar helaas was dit niet de oplossing. Daarnaast ziet hij op het scherm Opmekring intern staan, die ik niet krijg te zien als ik een dienst-aanvraag in productie indien. Hoe kan dit? Inmiddels heeft hij het 3x opnieuw geprobeerd, dus er staan nu 3 aanvragen in concept. Graag z.s.m. jullie hulp zodat de aanvraag de deur uit kan. (kan 'm zelf namelijk niet namens hem inleggen want dan moet ik de dienst straks gereedmelden als melder) Aanvullende details: - Wat is de exacte tekst van de foutmelding die op Freddy Klompen's scherm verschijnt? - Er is een probleem opgetreden op deze pagina (zie printscreen) - Kun je meer details geven over de stappen die Freddy precies volgt? Bijvoorbeeld specifieke knoppen of selectieopties. - zie bijlage - Werkt dit probleem altijd op Freddy's pc of speelt het soms ook maar niet altijd? - volgens mij komt dit probleem iedere keer terug (sinds kort)"
HRM,[rooster][uren per week]Verschil in salarisberekening door roosterinstelling en ingangsdatum bij medewerkers.,"Probleembeschrijving: Beste lezer, Medewerkers die vanaf 104 weken ziek zijn, zet ik het rooster op 0. Dat heb ik gedaan bij bijvoorbeeld medewerker 300037 en werd het salaris juist berekend. Het rooster had ik op 'uren per week' gezet en het aantal uur en parttimepercentage stonden op 0. Bij deze salarisronde heb ik hetzelfde gedaan bij medewerker 200082, maar werd het salaris niet berekend. Vanaf 2-9-2025 had ik het rooster op 0 gezet. Een collega heeft doorgegeven dat ik het rooster type op 'werktijden gelijke weken' kan zetten en het salaris dan juist berekend wordt. Na het aanpassen van het type rooster werd het salaris inderdaad juist berekend. Ik heb wel lang zitten zoeken. Hoe komt het dat bij de ene medewerker het salaris wel juist berekend wordt met type rooster uren per week en bij de andere medewerker niet? Met hartelijke groet, Zuleyha Ordek Aanvullende details: - Kun je bevestigen of de medewerkers beide dezelfde salarisberekening hebben (zoals dezelfde looncomponenten en instellingen)? - Ja - Denk je dat er verschillen zijn in contractinstellingen, functiegroepen of andere personalia tussen deze medewerkers die dit kunnen verklaren? - Nee - Kun je specifieke instellingen of verschillen in detail weergeven tussen de roosters van beide medewerkers (300037 en 200082)? - De ingangsdatum bij mdw 200082 is 2-9 en bij mdw 300037 21-8"
HRM,[aanpassen][worklfow]Onboarding nieuwe medewerker kan niet worden voltooid door onvolledig adres; wijziging ontbreekt in Insite.,"Probleembeschrijving: Hallo, De invoer van een nieuwe medewerker (onboarding) kan helaas niet worden voltooid omdat het adres niet volledig is ingevoerd. Nergens in Insite kunnen we echter een knop zien waarmee we het adres alsnog kunnen aanpassen of toevoegen. In Profit staat de betreffende medewerker nog niet, dus daar kunnen we ook nog niets aanpassen of toevoegen. Weten jullie hoe we de workflow alsnog kunnen afhandelen? Met vriendelijke groet, Martijn Kas Aanvullende details: - Kun je precies aangeven welke velden leeg blijven of ontbreken in de adresgegevens? - Adres en Postadres - Kun je in de workflow specificeren op welk moment het proces vastloopt? - Als na invoer via Insite op een later moment het adres nog moet worden toegevoegd. - Heb je al geprobeerd de invoer direct via een andere interface te wijzigen, bijvoorbeeld door opnieuw te laden? - Ja"
HRM,"Verlaagde pensioenspremie bij zorgverlof opname, terwijl dit verlof 100% doorbetaald is.","Probleembeschrijving: Ik heb kortdurend en langdurend zorgverlof ingericht en geïntegreerd in onze nacalculatie, zodat dit ook in Pure/agenda zichtbaar is. We zien echter dat de pensioenspremie wordt verlaagd wanneer er op dit verlof geboekt wordt. Onze salarisadministrateur accordeert de verlofregels namelijk via de nacalculatie. Het is de bedoeling dat de pensioenspremie ongewijzigd blijft bij opname van zorgverlof, omdat dit verlof voor 100% wordt doorbetaald. Kan jij me helpen? Aanvullende details: - Kun je bevestigen welk looncomponent wordt gebruikt voor het opnemen van zorgverlof? - Geen idee - Kun je aangeven of dit looncomponent een eigen component betreft of gebaseerd is op een bestaand component? - Hier zit waarschijnljik de fout. - Als het een eigen looncomponent betreft, kun je dan het stamnummer of een screenshot van de classificering bijvoegen? - Hier zit waarschijnljik de fout."
HRM,Leidinggevende in Onboarding-module wordt niet juist gekozen voor sollicitant.,"Probleembeschrijving: Hoi Rik (en Joris), In vervolg op melding 2379140 zien we dat ook de leidinggevende van een medewerker in de Onboarding-module niet juist wordt gekozen in de workflow. Ook niet als ik toekomstig leidinggevende selecteer. Waarschijnlijk heeft dit dezelfde oorzaak: de medewerker is er nog niet, maar is nu nog sollicitant. Ik kan vanuit de gegevensverzameling ""Mutatie medewerker/org. eenheid/functie"" wel de leidinggevende ophalen, maar hoe kan ik ervoor zorgen dat deze ook een taak krijgt (de leidinggevende controleert de overeenkomst, voordat deze door de directie wordt ondertekend). Ik hoor graag hoe dit verholpen kan worden! Groet, Leon Aanvullende details: - Bij welke medewerker speelt dit probleem? - Nu ook bij Daan Groenhof - Kun je precies aangeven hoe de workflow is opgebouwd qua stappen en condities? - Ziescreenshot - Werkte deze functionaliteit eerder correct en zo ja, tot wanneer? - Nee, nog niet."
ERP,Activering van Prijzen incl. BTW en gevolgen voor prijzen en processen.,"Probleembeschrijving: Goedemorgen, Wij willen wellicht gebruik maken van Prijzen incl. BTW. Volgens de helpsite https://help.afas.nl/help/NL/SE/Pro_Config_IncVat.htm moet je hier een activering voor aanzetten. In een testomgeving heb ik dat gedaan en lukt ook zonder problemen. Echter, kan ik moeilijk inzien wat de verdere gevolgen zijn van deze acties. Kunnen jullie daar vanuit ervaring meer informatie delen? Groet, Niels Aanvullende details: - Kun je specifieker aangeven welke gevolgen je vermoedt of verwacht? - Zijn er prijzen die opeens veranderen nadat ik de functionaliteit aanzet? - Welke specifieke informatie of voorbeelden zou je nog willen ontvangen omtrent de activering? - Werkt dit aanzetten alleen door bij verkooprelaties waarbij het vinkje prijzen incl. BTW gebruiken aanstaat? - Heb je al gemerkt dat er processen anders werken in de testomgeving na het inschakelen hiervan? - Nee, dit heb ik niet gemerkt."
ERP,[landcode vk I uk] Geen landcode voor het Verenigd Koninkrijk bij invoeren verkooprelatie.,"Probleembeschrijving: Ik moet een verkooprelatie uit de UK invoeren maar kan nergens de landcode vinden om toe te voegen. Kunt u aangeven waarom ik geen United Kingdom, Verenigd Koninkrijk, Engeland of wat voor zoekopdracht ook ik kan vinden. We horen het graag van u hoe we een klant uit Engeland in kunnen voeren. Aanvullende details: - Welke stappen volg je precies wanneer je de landcode probeert in te voegen? - Verkooprelatie - Nieuw - Bij land zoeken naar Engeland of een andere omschrijving van de UK - Gebruik je een specifieke lijst of module in Profit om de landinformatie toe te voegen? Zou je daarvan een schermafbeelding kunnen sturen? - Bijlage toegevoegd met printscreen, geen Engeland te vinden - Speelt dit probleem alleen bij het Verenigd Koninkrijk of ook bij andere landen? - nee niet bij andere landen, die kan ik allemaal vinden"
HRM,Mails over goedkeuring verlofverzoeken worden onterecht naar medewerkers gestuurd.,"Probleembeschrijving: Medewerkers krijgen mails vanuit Profit dat er een taak klaarstaat op Insite. Dit lijkt logisch, maar ze krijgen taken binnen dat hun eigen verlofverzoeken goedgekeurd moeten worden, terwijl deze naar de leidinggevenden horen te gaan. Weten jullie hoe dit kan? Aanvullende details: - Kun je bevestigen of er specifieke instellingen in de workflow zijn aangepast die dit gedrag kunnen veroorzaken? - Nee, het gaat om openstaande taken, maar een verlofaanvraag hoort niet als openstaande taak bij jezelf te staan. - Om welke workflow gaat het precies? Kun je de naam en eventueel een screenshot van de configuratie delen? - Zie bijlage - Heb je gecontroleerd of de roltoewijzingen voor deze workflow correct zijn ingesteld? - n.v.t."
HRM,[overzicht][insite]Waarden ophalen uit de onboarding flow voor overzicht in portal.,"Probleembeschrijving: Op de onboarden portal hebben we een overzicht met lopende en afgesloten onboarden flows. Hoe kan ik waardes uit de onboarden flow ophalen om in deze overzichten te tonen? Er is nog geen medewerker zolang de flow loopt dus vanaf daar kan ik niets ophalen. Het gaat bijvoorbeeld om datum in dienst en dienstbetrekking. Aanvullende details: - Kun je precies aangeven welke waardes je wilt ophalen uit de onboarden flow? - Zie tekst - Heeft de waarde, bijvoorbeeld de datum in dienst, een standaard plaats of naam in de onboardingflow configuratie? - ? - Kun je aangeven welke stappen je al hebt doorlopen of geprobeerd hebt om deze waardes op te halen? - Zoeken in de gegevensverzameling van de pagina."
ERP,"Mollie-bankafschrift verwerken lukt niet; foutmelding: ‘Deze factuur is in een andere, nog openstaande sessie afgeletterd door gebruiker 91121.admin’.","Probleembeschrijving: Het verwerken van het Mollie-bankafschrift van 15-09-2025 lukt niet. De boeking met omschrijving 19949 en een bedrag van € 685,35 kan ik niet afletteren op de factuur. Wanneer ik de factuur probeer te selecteren, verschijnt de melding: ‘Deze factuur is in een andere, nog openstaande sessie afgeletterd door gebruiker 91121.admin Aanvullende details: - Welke stappen doorloop je precies voordat je de foutmelding krijgt? - bankafschriften verwerken - Kun je meer context geven over wat je hebt gecontroleerd bij de factuurstatus? - factuur is verder niks mee gedaan - Speelt dit probleem bij meerdere gebruikers of alleen bij jouw account? - bij iedereen"
